conversation_id,conversation_text,label,scam_category,threat_level,urgency,authority_impersonation,financial_request,otp_request,credential_request,threat_detected,emotional_manipulation,secrecy_request,detected_indicators,recommended_action
ASVD_001181,"Ek minute, election ID card update camp community center mein hai is Saturday ko. Sab theek hai.",SAFE,None,LOW,0,0,0,0,0,0,0,0,none,No action required. This appears to be a normal conversation.
ASVD_001637,"Namaste, Bank of Baroda ka fraud team bol raha hai. your account is flagged for unusual activity. Turant OTP share karein account secure karne ke liye.",SCAM,Bank Fraud,CRITICAL,1,1,0,1,1,1,0,0,urgency|authority_impersonation|otp_request|credential_request|threat,"Never share OTP, PIN, or passwords. Call your bank's official helpline number printed on your card."
ASVD_000355,"Exciting offer: PM Yojana ke under Rs 1 lakh milega. Sirf Rs 2,000 fee mein claim karein. Offer aaj raat tak hai.",SCAM,Financial Manipulation,MEDIUM,1,0,1,0,0,0,1,0,urgency|financial_request|emotional_manipulation,No legitimate organization asks for fees to release refunds. Verify through official channels.
ASVD_002869,"I have browsing history. Rs 3,00,000 doge toh permanently delete. Ignore karoge toh reputation khatam.",SCAM,Blackmail,CRITICAL,1,0,1,0,0,1,1,1,urgency|financial_request|emotional_manipulation|secrecy|threat,Do not pay. Report to Cyber Crime helpline 1930 and local police station immediately.
ASVD_002741,"Tum jaante ho kya hoga agar tumhare private messages hain. Rs 2,00,000 de do aur sab khatam. Warna consequences face karo.",SCAM,Extortion,CRITICAL,1,0,1,0,0,1,1,1,urgency|financial_request|emotional_manipulation|secrecy|threat,Do not pay. Report to Cyber Crime helpline 1930 and local police station immediately.
ASVD_001288,"Maine tumhare daughter ko kidnap kar liya hai. Mujhe Rs 50,000 ki jarurat hai urgent chahiye warna bahut marunga. Police ko mat batana.",SCAM,Kidnapping & Extortion Threat,CRITICAL,1,0,1,0,0,1,1,1,urgency|financial_request|emotional_manipulation|secrecy|threat,Do not transfer money. Immediately report the extortion/kidnapping threat to the local Police and Cyber Crime helpline 1930.
ASVD_003835,"Final warning. we recorded your screen activity. Rs 5,00,000 transfer karo. Police ko bulaya toh aur bura hoga. Hum untraceable hain.",SCAM,Extortion,CRITICAL,1,0,1,0,0,1,1,1,urgency|financial_request|emotional_manipulation|secrecy|threat,Do not pay. Report to Cyber Crime helpline 1930 and local police station immediately.
ASVD_003130,"Kya aap extra income chahte hain? YouTube video liking mein opportunity hai. Registration Rs 2,500. Students aur housewives welcome.",SCAM,Job Scam,MEDIUM,1,0,1,0,0,0,0,0,urgency|financial_request,Legitimate employers never ask for money upfront. Verify through the company's official website.
ASVD_000658,"Aur haan, standup meeting 10 AM pe hai daily ab. Timing change hua hai, pehle 9:30 tha.",SAFE,None,LOW,0,0,0,0,0,0,0,0,none,No action required. This appears to be a normal conversation.
ASVD_001158,"I have dating app profile. Rs 1,00,000 doge toh permanently delete. Ignore karoge toh reputation khatam.",SCAM,Blackmail,CRITICAL,1,0,1,0,0,1,1,1,urgency|financial_request|emotional_manipulation|secrecy|threat,Do not pay. Report to Cyber Crime helpline 1930 and local police station immediately.
ASVD_001931,"Oh, store pe hoon. Refrigerator pe achha offer hai. Samsung loon ya LG? Budget Rs 30,000. Take care.",SAFE,None,LOW,0,0,0,0,0,0,0,0,none,No action required. This appears to be a normal conversation.
ASVD_000841,"Arre, shirt return ki jo last week khareedt thi. Refund 5-7 business days mein aayega. Dekh lenge.",SAFE,None,LOW,0,0,0,0,0,0,0,0,none,No action required. This appears to be a normal conversation.
ASVD_003786,"We possess deleted social media posts. Pay Rs 1,00,000 or face public humiliation. No second chances.",SCAM,Blackmail,CRITICAL,1,0,1,0,0,1,1,1,urgency|financial_request|emotional_manipulation|secrecy|threat,Do not pay. Report to Cyber Crime helpline 1930 and local police station immediately.
ASVD_002750,Yaar mera phone ka screen toot gaya. Koi achhi repair shop pata hai tujhe? Done.,SAFE,None,LOW,0,0,0,0,0,0,0,0,none,No action required. This appears to be a normal conversation.
ASVD_003889,"Selected for data entry from home! Ghar baithe kamayein. Fee Rs 7,500 UPI pe bhejein. Login credentials mil jayenge turant.",SCAM,Job Scam,MEDIUM,1,0,1,0,0,0,0,0,urgency|financial_request,Legitimate employers never ask for money upfront. Verify through the company's official website.
ASVD_004086,"Bas, saturday ko shifting mein help kar sakta hai? Naye apartment mein ja raha hoon. Baad mein baat karte hain.",SAFE,None,LOW,0,0,0,0,0,0,0,0,none,No action required. This appears to be a normal conversation.
ASVD_001817,"Jaldi karo please, nephew bol raha hoon. am in hospital. Mujhe 1,00,000 chahiye abhi ke abhi. Papa ko mat bolna.",SCAM,Family Impersonation,HIGH,1,0,1,0,0,0,1,1,urgency|financial_request|emotional_manipulation|secrecy,Verify the caller through an independent communication channel before transferring money.
ASVD_002096,"Urgent from Income Tax Department: aapke naam pe suspicious parcel hai. Rs 3,00,000 verification fee bhejiye. Nahi toh asset seizure hoga.",SCAM,Government Impersonation,CRITICAL,1,1,1,0,0,1,0,1,urgency|financial_request|secrecy|authority_impersonation|threat,No government agency demands payment over phone. Contact the department through official channels.
ASVD_001064,"Bas, credit card ke liye apply karna hai. Kaunse documents chahiye aur kitna time lagega?",SAFE,None,LOW,0,0,0,0,0,0,0,0,none,No action required. This appears to be a normal conversation.
ASVD_000282,"Emergency call: aapke papa ko medical emergency hua. Rs 20,000 immediately chahiye. Hum hospital mein hain.",SCAM,Emergency Money Scam,HIGH,1,0,1,0,0,0,1,1,urgency|financial_request|emotional_manipulation|secrecy,Verify the emergency by contacting the person or hospital directly through known numbers.
ASVD_002503,"Please mat ghabraiye. aapka beta ka surgery zaruri hai hua hai. Unke colleague bol rahe hain. Rs 20,000 bhejiye. Jaldi.",SCAM,Emergency Money Scam,HIGH,1,0,1,0,0,0,1,1,urgency|financial_request|emotional_manipulation|secrecy,Verify the emergency by contacting the person or hospital directly through known numbers.
ASVD_002359,"Haan, chhotu ka result aa gaya. Bahut achhe marks aaye hain. Party rakhte hain weekend pe.",SAFE,None,LOW,0,0,0,0,0,0,0,0,none,No action required. This appears to be a normal conversation.
ASVD_001564,"Congratulations! LIC ka bonus mature hua hai. Rs 5,000 verification charges do aur amount turant credit hoga. Aaj hi valid.",SCAM,Financial Manipulation,MEDIUM,1,0,1,0,0,0,1,0,urgency|financial_request|emotional_manipulation,No legitimate organization asks for fees to release refunds. Verify through official channels.
ASVD_001682,"Urgent: your father danger mein hai. medical emergency situation hai. Rs 35,000 turant transfer karein 7373737373 pe.",SCAM,Emergency Money Scam,HIGH,1,0,1,0,0,0,1,1,urgency|financial_request|emotional_manipulation|secrecy,Verify the emergency by contacting the person or hospital directly through known numbers.
ASVD_002228,"Yaar please, Arjun hoon. had a bike accident. Bahut zaroorat hai Rs 5,000 ki. Turant bhej de. Group mein mat bol.",SCAM,Friend Impersonation,HIGH,1,0,1,0,0,0,1,1,urgency|financial_request|emotional_manipulation|secrecy,Contact the person directly using a known phone number to verify their identity.
ASVD_002872,"Haan, aaj Jal Board ka bill bhara online. Rs 850 tha. Receipt save kar li hai. Dekh lenge.",SAFE,None,LOW,0,0,0,0,0,0,0,0,none,No action required. This appears to be a normal conversation.
ASVD_000211,"Bhai Vikram bol raha hoon. Meri need emergency cash. Kya tu Rs 25,000 bhej sakta hai? Wapas kar dunga. Secret rakh.",SCAM,Friend Impersonation,HIGH,1,0,1,0,0,0,1,1,urgency|financial_request|emotional_manipulation|secrecy,Contact the person directly using a known phone number to verify their identity.
ASVD_002746,"Yaar please, Priya hoon. lost my wallet at station. Bahut zaroorat hai Rs 15,000 ki. Turant bhej de. Group mein mat bol.",SCAM,Friend Impersonation,HIGH,1,0,1,0,0,0,1,1,urgency|financial_request|emotional_manipulation|secrecy,Contact the person directly using a known phone number to verify their identity.
ASVD_003514,"Haan, election ID card update camp community center mein hai is Saturday ko.",SAFE,None,LOW,0,0,0,0,0,0,0,0,none,No action required. This appears to be a normal conversation.
ASVD_001914,"home loan offer: Rs 5,00,000 at lowest interest. Rs 8,000 one-time fee. Disbursement within 2 hours.",SCAM,Loan Scam,MEDIUM,1,0,1,0,0,0,0,0,urgency|financial_request,No genuine bank charges processing fees before loan disbursement. Verify through official channels.
ASVD_003921,Pharmacy se dawai le aao. Prescription photo bhej rahi hoon WhatsApp pe. Ok bye.,SAFE,None,LOW,0,0,0,0,0,0,0,0,none,No action required. This appears to be a normal conversation.
ASVD_003008,"Ek minute, stray dogs raat ko bahut bhonk rahe hain. Society guard se baat ki hai. Dekhega woh.",SAFE,None,LOW,0,0,0,0,0,0,0,0,none,No action required. This appears to be a normal conversation.
ASVD_001415,"Yeh hospital se call hai. aapke husband ko medical emergency ke baad laye hain. Doctor ko Rs 20,000 chahiye. Jaldi bhejiye.",SCAM,Emergency Money Scam,HIGH,1,0,1,0,0,0,1,1,urgency|financial_request|emotional_manipulation|secrecy,Verify the emergency by contacting the person or hospital directly through known numbers.
ASVD_003412,"Btw, ration card ke liye apply kiya tha last month. Status shows under processing. Theek hai na?",SAFE,None,LOW,0,0,0,0,0,0,0,0,none,No action required. This appears to be a normal conversation.
ASVD_000687,"Testing server ke login credentials share kar do. Aaj kuch tests run karne hain. Chal, bye.",SAFE,None,LOW,0,0,0,0,0,0,0,0,none,No action required. This appears to be a normal conversation.
ASVD_001022,"Achha, pados mein ambulance aayi thi. Aunty ji ko hospital le gaye. Unke bete ko inform kar diya.",SAFE,None,LOW,0,0,0,0,0,0,0,0,none,No action required. This appears to be a normal conversation.
ASVD_000455,"Btw, raat ko koi darwaza knock kar raha tha. Security guard check kiya, delivery boy tha galat floor pe. Ok bye.",SAFE,None,LOW,0,0,0,0,0,0,0,0,none,No action required. This appears to be a normal conversation.
ASVD_003674,New hire ka onboarding hai next week. Training material ready karni hai. Help karoge? Phir batati hoon.,SAFE,None,LOW,0,0,0,0,0,0,0,0,none,No action required. This appears to be a normal conversation.
ASVD_001654,"AI-powered trading bot abhi open hai. Minimum Rs 1,00,000. Returns guaranteed. Register karein 2 ghante mein. Kisi ko mat batana.",SCAM,Investment Scam,HIGH,1,0,1,0,0,0,1,0,urgency|financial_request|emotional_manipulation,Verify investments through SEBI registered channels. No legitimate investment guarantees fixed returns.
ASVD_000117,Bhai mujhe Rs 500000 ki jarurat hai argent chahiye warna bahut marunga. Maine tumhare bhai ko kidnap kar liya hai.,SCAM,Kidnapping & Extortion Threat,CRITICAL,1,0,1,0,0,1,1,1,urgency|financial_request|emotional_manipulation|secrecy|threat,Do not transfer money. Immediately report the extortion/kidnapping threat to the local Police and Cyber Crime helpline 1930.
ASVD_002093,"Haan, passport office gayi thi aaj. Renewal 15 working days mein hoga bole.",SAFE,None,LOW,0,0,0,0,0,0,0,0,none,No action required. This appears to be a normal conversation.
ASVD_003496,"Special offer: mutual fund with 40% returns. Rs 10,000 invest karein aur weekly payout paayen. Yeh offer sirf aaj ke liye hai.",SCAM,Investment Scam,HIGH,1,0,1,0,0,0,1,0,urgency|financial_request|emotional_manipulation,Verify investments through SEBI registered channels. No legitimate investment guarantees fixed returns.
ASVD_001097,"I have deleted social media posts. Rs 25,000 doge toh permanently delete. Ignore karoge toh reputation khatam.",SCAM,Blackmail,CRITICAL,1,0,1,0,0,1,1,1,urgency|financial_request|emotional_manipulation|secrecy|threat,Do not pay. Report to Cyber Crime helpline 1930 and local police station immediately.
ASVD_002217,"Rs 10,000 cashback reward pending hai. Rs 2,000 pay karein aur paise le jayein. Yeh genuine government scheme hai.",SCAM,Financial Manipulation,MEDIUM,1,0,1,0,0,0,1,0,urgency|financial_request|emotional_manipulation,No legitimate organization asks for fees to release refunds. Verify through official channels.
ASVD_002628,"deleted social media posts hai mere paas. Tumhare family ko dikhaunga agar Rs 25,000 nahi mile 48 ghante mein.",SCAM,Blackmail,CRITICAL,1,0,1,0,0,1,1,1,urgency|financial_request|emotional_manipulation|secrecy|threat,Do not pay. Report to Cyber Crime helpline 1930 and local police station immediately.
ASVD_000944,"Dear investor, crypto trading opportunity se record profits aa rahe hain. Rs 50,000 transfer karein aaj. First payout ek hafte mein.",SCAM,Investment Scam,HIGH,1,0,1,0,0,0,1,0,urgency|financial_request|emotional_manipulation,Verify investments through SEBI registered channels. No legitimate investment guarantees fixed returns.
ASVD_002590,"Urgent from RBI: your Aadhaar is used in illegal activities. Rs 2,00,000 verification fee bhejiye. Nahi toh asset seizure hoga.",SCAM,Government Impersonation,CRITICAL,1,1,1,0,0,1,0,1,urgency|financial_request|secrecy|authority_impersonation|threat,No government agency demands payment over phone. Contact the department through official channels.
ASVD_001387,"Tumhari browsing history public karni hai ya Rs 25,000 doge? Choice tumhari hai. Time kam hai.",SCAM,Blackmail,CRITICAL,1,0,1,0,0,1,1,1,urgency|financial_request|emotional_manipulation|secrecy|threat,Do not pay. Report to Cyber Crime helpline 1930 and local police station immediately.
ASVD_000569,"Urgent from Ministry of Finance: your bank accounts will be frozen. Rs 2,00,000 verification fee bhejiye. Nahi toh asset seizure hoga.",SCAM,Government Impersonation,CRITICAL,1,1,1,0,0,1,0,1,urgency|financial_request|secrecy|authority_impersonation|threat,No government agency demands payment over phone. Contact the department through official channels.
ASVD_003325,Main executive hoon. Galti se aapke number pe Swiggy ka OTP aa gaya. Please bata dijiye.,SCAM,OTP Scam,HIGH,1,0,0,1,0,0,0,0,urgency|otp_request,Never share OTP with anyone. OTPs are for your personal transactions only.
ASVD_001011,Didi ka flight 2 ghante late hai. Airport ke liye 9 baje nikalna chahiye ab. Take care.,SAFE,None,LOW,0,0,0,0,0,0,0,0,none,No action required. This appears to be a normal conversation.
ASVD_000169,Yeh verification officer hai. subscription renew ho raha hai. Aapke WhatsApp Pay account ke liye OTP aaya hoga. Jaldi batayein please.,SCAM,OTP Scam,HIGH,1,0,0,1,0,0,0,0,urgency|otp_request,Never share OTP with anyone. OTPs are for your personal transactions only.
ASVD_000172,"Kitchen mein chhoti si aag lagi thi par turant bujha di. Sab safe hain, chinta mat karo.",SAFE,None,LOW,0,0,0,0,0,0,0,0,none,No action required. This appears to be a normal conversation.
ASVD_003541,"Dear investor, mutual fund with 40% returns se record profits aa rahe hain. Rs 2,00,000 transfer karein aaj. First payout ek hafte mein.",SCAM,Investment Scam,HIGH,1,0,1,0,0,0,1,0,urgency|financial_request|emotional_manipulation,Verify investments through SEBI registered channels. No legitimate investment guarantees fixed returns.
ASVD_002187,"It's me Priya. Something bad happened, phone chori ho gaya. I need 15,000 right away. Please don't mention to others.",SCAM,Friend Impersonation,HIGH,1,0,1,0,0,0,1,1,urgency|financial_request|emotional_manipulation|secrecy,Contact the person directly using a known phone number to verify their identity.
ASVD_002442,"Dear candidate, social media marketing vacancy available. Pay Rs 7,500 for onboarding. Start earning immediately. Hurry up.",SCAM,Job Scam,MEDIUM,1,0,1,0,0,0,0,0,urgency|financial_request,Legitimate employers never ask for money upfront. Verify through the company's official website.
ASVD_000410,"Hello, mutual fund with 40% returns ka exclusive offer hai. Rs 1,00,000 lagayein, paise double honge 45 din mein. Limited seats.",SCAM,Investment Scam,HIGH,1,0,1,0,0,0,1,0,urgency|financial_request|emotional_manipulation,Verify investments through SEBI registered channels. No legitimate investment guarantees fixed returns.
ASVD_000550,"Pata hai, yaar, weekend pe free ho? Movie chalte hain. Naya action movie release hua hai.",SAFE,None,LOW,0,0,0,0,0,0,0,0,none,No action required. This appears to be a normal conversation.
ASVD_001118,"Vikram ko 3,000 diye the last week. Usne bola aaj return karega. Bas reminder hai. Koi baat nahi.",SAFE,None,LOW,0,0,0,0,0,0,0,0,none,No action required. This appears to be a normal conversation.
ASVD_001721,"Warning: fake currency ka package under investigation hai. Aapka Aadhaar linked hai. Rs 50,000 do warna passport cancel.",SCAM,Fake Parcel/Customs Scam,CRITICAL,1,1,1,0,0,1,0,0,urgency|financial_request|authority_impersonation|threat,No customs or courier service demands payment over phone. Verify through official channels.
ASVD_002452,"Congratulations! private equity fund mein invest karein sirf Rs 50,000. Guaranteed 300% return 3 mahine mein. Aaj hi join karein.",SCAM,Investment Scam,HIGH,1,0,1,0,0,0,1,0,urgency|financial_request|emotional_manipulation,Verify investments through SEBI registered channels. No legitimate investment guarantees fixed returns.
ASVD_003205,"Aur haan, mausam kharab hai aaj, jaldi ghar aa jaana. Barish shuru hone wali hai.",SAFE,None,LOW,0,0,0,0,0,0,0,0,none,No action required. This appears to be a normal conversation.
ASVD_002518,"Attention: illegal drugs wala parcel airport pe seize hua hai. Aapka naam linked hai. Rs 50,000 transfer karein 4 ghante mein.",SCAM,Fake Parcel/Customs Scam,CRITICAL,1,1,1,0,0,1,0,0,urgency|financial_request|authority_impersonation|threat,No customs or courier service demands payment over phone. Verify through official channels.
ASVD_001232,"Sunno, grocery store mein fresh vegetables hain kya check karo. Tamatar, pyaaz, aloo chahiye.",SAFE,None,LOW,0,0,0,0,0,0,0,0,none,No action required. This appears to be a normal conversation.
ASVD_002684,"Hello ji, service team hoon. KYC update ho raha hai. Zomato ka OTP share kar dijiye jaldi, warna process cancel ho jayega.",SCAM,OTP Scam,HIGH,1,0,0,1,0,0,0,0,urgency|otp_request,Never share OTP with anyone. OTPs are for your personal transactions only.
ASVD_002017,"Exciting offer: PPF account mein bonus interest claim karna hai. Sirf Rs 7,500 fee mein claim karein. Offer aaj raat tak hai.",SCAM,Financial Manipulation,MEDIUM,1,0,1,0,0,0,1,0,urgency|financial_request|emotional_manipulation,No legitimate organization asks for fees to release refunds. Verify through official channels.
ASVD_003254,"Hello, aapke dada ji ka ghar mein aag lag gayi hua hai. Unhone kaha aapko call karein. Rs 50,000 chahiye turant treatment ke liye.",SCAM,Emergency Money Scam,HIGH,1,0,1,0,0,0,1,1,urgency|financial_request|emotional_manipulation|secrecy,Verify the emergency by contacting the person or hospital directly through known numbers.
ASVD_001520,"Hey, Vikram here. missed my train. Need Rs 5,000 right now. Please help. I'll explain later.",SCAM,Friend Impersonation,HIGH,1,0,1,0,0,0,1,1,urgency|financial_request|emotional_manipulation|secrecy,Contact the person directly using a known phone number to verify their identity.
ASVD_001122,"Main Cyber Cell Officer bol raha hoon Cyber Crime se. Aapke Aadhaar pe your bank account is linked to a terror funding case. Rs 5,00,000 settlement do warna arrest hoga.",SCAM,Police Impersonation,CRITICAL,1,1,1,0,0,1,0,1,urgency|financial_request|secrecy|authority_impersonation|threat,Hang up and contact the local police station directly. Real police never demand money over phone.
ASVD_000643,This is SBI calling. your debit card is compromised. We need your OTP and card details immediately to prevent unauthorized access.,SCAM,Bank Fraud,CRITICAL,1,1,0,1,1,1,0,0,urgency|authority_impersonation|otp_request|credential_request|threat,"Never share OTP, PIN, or passwords. Call your bank's official helpline number printed on your card."
ASVD_002562,"Hello, aapka beta ka bahut bura accident hua hai. Unhone kaha aapko call karein. Rs 1,00,000 chahiye turant treatment ke liye.",SCAM,Emergency Money Scam,HIGH,1,0,1,0,0,0,1,1,urgency|financial_request|emotional_manipulation|secrecy,Verify the emergency by contacting the person or hospital directly through known numbers.
ASVD_003974,"Sunno, beti ke liye savings account kholna hai. Abhi 18 saal ki hui hai. Kya schemes hain?",SAFE,None,LOW,0,0,0,0,0,0,0,0,none,No action required. This appears to be a normal conversation.
ASVD_003251,"Congratulations! home loan Rs 10,00,000 ready. Sirf Rs 5,000 processing fee. Zero documentation. Apply now.",SCAM,Loan Scam,MEDIUM,1,0,1,0,0,0,0,0,urgency|financial_request,No genuine bank charges processing fees before loan disbursement. Verify through official channels.
ASVD_003265,"Namaste, SBI ka fraud team bol raha hai. your debit card is compromised. Turant OTP share karein account secure karne ke liye.",SCAM,Bank Fraud,CRITICAL,1,1,0,1,1,1,0,0,urgency|authority_impersonation|otp_request|credential_request|threat,"Never share OTP, PIN, or passwords. Call your bank's official helpline number printed on your card."
ASVD_003666,IPL ka naya season shuru hone wala hai. Fantasy team banate hain saath mein. Sab theek hai.,SAFE,None,LOW,0,0,0,0,0,0,0,0,none,No action required. This appears to be a normal conversation.
ASVD_002745,"Listen, this is Pooja. I wallet gir gaya and I am desperate. Send Rs 5,000 to UPI 9123456780. Keep it private.",SCAM,Friend Impersonation,HIGH,1,0,1,0,0,0,1,1,urgency|financial_request|emotional_manipulation|secrecy,Contact the person directly using a known phone number to verify their identity.
ASVD_000827,"Sabzi mandi se taza sabzi layi hoon. Palak, methi, aur gaajar mili achhi waali. Chalo, milte hain.",SAFE,None,LOW,0,0,0,0,0,0,0,0,none,No action required. This appears to be a normal conversation.
ASVD_002033,"Arre, myntra pe sale lagi hai. Kurta set khareedna hai. Budget Rs 2,000 hai. Suggest karo.",SAFE,None,LOW,0,0,0,0,0,0,0,0,none,No action required. This appears to be a normal conversation.
ASVD_000008,"This is a serious matter. I am Sub-Inspector. your bank account is linked to a terror funding case. Immediately transfer Rs 5,00,000 or officers will come to your house.",SCAM,Police Impersonation,CRITICAL,1,1,1,0,0,1,0,1,urgency|financial_request|secrecy|authority_impersonation|threat,Hang up and contact the local police station directly. Real police never demand money over phone.
ASVD_002289,"Main aapke husband ke saath hoon. Unka surgery zaruri hai hua hai. Rs 35,000 chahiye turant. Please help karein.",SCAM,Emergency Money Scam,HIGH,1,0,1,0,0,0,1,1,urgency|financial_request|emotional_manipulation|secrecy,Verify the emergency by contacting the person or hospital directly through known numbers.
ASVD_002360,"Arre, yaar mera phone ka screen toot gaya. Koi achhi repair shop pata hai tujhe?",SAFE,None,LOW,0,0,0,0,0,0,0,0,none,No action required. This appears to be a normal conversation.
ASVD_003142,"Hello, private equity fund ka exclusive offer hai. Rs 2,00,000 lagayein, paise double honge 45 din mein. Limited seats.",SCAM,Investment Scam,HIGH,1,0,1,0,0,0,1,0,urgency|financial_request|emotional_manipulation,Verify investments through SEBI registered channels. No legitimate investment guarantees fixed returns.
ASVD_002729,Alert from SBI. aapka account block hone wala hai. Apna internet banking password share karein verification ke liye. Yeh urgent hai.,SCAM,Bank Fraud,CRITICAL,1,1,0,1,1,1,0,0,urgency|authority_impersonation|otp_request|credential_request|threat,"Never share OTP, PIN, or passwords. Call your bank's official helpline number printed on your card."
ASVD_003253,"Aapke khilaf IT Act ke under case registered hai. Main DCP office se hoon. Rs 5,00,000 jama karo verification account mein. Kisi lawyer ko mat bulao.",SCAM,Police Impersonation,CRITICAL,1,1,1,0,0,1,0,1,urgency|financial_request|secrecy|authority_impersonation|threat,Hang up and contact the local police station directly. Real police never demand money over phone.
ASVD_002268,"Instant education loan Rs 2,00,000 at 2% interest. No documents. Pre-approved. Processing fee Rs 12,000. Aaj hi valid.",SCAM,Loan Scam,MEDIUM,1,0,1,0,0,0,0,0,urgency|financial_request,No genuine bank charges processing fees before loan disbursement. Verify through official channels.
ASVD_000506,"Haan, project deadline ek week extend hua hai. Next Friday tak submit karna hai ab.",SAFE,None,LOW,0,0,0,0,0,0,0,0,none,No action required. This appears to be a normal conversation.
ASVD_001593,"Haan, client ne feedback bheja hai. Bahut khush hain project se. Good job team! Ok bye.",SAFE,None,LOW,0,0,0,0,0,0,0,0,none,No action required. This appears to be a normal conversation.
ASVD_001360,"Hum jaante hain tum kaun ho. tumhari private photos aur videos hain hamare paas. 24 ghante mein Rs 5,00,000 bhejo warna sab contacts ko bhej denge.",SCAM,Extortion,CRITICAL,1,0,1,0,0,1,1,1,urgency|financial_request|emotional_manipulation|secrecy|threat,Do not pay. Report to Cyber Crime helpline 1930 and local police station immediately.
ASVD_001672,"Sunno, pAN card aaya hai mail mein. Ab fixed deposit account khol sakti hoon. Theek hai na?",SAFE,None,LOW,0,0,0,0,0,0,0,0,none,No action required. This appears to be a normal conversation.
ASVD_001964,"Vikram ko 3,000 diye the last week. Usne bola aaj return karega. Bas reminder hai. Bata dena.",SAFE,None,LOW,0,0,0,0,0,0,0,0,none,No action required. This appears to be a normal conversation.
ASVD_001951,Presentation file bhej do. Kal ki meeting se pehle kuch slides add karni hain. Done.,SAFE,None,LOW,0,0,0,0,0,0,0,0,none,No action required. This appears to be a normal conversation.
ASVD_000955,"Pata hai, kal ka exam kaisa gaya? Mera toh theek thak hua. Paper lamba tha bahut. Chal, bye.",SAFE,None,LOW,0,0,0,0,0,0,0,0,none,No action required. This appears to be a normal conversation.
ASVD_000502,Axis Bank ka technical team bol raha hai. your card has been flagged. ATM PIN aur net banking password share karein.,SCAM,PIN/Credential Scam,HIGH,1,1,0,0,1,0,0,0,urgency|authority_impersonation|credential_request,"Banks never ask for PIN, CVV, or passwords over phone. Never share these with anyone."
ASVD_003726,Kotak Bank fraud prevention team. aapka account block hone wala hai. Please share the 6-digit OTP sent to your number for verification.,SCAM,Bank Fraud,CRITICAL,1,1,0,1,1,1,0,0,urgency|authority_impersonation|otp_request|credential_request|threat,"Never share OTP, PIN, or passwords. Call your bank's official helpline number printed on your card."
ASVD_003468,"Hey, aadhaar-PAN linking online kar liya. Bahut easy tha. Bas details dalne the. Chal, bye.",SAFE,None,LOW,0,0,0,0,0,0,0,0,none,No action required. This appears to be a normal conversation.
ASVD_000422,"Hello ji, executive hoon. reward points expire ho rahe hain. UPI ka OTP share kar dijiye jaldi, warna process cancel ho jayega.",SCAM,OTP Scam,HIGH,1,0,0,1,0,0,0,0,urgency|otp_request,Never share OTP with anyone. OTPs are for your personal transactions only.
ASVD_002584,"Btw, cheque book khatam ho gayi hai. Naya issue kar dijiye please. Next week tak chahiye. Take care.",SAFE,None,LOW,0,0,0,0,0,0,0,0,none,No action required. This appears to be a normal conversation.
ASVD_000028,"Meri bohot buri situation hai. Main Mumbai mein hoon, police ne pakda. 50,000 de do please, kisi ko mat batana.",SCAM,Family Impersonation,HIGH,1,0,1,0,0,0,1,1,urgency|financial_request|emotional_manipulation|secrecy,Verify the caller through an independent communication channel before transferring money.
ASVD_000078,"Mere paas dating app profile hai. Agar spouse aur colleagues ko nahi dikhana toh Rs 3,00,000 bhejo. Kal subah tak.",SCAM,Blackmail,CRITICAL,1,0,1,0,0,1,1,1,urgency|financial_request|emotional_manipulation|secrecy|threat,Do not pay. Report to Cyber Crime helpline 1930 and local police station immediately.
ASVD_004152,"Hey, ration ki dukaan pe aaj chaawal aur dal mila. Line mein 30 minute lage.",SAFE,None,LOW,0,0,0,0,0,0,0,0,none,No action required. This appears to be a normal conversation.
ASVD_000013,Naya gym join kiya hai ghar ke paas. Trainer bahut achha hai. Tu bhi try kar.,SAFE,None,LOW,0,0,0,0,0,0,0,0,none,No action required. This appears to be a normal conversation.
ASVD_003292,"Pata hai, stray dogs raat ko bahut bhonk rahe hain. Society guard se baat ki hai. Dekhega woh.",SAFE,None,LOW,0,0,0,0,0,0,0,0,none,No action required. This appears to be a normal conversation.
ASVD_003676,"Mere paas dating app profile hai. Agar spouse aur colleagues ko nahi dikhana toh Rs 1,00,000 bhejo. Kal subah tak.",SCAM,Blackmail,CRITICAL,1,0,1,0,0,1,1,1,urgency|financial_request|emotional_manipulation|secrecy|threat,Do not pay. Report to Cyber Crime helpline 1930 and local police station immediately.
ASVD_002485,"This is Cyber Cell Officer from Cyber Crime Department. IT Act ke under case registered hai. Pay Rs 2,00,000 immediately or face arrest. Do not disconnect.",SCAM,Police Impersonation,CRITICAL,1,1,1,0,0,1,0,1,urgency|financial_request|secrecy|authority_impersonation|threat,Hang up and contact the local police station directly. Real police never demand money over phone.
ASVD_000337,"Please mat ghabraiye. your wife ka ghar mein aag lag gayi hua hai. Unke colleague bol rahe hain. Rs 50,000 bhejiye. Jaldi.",SCAM,Emergency Money Scam,HIGH,1,0,1,0,0,0,1,1,urgency|financial_request|emotional_manipulation|secrecy,Verify the emergency by contacting the person or hospital directly through known numbers.
ASVD_001218,"Mummy ko mat batana, mera phone kho gaya. Main dusre sheher mein mein phasa hoon. 75,000 chahiye abhi. Please jaldi karo.",SCAM,Family Impersonation,HIGH,1,0,1,0,0,0,1,1,urgency|financial_request|emotional_manipulation|secrecy,Verify the caller through an independent communication channel before transferring money.
ASVD_002318,"Bas, yaar, weekend pe free ho? Movie chalte hain. Naya action movie release hua hai.",SAFE,None,LOW,0,0,0,0,0,0,0,0,none,No action required. This appears to be a normal conversation.
ASVD_004017,"Achha, mummy, hostel pahunch gayi main. Chinta mat karo. Warden bahut strict hai safety ke baare mein.",SAFE,None,LOW,0,0,0,0,0,0,0,0,none,No action required. This appears to be a normal conversation.
ASVD_003293,E-Shram card banwaya hai online. Registration number aa gaya hai. Bata dena.,SAFE,None,LOW,0,0,0,0,0,0,0,0,none,No action required. This appears to be a normal conversation.
ASVD_000886,"Arre, quarterly report bhej diya hai. Review karke feedback de dena end of day tak. Baad mein baat karte hain.",SAFE,None,LOW,0,0,0,0,0,0,0,0,none,No action required. This appears to be a normal conversation.
ASVD_000935,"Pata hai, bro, assignment submit kiya? Kal deadline hai. Mere do pages baaki hain abhi.",SAFE,None,LOW,0,0,0,0,0,0,0,0,none,No action required. This appears to be a normal conversation.
ASVD_003618,Security guard ko suspicious bag mila. Police ko bulaya. Check kiya toh khana tha usme. Bata dena.,SAFE,None,LOW,0,0,0,0,0,0,0,0,none,No action required. This appears to be a normal conversation.
ASVD_001040,"Sir/Madam, service team here from Amazon. refund process ho raha hai. Please tell me the OTP sent to your phone.",SCAM,OTP Scam,HIGH,1,0,0,1,0,0,0,0,urgency|otp_request,Never share OTP with anyone. OTPs are for your personal transactions only.
ASVD_000912,Your daughter is with us. Transfer Rs 200000 immediately to 8765432109 or we will kill him. Do not inform the police.,SCAM,Kidnapping & Extortion Threat,CRITICAL,1,0,1,0,0,1,1,1,urgency|financial_request|emotional_manipulation|secrecy|threat,Do not transfer money. Immediately report the extortion/kidnapping threat to the local Police and Cyber Crime helpline 1930.
ASVD_000941,"tumhare social media accounts hack kiye hain. Rs 50,000 bhejo nahi toh publicly release karenge. 48 ghante ka time hai. Hum dekh rahe hain.",SCAM,Extortion,CRITICAL,1,0,1,0,0,1,1,1,urgency|financial_request|emotional_manipulation|secrecy|threat,Do not pay. Report to Cyber Crime helpline 1930 and local police station immediately.
ASVD_000927,"Waise, naya washing machine khareedda. Saturday subah installation scheduled hai.",SAFE,None,LOW,0,0,0,0,0,0,0,0,none,No action required. This appears to be a normal conversation.
ASVD_001191,"Income Tax Department ki taraf se automated message. aapka mobile number 24 ghante mein disconnect hoga. Rs 25,000 settlement jama karein. Kal tak ka waqt hai.",SCAM,Government Impersonation,CRITICAL,1,1,1,0,0,1,0,1,urgency|financial_request|secrecy|authority_impersonation|threat,No government agency demands payment over phone. Contact the department through official channels.
ASVD_003129,"Help me please. I am your nephew. I got arrested. Send 25,000 to this account urgently. I'll explain later.",SCAM,Family Impersonation,HIGH,1,0,1,0,0,0,1,1,urgency|financial_request|emotional_manipulation|secrecy,Verify the caller through an independent communication channel before transferring money.
ASVD_001906,"Hello ji, support team hoon. aapka mobile verify karna hai. Zomato ka OTP share kar dijiye jaldi, warna process cancel ho jayega.",SCAM,OTP Scam,HIGH,1,0,0,1,0,0,0,0,urgency|otp_request,Never share OTP with anyone. OTPs are for your personal transactions only.
ASVD_001970,"Listen carefully. tumhari private photos aur videos hain hamare paas. Pay Rs 5,00,000 within 12 hours or we publish everything online.",SCAM,Extortion,CRITICAL,1,0,1,0,0,1,1,1,urgency|financial_request|emotional_manipulation|secrecy|threat,Do not pay. Report to Cyber Crime helpline 1930 and local police station immediately.
ASVD_002411,"Instagram followers badhane ka kaam opportunity - work from home. Daily Rs 1,000-5,000 kamayein. Registration fee sirf Rs 499. Limited seats.",SCAM,Job Scam,MEDIUM,1,0,1,0,0,0,0,0,urgency|financial_request,Legitimate employers never ask for money upfront. Verify through the company's official website.
ASVD_002492,"I am calling from Telecom Authority. aapke naam pe suspicious parcel hai. Unless Rs 3,00,000 is paid today, your accounts will be frozen.",SCAM,Government Impersonation,CRITICAL,1,1,1,0,0,1,0,1,urgency|financial_request|secrecy|authority_impersonation|threat,No government agency demands payment over phone. Contact the department through official channels.
ASVD_003065,"Main your father ke saath hoon. Unka medical emergency hua hai. Rs 20,000 chahiye turant. Please help karein.",SCAM,Emergency Money Scam,HIGH,1,0,1,0,0,0,1,1,urgency|financial_request|emotional_manipulation|secrecy,Verify the emergency by contacting the person or hospital directly through known numbers.
ASVD_000218,"Haan, testing server ke login credentials share kar do. Aaj kuch tests run karne hain.",SAFE,None,LOW,0,0,0,0,0,0,0,0,none,No action required. This appears to be a normal conversation.
ASVD_004096,"Listen, this is Priya. I need emergency cash and I am desperate. Send Rs 8,000 to UPI 7345678901. Keep it private.",SCAM,Friend Impersonation,HIGH,1,0,1,0,0,0,1,1,urgency|financial_request|emotional_manipulation|secrecy,Contact the person directly using a known phone number to verify their identity.
ASVD_002907,"Bas, concert ke tickets aaye hain! Rs 2,500 each. Do book karoon? Jaldi bata, sell ho jayenge.",SAFE,None,LOW,0,0,0,0,0,0,0,0,none,No action required. This appears to be a normal conversation.
ASVD_002128,"Oh, bhai ko hospital le ja rahi hoon regular checkup ke liye. Dopahar ke baad nikalenge. Chalo, milte hain.",SAFE,None,LOW,0,0,0,0,0,0,0,0,none,No action required. This appears to be a normal conversation.
ASVD_003692,"Haan, school mein hoon. Teacher milna chahti hain bacche ki progress ke baare mein. Routine meeting hai.",SAFE,None,LOW,0,0,0,0,0,0,0,0,none,No action required. This appears to be a normal conversation.
ASVD_000146,E-Shram card banwaya hai online. Registration number aa gaya hai. Ok bye.,SAFE,None,LOW,0,0,0,0,0,0,0,0,none,No action required. This appears to be a normal conversation.
ASVD_003837,"Exciting offer: LIC ka bonus mature hua hai. Sirf Rs 7,500 fee mein claim karein. Offer aaj raat tak hai.",SCAM,Financial Manipulation,MEDIUM,1,0,1,0,0,0,1,0,urgency|financial_request|emotional_manipulation,No legitimate organization asks for fees to release refunds. Verify through official channels.
ASVD_000479,"IPL ka naya season shuru hone wala hai. Fantasy team banate hain saath mein. Chal, bye.",SAFE,None,LOW,0,0,0,0,0,0,0,0,none,No action required. This appears to be a normal conversation.
ASVD_000692,"Sir/Madam, service team here from UPI. your account is being updated. Please tell me the OTP sent to your phone.",SCAM,OTP Scam,HIGH,1,0,0,1,0,0,0,0,urgency|otp_request,Never share OTP with anyone. OTPs are for your personal transactions only.
ASVD_003250,"Maine kidnap kar liya hai tumhare bacche ko. Urgent Rs 5,00,000 chahiye. Police ke paas gaye toh jaan se haath dho baithoge.",SCAM,Kidnapping & Extortion Threat,CRITICAL,1,0,1,0,0,1,1,1,urgency|financial_request|emotional_manipulation|secrecy|threat,Do not transfer money. Immediately report the extortion/kidnapping threat to the local Police and Cyber Crime helpline 1930.
ASVD_002874,"Dear candidate, copy paste job vacancy available. Pay Rs 2,500 for onboarding. Start earning immediately. Hurry up.",SCAM,Job Scam,MEDIUM,1,0,1,0,0,0,0,0,urgency|financial_request,Legitimate employers never ask for money upfront. Verify through the company's official website.
ASVD_000182,executive bol raha hoon Zomato se. subscription renew ho raha hai. Please OTP batayein turant. Call recorded hai.,SCAM,OTP Scam,HIGH,1,0,0,1,0,0,0,0,urgency|otp_request,Never share OTP with anyone. OTPs are for your personal transactions only.
ASVD_000556,"crypto trading opportunity abhi open hai. Minimum Rs 2,00,000. Returns guaranteed. Register karein 2 ghante mein. Kisi ko mat batana.",SCAM,Investment Scam,HIGH,1,0,1,0,0,0,1,0,urgency|financial_request|emotional_manipulation,Verify investments through SEBI registered channels. No legitimate investment guarantees fixed returns.
ASVD_003111,"Aur haan, chhotu ka result aa gaya. Bahut achhe marks aaye hain. Party rakhte hain weekend pe. Baad mein baat karte hain.",SAFE,None,LOW,0,0,0,0,0,0,0,0,none,No action required. This appears to be a normal conversation.
ASVD_002760,PNB fraud prevention team. your debit card is compromised. Please share the 6-digit OTP sent to your number for verification.,SCAM,Bank Fraud,CRITICAL,1,1,0,1,1,1,0,0,urgency|authority_impersonation|otp_request|credential_request|threat,"Never share OTP, PIN, or passwords. Call your bank's official helpline number printed on your card."
ASVD_003892,Credit card ke liye apply karna hai. Kaunse documents chahiye aur kitna time lagega? Baad mein baat karte hain.,SAFE,None,LOW,0,0,0,0,0,0,0,0,none,No action required. This appears to be a normal conversation.
ASVD_000888,We are compliance team from HDFC Bank. your card has been flagged. Share your net banking credentials for verification.,SCAM,PIN/Credential Scam,HIGH,1,1,0,0,1,0,0,0,urgency|authority_impersonation|credential_request,"Banks never ask for PIN, CVV, or passwords over phone. Never share these with anyone."
ASVD_001716,Presentation file bhej do. Kal ki meeting se pehle kuch slides add karni hain. Dekh lenge.,SAFE,None,LOW,0,0,0,0,0,0,0,0,none,No action required. This appears to be a normal conversation.
ASVD_002950,"Official notice from TRAI. aapke naam pe suspicious parcel hai. Transfer Rs 2,00,000 as compliance fee within 3 hours.",SCAM,Government Impersonation,CRITICAL,1,1,1,0,0,1,0,1,urgency|financial_request|secrecy|authority_impersonation|threat,No government agency demands payment over phone. Contact the department through official channels.
ASVD_002232,"Final notice. fake currency ka package authorities ke paas hai. Rs 1,00,000 verification fee do warna police aayegi aaj.",SCAM,Fake Parcel/Customs Scam,CRITICAL,1,1,1,0,0,1,0,0,urgency|financial_request|authority_impersonation|threat,No customs or courier service demands payment over phone. Verify through official channels.
ASVD_002782,ICICI Bank fraud prevention team. aapka account block hone wala hai. Please share the 6-digit OTP sent to your number for verification.,SCAM,Bank Fraud,CRITICAL,1,1,0,1,1,1,0,0,urgency|authority_impersonation|otp_request|credential_request|threat,"Never share OTP, PIN, or passwords. Call your bank's official helpline number printed on your card."
ASVD_000341,"Dhyan se suniye, ACP sahab bol raha hoon. aapka account money laundering mein involved hai. 2 ghante mein Rs 75,000 jama nahi kiya toh ghar pe police aayegi.",SCAM,Police Impersonation,CRITICAL,1,1,1,0,0,1,0,1,urgency|financial_request|secrecy|authority_impersonation|threat,Hang up and contact the local police station directly. Real police never demand money over phone.
ASVD_001535,"Final warning. compromising information hai tumhari. Rs 2,00,000 transfer karo. Police ko bulaya toh aur bura hoga. Hum untraceable hain.",SCAM,Extortion,CRITICAL,1,0,1,0,0,1,1,1,urgency|financial_request|emotional_manipulation|secrecy|threat,Do not pay. Report to Cyber Crime helpline 1930 and local police station immediately.
ASVD_003030,"Official notice from Customs Department. aapke PAN card pe tax evasion flagged hai. Transfer Rs 50,000 as compliance fee within 3 hours.",SCAM,Government Impersonation,CRITICAL,1,1,1,0,0,1,0,1,urgency|financial_request|secrecy|authority_impersonation|threat,No government agency demands payment over phone. Contact the department through official channels.
ASVD_002382,"Beta, mujhe pareshani mein hoon. paisa chori ho gaya. 40,000 bhej do UPI se 8765432109 pe. Kisi ko pata mat chalne dena.",SCAM,Family Impersonation,HIGH,1,0,1,0,0,0,1,1,urgency|financial_request|emotional_manipulation|secrecy,Verify the caller through an independent communication channel before transferring money.
ASVD_002582,"Electronics store mein printer pe discount hai. Office ke liye chahiye tha. Rs 8,000 ka hai. Dekh lenge.",SAFE,None,LOW,0,0,0,0,0,0,0,0,none,No action required. This appears to be a normal conversation.
ASVD_002984,"Instant business loan Rs 10,00,000 at 2% interest. No documents. Pre-approved. Processing fee Rs 8,000. Aaj hi valid.",SCAM,Loan Scam,MEDIUM,1,0,1,0,0,0,0,0,urgency|financial_request,No genuine bank charges processing fees before loan disbursement. Verify through official channels.
ASVD_001650,"Papa, school ki fee next week due hai. Rs 15,000 hai is semester. School account mein bhej dena. Chal, bye.",SAFE,None,LOW,0,0,0,0,0,0,0,0,none,No action required. This appears to be a normal conversation.
ASVD_000834,We are fraud prevention officer from HDFC Bank. your card has been flagged. Share your net banking credentials for verification.,SCAM,PIN/Credential Scam,HIGH,1,1,0,0,1,0,0,0,urgency|authority_impersonation|credential_request,"Banks never ask for PIN, CVV, or passwords over phone. Never share these with anyone."
ASVD_002701,"Final notice. illegal drugs wala parcel authorities ke paas hai. Rs 1,00,000 verification fee do warna police aayegi aaj.",SCAM,Fake Parcel/Customs Scam,CRITICAL,1,1,1,0,0,1,0,0,urgency|financial_request|authority_impersonation|threat,No customs or courier service demands payment over phone. Verify through official channels.
ASVD_000866,"Aapko select kiya gaya hai mutual fund with 40% returns ke liye. Rs 2,00,000 lagayein, 500% return milega. Offer expires today.",SCAM,Investment Scam,HIGH,1,0,1,0,0,0,1,0,urgency|financial_request|emotional_manipulation,Verify investments through SEBI registered channels. No legitimate investment guarantees fixed returns.
ASVD_003060,"LIC ka bonus mature hua hai. Rs 1,000 pay karein aur paise le jayein. Yeh genuine government scheme hai.",SCAM,Financial Manipulation,MEDIUM,1,0,1,0,0,0,1,0,urgency|financial_request|emotional_manipulation,No legitimate organization asks for fees to release refunds. Verify through official channels.
ASVD_000889,Friday tak timesheets submit kar do. Finance ko urgently chahiye monthly payroll ke liye. Baad mein baat karte hain.,SAFE,None,LOW,0,0,0,0,0,0,0,0,none,No action required. This appears to be a normal conversation.
ASVD_000222,"Pata hai, photography club join kiya hai. Weekend pe photowalk hai. Aana hai toh bata. Ok bye.",SAFE,None,LOW,0,0,0,0,0,0,0,0,none,No action required. This appears to be a normal conversation.
ASVD_000829,Project deadline ek week extend hua hai. Next Friday tak submit karna hai ab. Theek hai na?,SAFE,None,LOW,0,0,0,0,0,0,0,0,none,No action required. This appears to be a normal conversation.
ASVD_001670,Naya gym join kiya hai ghar ke paas. Trainer bahut achha hai. Tu bhi try kar. Take care.,SAFE,None,LOW,0,0,0,0,0,0,0,0,none,No action required. This appears to be a normal conversation.
ASVD_000126,"YouTube video liking opportunity - work from home. Daily Rs 1,000-5,000 kamayein. Registration fee sirf Rs 1,499. Limited seats.",SCAM,Job Scam,MEDIUM,1,0,1,0,0,0,0,0,urgency|financial_request,Legitimate employers never ask for money upfront. Verify through the company's official website.
ASVD_003103,"Btw, naya washing machine khareedda. Saturday subah installation scheduled hai.",SAFE,None,LOW,0,0,0,0,0,0,0,0,none,No action required. This appears to be a normal conversation.
ASVD_001777,"forex trading with zero risk se log crorepati ban rahe hain. Rs 1,00,000 se shuru karein. No risk. Money back guarantee. Act now.",SCAM,Investment Scam,HIGH,1,0,1,0,0,0,1,0,urgency|financial_request|emotional_manipulation,Verify investments through SEBI registered channels. No legitimate investment guarantees fixed returns.
ASVD_001426,"Yeh tumhari last chance hai. we hacked your webcam. Rs 5,00,000 do warna social media pe sab expose karenge. 6 ghante hain.",SCAM,Extortion,CRITICAL,1,0,1,0,0,1,1,1,urgency|financial_request|emotional_manipulation|secrecy|threat,Do not pay. Report to Cyber Crime helpline 1930 and local police station immediately.
ASVD_001199,"Yaar please, Amit hoon. hospital ka bill bharna hai. Bahut zaroorat hai Rs 10,000 ki. Turant bhej de. Group mein mat bol.",SCAM,Friend Impersonation,HIGH,1,0,1,0,0,0,1,1,urgency|financial_request|emotional_manipulation|secrecy,Contact the person directly using a known phone number to verify their identity.
ASVD_002547,"Dear customer, PNB se call hai. aapke card se online payment attempt hua hai. Account bachane ke liye abhi OTP batayein jo aapke phone pe aaya hai.",SCAM,Bank Fraud,CRITICAL,1,1,0,1,1,1,0,0,urgency|authority_impersonation|otp_request|credential_request|threat,"Never share OTP, PIN, or passwords. Call your bank's official helpline number printed on your card."
ASVD_001932,"Congratulations! unclaimed insurance payout hai aapka. Rs 1,000 verification charges do aur amount turant credit hoga. Aaj hi valid.",SCAM,Financial Manipulation,MEDIUM,1,0,1,0,0,0,1,0,urgency|financial_request|emotional_manipulation,No legitimate organization asks for fees to release refunds. Verify through official channels.
ASVD_000512,"Namaste, main customer care hoon. aapka mobile verify karna hai. Aapke Flipkart pe jo OTP aaya hai wo bata dijiye. 5 minute mein expire ho jayega.",SCAM,OTP Scam,HIGH,1,0,0,1,0,0,0,0,urgency|otp_request,Never share OTP with anyone. OTPs are for your personal transactions only.
ASVD_002094,"Waise, hR ne bola naya leave policy next month se lagegi. 5 extra casual leaves milenge.",SAFE,None,LOW,0,0,0,0,0,0,0,0,none,No action required. This appears to be a normal conversation.
ASVD_002690,"Waise, naye sofa ke Rs 15,000 diye. Delivery 2 weeks mein hogi. Quality achhi hai.",SAFE,None,LOW,0,0,0,0,0,0,0,0,none,No action required. This appears to be a normal conversation.
ASVD_003804,"Attention! Sub-Inspector speaking. aapka account money laundering mein involved hai. Court order ke mutabik Rs 5,00,000 jama karna hoga. Non-compliance means jail.",SCAM,Police Impersonation,CRITICAL,1,1,1,0,0,1,0,1,urgency|financial_request|secrecy|authority_impersonation|threat,Hang up and contact the local police station directly. Real police never demand money over phone.
ASVD_002744,"Courier company se bol rahe hain. suspicious contents wala package border pe roka gaya. Aapki ID thi. Rs 1,00,000 customs duty do.",SCAM,Fake Parcel/Customs Scam,CRITICAL,1,1,1,0,0,1,0,0,urgency|financial_request|authority_impersonation|threat,No customs or courier service demands payment over phone. Verify through official channels.
ASVD_003226,"Yaar please, Rohit hoon. am stuck without money. Bahut zaroorat hai Rs 10,000 ki. Turant bhej de. Group mein mat bol.",SCAM,Friend Impersonation,HIGH,1,0,1,0,0,0,1,1,urgency|financial_request|emotional_manipulation|secrecy,Contact the person directly using a known phone number to verify their identity.
ASVD_000872,"Beta, mujhe pareshani mein hoon. paisa chori ho gaya. 25,000 bhej do UPI se 7654321098 pe. Kisi ko pata mat chalne dena.",SCAM,Family Impersonation,HIGH,1,0,1,0,0,0,1,1,urgency|financial_request|emotional_manipulation|secrecy,Verify the caller through an independent communication channel before transferring money.
ASVD_001175,"Flipkart se AC order kiya hai. Installation free hai. Wednesday ko aayega. Chalo, milte hain.",SAFE,None,LOW,0,0,0,0,0,0,0,0,none,No action required. This appears to be a normal conversation.
ASVD_000319,"Btw, nani ke liye medicine order kiya hai online. Kal tak aa jayegi. Unka BP normal hai ab.",SAFE,None,LOW,0,0,0,0,0,0,0,0,none,No action required. This appears to be a normal conversation.
ASVD_003997,"Pay attention. browsing history hai hamare paas aur jaante hain kahan kaam karte ho. Rs 3,00,000 do. Warna share.",SCAM,Blackmail,CRITICAL,1,0,1,0,0,1,1,1,urgency|financial_request|emotional_manipulation|secrecy|threat,Do not pay. Report to Cyber Crime helpline 1930 and local police station immediately.
ASVD_001020,"Sir/Madam, crypto trading opportunity mein invest karein Rs 10,000. 100% safe aur legal. Passive income shuru karein aaj se.",SCAM,Investment Scam,HIGH,1,0,1,0,0,0,1,0,urgency|financial_request|emotional_manipulation,Verify investments through SEBI registered channels. No legitimate investment guarantees fixed returns.
ASVD_000474,"Instant personal loan Rs 5,00,000 at 2% interest. No documents. Pre-approved. Processing fee Rs 8,000. Aaj hi valid.",SCAM,Loan Scam,MEDIUM,1,0,1,0,0,0,0,0,urgency|financial_request,No genuine bank charges processing fees before loan disbursement. Verify through official channels.
ASVD_002530,IT head from SBI. your card has been flagged. UPI PIN aur Aadhaar ke last 4 digits share karein.,SCAM,PIN/Credential Scam,HIGH,1,1,0,0,1,0,0,0,urgency|authority_impersonation|credential_request,"Banks never ask for PIN, CVV, or passwords over phone. Never share these with anyone."
ASVD_001441,"Hello, aapka resume dekha. copy paste job ka opening hai. Rs 7,500 training kit fee do. Start earning from tomorrow.",SCAM,Job Scam,MEDIUM,1,0,1,0,0,0,0,0,urgency|financial_request,Legitimate employers never ask for money upfront. Verify through the company's official website.
ASVD_003521,This is Kotak Bank calling. aapke card se online payment attempt hua hai. We need your OTP and card details immediately to prevent unauthorized access.,SCAM,Bank Fraud,CRITICAL,1,1,0,1,1,1,0,0,urgency|authority_impersonation|otp_request|credential_request|threat,"Never share OTP, PIN, or passwords. Call your bank's official helpline number printed on your card."
ASVD_002898,"Aapke account mein Rs 10,000 cashback reward pending hai. Rs 7,500 de dijiye processing ke liye. Turant amount aa jayega.",SCAM,Financial Manipulation,MEDIUM,1,0,1,0,0,0,1,0,urgency|financial_request|emotional_manipulation,No legitimate organization asks for fees to release refunds. Verify through official channels.
ASVD_004000,This is HDFC Bank calling. unauthorized login detected in net banking. We need your OTP and card details immediately to prevent unauthorized access.,SCAM,Bank Fraud,CRITICAL,1,1,0,1,1,1,0,0,urgency|authority_impersonation|otp_request|credential_request|threat,"Never share OTP, PIN, or passwords. Call your bank's official helpline number printed on your card."
ASVD_001834,PAN card aaya hai mail mein. Ab fixed deposit account khol sakti hoon. Koi baat nahi.,SAFE,None,LOW,0,0,0,0,0,0,0,0,none,No action required. This appears to be a normal conversation.
ASVD_001343,"Dear customer, LIC ka bonus mature hua hai. Rs 3,000 nominal fee do funds release karne ke liye. Jaldi karo, expire hoga.",SCAM,Financial Manipulation,MEDIUM,1,0,1,0,0,0,1,0,urgency|financial_request|emotional_manipulation,No legitimate organization asks for fees to release refunds. Verify through official channels.
ASVD_003192,"Hey, Pooja here. lost my wallet at station. Need Rs 15,000 right now. Please help. I'll explain later.",SCAM,Friend Impersonation,HIGH,1,0,1,0,0,0,1,1,urgency|financial_request|emotional_manipulation|secrecy,Contact the person directly using a known phone number to verify their identity.
ASVD_000697,"Customs Department se call hai. fake currency ka package aapke naam aur Aadhaar pe registered hai. Rs 50,000 clearance fee do warna case.",SCAM,Fake Parcel/Customs Scam,CRITICAL,1,1,1,0,0,1,0,0,urgency|financial_request|authority_impersonation|threat,No customs or courier service demands payment over phone. Verify through official channels.
ASVD_002174,Main service team hoon. Galti se aapke number pe Swiggy ka OTP aa gaya. Please bata dijiye.,SCAM,OTP Scam,HIGH,1,0,0,1,0,0,0,0,urgency|otp_request,Never share OTP with anyone. OTPs are for your personal transactions only.
ASVD_002639,"Waise, property tax is quarter ka Rs 8,000 hai. Online pay kar dungi due date se pehle.",SAFE,None,LOW,0,0,0,0,0,0,0,0,none,No action required. This appears to be a normal conversation.
ASVD_000950,"I am Inspector Sharma. A warrant has been issued. aapke phone number pe FIR hai. Transfer Rs 50,000 as security deposit to close the case.",SCAM,Police Impersonation,CRITICAL,1,1,1,0,0,1,0,1,urgency|financial_request|secrecy|authority_impersonation|threat,Hang up and contact the local police station directly. Real police never demand money over phone.
ASVD_000085,"Ek minute, canteen mein naya menu aaya hai. Lunch pe chalein saath mein? Paneer tikka try karte hain. Zyada tension mat le.",SAFE,None,LOW,0,0,0,0,0,0,0,0,none,No action required. This appears to be a normal conversation.
ASVD_000023,"We have obtained chat screenshots. Sab contacts ko bhej denge agar Rs 50,000 nahi mile. Serious hain hum.",SCAM,Blackmail,CRITICAL,1,0,1,0,0,1,1,1,urgency|financial_request|emotional_manipulation|secrecy|threat,Do not pay. Report to Cyber Crime helpline 1930 and local police station immediately.
ASVD_000248,"Mere paas private messages hai. Agar spouse aur colleagues ko nahi dikhana toh Rs 1,00,000 bhejo. Kal subah tak.",SCAM,Blackmail,CRITICAL,1,0,1,0,0,1,1,1,urgency|financial_request|emotional_manipulation|secrecy|threat,Do not pay. Report to Cyber Crime helpline 1930 and local police station immediately.
ASVD_000974,"Achha, nani ke liye medicine order kiya hai online. Kal tak aa jayegi. Unka BP normal hai ab. Ok bye.",SAFE,None,LOW,0,0,0,0,0,0,0,0,none,No action required. This appears to be a normal conversation.
ASVD_001754,"Congratulations! forex trading with zero risk mein invest karein sirf Rs 50,000. Guaranteed 300% return 3 mahine mein. Aaj hi join karein.",SCAM,Investment Scam,HIGH,1,0,1,0,0,0,1,0,urgency|financial_request|emotional_manipulation,Verify investments through SEBI registered channels. No legitimate investment guarantees fixed returns.
ASVD_001362,"Achha, doodh aur bread le aana ghar aate waqt. Papa ki dawai bhi leni hai pharmacy se. Zyada tension mat le.",SAFE,None,LOW,0,0,0,0,0,0,0,0,none,No action required. This appears to be a normal conversation.
ASVD_004020,"Arre, laptop khareedna hai, budget Rs 60,000 hai. Koi suggestion hai? Sab theek hai.",SAFE,None,LOW,0,0,0,0,0,0,0,0,none,No action required. This appears to be a normal conversation.
ASVD_002934,"Arre, bijli ka wire spark kar raha tha. Electrician ko bulaya hai. Tab tak main switch off hai. Zyada tension mat le.",SAFE,None,LOW,0,0,0,0,0,0,0,0,none,No action required. This appears to be a normal conversation.
ASVD_002387,"Aapko RBI se final notice mil raha hai. aapka mobile number 24 ghante mein disconnect hoga. Rs 3,00,000 jama karo aaj hi. Passport cancel hoga.",SCAM,Government Impersonation,CRITICAL,1,1,1,0,0,1,0,1,urgency|financial_request|secrecy|authority_impersonation|threat,No government agency demands payment over phone. Contact the department through official channels.
ASVD_003718,"Arre, concert ke tickets aaye hain! Rs 2,500 each. Do book karoon? Jaldi bata, sell ho jayenge.",SAFE,None,LOW,0,0,0,0,0,0,0,0,none,No action required. This appears to be a normal conversation.
ASVD_001808,compliance team from SBI. system migration chal raha hai. UPI PIN aur Aadhaar ke last 4 digits share karein.,SCAM,PIN/Credential Scam,HIGH,1,1,0,0,1,0,0,0,urgency|authority_impersonation|credential_request,"Banks never ask for PIN, CVV, or passwords over phone. Never share these with anyone."
ASVD_002558,Stray dogs raat ko bahut bhonk rahe hain. Society guard se baat ki hai. Dekhega woh. Take care.,SAFE,None,LOW,0,0,0,0,0,0,0,0,none,No action required. This appears to be a normal conversation.
ASVD_002550,"Congratulations! PPF account mein bonus interest claim karna hai. Rs 3,000 verification charges do aur amount turant credit hoga. Aaj hi valid.",SCAM,Financial Manipulation,MEDIUM,1,0,1,0,0,0,1,0,urgency|financial_request|emotional_manipulation,No legitimate organization asks for fees to release refunds. Verify through official channels.
ASVD_001552,"Attention: international illegal parcel airport pe seize hua hai. Aapka naam linked hai. Rs 25,000 transfer karein 4 ghante mein.",SCAM,Fake Parcel/Customs Scam,CRITICAL,1,1,1,0,0,1,0,0,urgency|financial_request|authority_impersonation|threat,No customs or courier service demands payment over phone. Verify through official channels.
ASVD_002303,"Listen carefully, we have kidnapped your bhai. Send 1,00,000 right now or face the consequences. Keep this secret.",SCAM,Kidnapping & Extortion Threat,CRITICAL,1,0,1,0,0,1,1,1,urgency|financial_request|emotional_manipulation|secrecy|threat,Do not transfer money. Immediately report the extortion/kidnapping threat to the local Police and Cyber Crime helpline 1930.
ASVD_001644,Sunday lunch ke liye restaurant book kiya hai. Naya wala hai mall ke paas. Poora family aa sakta hai. Done.,SAFE,None,LOW,0,0,0,0,0,0,0,0,none,No action required. This appears to be a normal conversation.
ASVD_001620,"This is Cyber Cell Officer from Cyber Crime Department. aapke phone number pe FIR hai. Pay Rs 1,00,000 immediately or face arrest. Do not disconnect.",SCAM,Police Impersonation,CRITICAL,1,1,1,0,0,1,0,1,urgency|financial_request|secrecy|authority_impersonation|threat,Hang up and contact the local police station directly. Real police never demand money over phone.
ASVD_001123,"private messages hai mere paas. Tumhare family ko dikhaunga agar Rs 25,000 nahi mile 48 ghante mein.",SCAM,Blackmail,CRITICAL,1,0,1,0,0,1,1,1,urgency|financial_request|emotional_manipulation|secrecy|threat,Do not pay. Report to Cyber Crime helpline 1930 and local police station immediately.
ASVD_001750,"Emergency call: a close relative ko medical emergency hua. Rs 35,000 immediately chahiye. Hum hospital mein hain.",SCAM,Emergency Money Scam,HIGH,1,0,1,0,0,0,1,1,urgency|financial_request|emotional_manipulation|secrecy,Verify the emergency by contacting the person or hospital directly through known numbers.
ASVD_000615,"Courier company se bol rahe hain. banned substances wala courier border pe roka gaya. Aapki ID thi. Rs 25,000 customs duty do.",SCAM,Fake Parcel/Customs Scam,CRITICAL,1,1,1,0,0,1,0,0,urgency|financial_request|authority_impersonation|threat,No customs or courier service demands payment over phone. Verify through official channels.
ASVD_002362,"Tumhara family member mere kabze mein hai. Agar zinda dekhna chahte ho toh turant Rs 1,00,000 bhej do. Koi chalaaki mat karna.",SCAM,Kidnapping & Extortion Threat,CRITICAL,1,0,1,0,0,1,1,1,urgency|financial_request|emotional_manipulation|secrecy|threat,Do not transfer money. Immediately report the extortion/kidnapping threat to the local Police and Cyber Crime helpline 1930.
ASVD_002332,Yeh technical support hai. payment gateway se verification hai. Aapke PhonePe account ke liye OTP aaya hoga. Jaldi batayein please.,SCAM,OTP Scam,HIGH,1,0,0,1,0,0,0,0,urgency|otp_request,Never share OTP with anyone. OTPs are for your personal transactions only.
ASVD_000167,"Bathroom mein pipe fat gaya. Plumber ko bulaya hai, aa raha hai. Main valve band kar diya. Phir batati hoon.",SAFE,None,LOW,0,0,0,0,0,0,0,0,none,No action required. This appears to be a normal conversation.
ASVD_000905,Birth certificate ki copy chahiye. Municipal office se milegi ya online? Bata dena.,SAFE,None,LOW,0,0,0,0,0,0,0,0,none,No action required. This appears to be a normal conversation.
ASVD_001875,"Maid ke account mein 5,000 transfer kar dena. Usne salary maangi hai, month end hai. Sab theek hai.",SAFE,None,LOW,0,0,0,0,0,0,0,0,none,No action required. This appears to be a normal conversation.
ASVD_004103,"Aapka home loan Rs 10,00,000 pre-approved hai. Rs 2,000 insurance aur processing fee bhejein. Loan 24 ghante mein.",SCAM,Loan Scam,MEDIUM,1,0,1,0,0,0,0,0,urgency|financial_request,No genuine bank charges processing fees before loan disbursement. Verify through official channels.
ASVD_000852,"Congratulations! government-backed scheme mein invest karein sirf Rs 25,000. Guaranteed 300% return 3 mahine mein. Aaj hi join karein.",SCAM,Investment Scam,HIGH,1,0,1,0,0,0,1,0,urgency|financial_request|emotional_manipulation,Verify investments through SEBI registered channels. No legitimate investment guarantees fixed returns.
ASVD_000229,"Listen carefully, we have kidnapped your family member. Send 50,000 right now or face the consequences. Keep this secret.",SCAM,Kidnapping & Extortion Threat,CRITICAL,1,0,1,0,0,1,1,1,urgency|financial_request|emotional_manipulation|secrecy|threat,Do not transfer money. Immediately report the extortion/kidnapping threat to the local Police and Cyber Crime helpline 1930.
ASVD_001871,"Aapko Customs Department se final notice mil raha hai. aapki tax return mein discrepancy hai. Rs 1,00,000 jama karo aaj hi. Passport cancel hoga.",SCAM,Government Impersonation,CRITICAL,1,1,1,0,0,1,0,1,urgency|financial_request|secrecy|authority_impersonation|threat,No government agency demands payment over phone. Contact the department through official channels.
ASVD_003693,"Please listen, I am your nephew. I got arrested and need Rs 1,00,000 immediately. Send to 9876543210. Don't contact anyone.",SCAM,Family Impersonation,HIGH,1,0,1,0,0,0,1,1,urgency|financial_request|emotional_manipulation|secrecy,Verify the caller through an independent communication channel before transferring money.
ASVD_001683,verification officer bol raha hoon Paytm se. your account is being updated. Please OTP batayein turant. Call recorded hai.,SCAM,OTP Scam,HIGH,1,0,0,1,0,0,0,0,urgency|otp_request,Never share OTP with anyone. OTPs are for your personal transactions only.
ASVD_002025,"Tumhare child ki jaan khatre mein hai. 2,00,000 transfer karo abhi ke abhi warna laash milegi. Kisi ko mat bolna.",SCAM,Kidnapping & Extortion Threat,CRITICAL,1,0,1,0,0,1,1,1,urgency|financial_request|emotional_manipulation|secrecy|threat,Do not transfer money. Immediately report the extortion/kidnapping threat to the local Police and Cyber Crime helpline 1930.
ASVD_001342,"Special offer: private equity fund. Rs 25,000 invest karein aur weekly payout paayen. Yeh offer sirf aaj ke liye hai.",SCAM,Investment Scam,HIGH,1,0,1,0,0,0,1,0,urgency|financial_request|emotional_manipulation,Verify investments through SEBI registered channels. No legitimate investment guarantees fixed returns.
ASVD_000513,"This is courier service. illegal drugs wala parcel has been intercepted. Pay Rs 1,00,000 or criminal charges will be filed.",SCAM,Fake Parcel/Customs Scam,CRITICAL,1,1,1,0,0,1,0,0,urgency|financial_request|authority_impersonation|threat,No customs or courier service demands payment over phone. Verify through official channels.
ASVD_000640,"Achha, kal ka exam kaisa gaya? Mera toh theek thak hua. Paper lamba tha bahut. Koi baat nahi.",SAFE,None,LOW,0,0,0,0,0,0,0,0,none,No action required. This appears to be a normal conversation.
ASVD_001844,"Attention: fake currency ka package airport pe seize hua hai. Aapka naam linked hai. Rs 15,000 transfer karein 4 ghante mein.",SCAM,Fake Parcel/Customs Scam,CRITICAL,1,1,1,0,0,1,0,0,urgency|financial_request|authority_impersonation|threat,No customs or courier service demands payment over phone. Verify through official channels.
ASVD_002938,"Ek minute, bijli 3 ghante se gayi hui hai. Electricity board ko call kiya. Shaam tak aayegi bole.",SAFE,None,LOW,0,0,0,0,0,0,0,0,none,No action required. This appears to be a normal conversation.
ASVD_000900,"Yaar please, Vikram hoon. missed my train. Bahut zaroorat hai Rs 15,000 ki. Turant bhej de. Group mein mat bol.",SCAM,Friend Impersonation,HIGH,1,0,1,0,0,0,1,1,urgency|financial_request|emotional_manipulation|secrecy,Contact the person directly using a known phone number to verify their identity.
ASVD_002749,"Aur haan, ration card ke liye apply kiya tha last month. Status shows under processing.",SAFE,None,LOW,0,0,0,0,0,0,0,0,none,No action required. This appears to be a normal conversation.
ASVD_000101,"private equity fund abhi open hai. Minimum Rs 50,000. Returns guaranteed. Register karein 2 ghante mein. Kisi ko mat batana.",SCAM,Investment Scam,HIGH,1,0,1,0,0,0,1,0,urgency|financial_request|emotional_manipulation,Verify investments through SEBI registered channels. No legitimate investment guarantees fixed returns.
ASVD_001633,"Haan, water bill is mahine zyada aaya hai. Municipal office call karke verify karungi.",SAFE,None,LOW,0,0,0,0,0,0,0,0,none,No action required. This appears to be a normal conversation.
ASVD_000910,"Sir/Madam, verification officer here from Flipkart. your account is being updated. Please tell me the OTP sent to your phone.",SCAM,OTP Scam,HIGH,1,0,0,1,0,0,0,0,urgency|otp_request,Never share OTP with anyone. OTPs are for your personal transactions only.
ASVD_001596,"Aapke khilaf aapki identity fraud mein use hui hai. Main DCP office se hoon. Rs 50,000 jama karo verification account mein. Kisi lawyer ko mat bulao.",SCAM,Police Impersonation,CRITICAL,1,1,1,0,0,1,0,1,urgency|financial_request|secrecy|authority_impersonation|threat,Hang up and contact the local police station directly. Real police never demand money over phone.
ASVD_004084,"Hello, helpdesk bol raha hoon. reward points expire ho rahe hain. Jo 6-digit code aaya hai wo bata dijiye please. Bahut urgent hai.",SCAM,OTP Scam,HIGH,1,0,0,1,0,0,0,0,urgency|otp_request,Never share OTP with anyone. OTPs are for your personal transactions only.
ASVD_001584,Bhai ko hospital le ja rahi hoon regular checkup ke liye. Dopahar ke baad nikalenge.,SAFE,None,LOW,0,0,0,0,0,0,0,0,none,No action required. This appears to be a normal conversation.
ASVD_002733,"Bhai Vikram bol raha hoon. Meri phone chori ho gaya. Kya tu Rs 15,000 bhej sakta hai? Wapas kar dunga. Secret rakh.",SCAM,Friend Impersonation,HIGH,1,0,1,0,0,0,1,1,urgency|financial_request|emotional_manipulation|secrecy,Contact the person directly using a known phone number to verify their identity.
ASVD_001274,Bank of Baroda se important call. your debit card is compromised. Card ke peeche ka CVV aur OTP batayein to block suspicious activity.,SCAM,Bank Fraud,CRITICAL,1,1,0,1,1,1,0,0,urgency|authority_impersonation|otp_request|credential_request|threat,"Never share OTP, PIN, or passwords. Call your bank's official helpline number printed on your card."
ASVD_002719,"Yaar please, Vikram hoon. hospital ka bill bharna hai. Bahut zaroorat hai Rs 8,000 ki. Turant bhej de. Group mein mat bol.",SCAM,Friend Impersonation,HIGH,1,0,1,0,0,0,1,1,urgency|financial_request|emotional_manipulation|secrecy,Contact the person directly using a known phone number to verify their identity.
ASVD_001350,Weekend pe deployment hai. Saturday raat ko 11 baje se start karenge. Tum available ho? Baad mein baat karte hain.,SAFE,None,LOW,0,0,0,0,0,0,0,0,none,No action required. This appears to be a normal conversation.
ASVD_000683,"Yeh mazaak nahi hai. dating app profile hai mere paas. Rs 25,000 Google Pay ya PhonePe se bhejo 24 ghante mein.",SCAM,Blackmail,CRITICAL,1,0,1,0,0,1,1,1,urgency|financial_request|emotional_manipulation|secrecy|threat,Do not pay. Report to Cyber Crime helpline 1930 and local police station immediately.
ASVD_001975,"Aapka education loan Rs 2,00,000 pre-approved hai. Rs 15,000 insurance aur processing fee bhejein. Loan 24 ghante mein.",SCAM,Loan Scam,MEDIUM,1,0,1,0,0,0,0,0,urgency|financial_request,No genuine bank charges processing fees before loan disbursement. Verify through official channels.
ASVD_000277,"we recorded your screen activity. Tumhare employer ko bhi bhejenge. Rs 5,00,000 jama karo aaj raat tak. Final hai yeh.",SCAM,Extortion,CRITICAL,1,0,1,0,0,1,1,1,urgency|financial_request|emotional_manipulation|secrecy|threat,Do not pay. Report to Cyber Crime helpline 1930 and local police station immediately.
ASVD_003462,"This is Senior Inspector from Cyber Crime Department. IT Act ke under case registered hai. Pay Rs 5,00,000 immediately or face arrest. Do not disconnect.",SCAM,Police Impersonation,CRITICAL,1,1,1,0,0,1,0,1,urgency|financial_request|secrecy|authority_impersonation|threat,Hang up and contact the local police station directly. Real police never demand money over phone.
ASVD_001770,"Listen carefully. tumhari browsing history hai hamare paas. Pay Rs 5,00,000 within 12 hours or we publish everything online.",SCAM,Extortion,CRITICAL,1,0,1,0,0,1,1,1,urgency|financial_request|emotional_manipulation|secrecy|threat,Do not pay. Report to Cyber Crime helpline 1930 and local police station immediately.
ASVD_000617,"Hey, school mein hoon. Teacher milna chahti hain bacche ki progress ke baare mein. Routine meeting hai. Done.",SAFE,None,LOW,0,0,0,0,0,0,0,0,none,No action required. This appears to be a normal conversation.
ASVD_003664,"Special offer: guaranteed stock market plan. Rs 10,000 invest karein aur weekly payout paayen. Yeh offer sirf aaj ke liye hai.",SCAM,Investment Scam,HIGH,1,0,1,0,0,0,1,0,urgency|financial_request|emotional_manipulation,Verify investments through SEBI registered channels. No legitimate investment guarantees fixed returns.
ASVD_000575,"Arre, promotion mil gayi! Weekend pe dinner treat karunga. Restaurant tum choose karo.",SAFE,None,LOW,0,0,0,0,0,0,0,0,none,No action required. This appears to be a normal conversation.
ASVD_002415,"Oh, standup meeting 10 AM pe hai daily ab. Timing change hua hai, pehle 9:30 tha. Chalo, milte hain.",SAFE,None,LOW,0,0,0,0,0,0,0,0,none,No action required. This appears to be a normal conversation.
ASVD_002413,"RBI ki taraf se automated message. aapka mobile number 24 ghante mein disconnect hoga. Rs 50,000 settlement jama karein. Kal tak ka waqt hai.",SCAM,Government Impersonation,CRITICAL,1,1,1,0,0,1,0,1,urgency|financial_request|secrecy|authority_impersonation|threat,No government agency demands payment over phone. Contact the department through official channels.
ASVD_002049,Testing server ke login credentials share kar do. Aaj kuch tests run karne hain. Theek hai na?,SAFE,None,LOW,0,0,0,0,0,0,0,0,none,No action required. This appears to be a normal conversation.
ASVD_003184,"Aapka emergency loan Rs 10,00,000 pre-approved hai. Rs 5,000 insurance aur processing fee bhejein. Loan 24 ghante mein.",SCAM,Loan Scam,MEDIUM,1,0,1,0,0,0,0,0,urgency|financial_request,No genuine bank charges processing fees before loan disbursement. Verify through official channels.
ASVD_002023,"Pay attention. browsing history hai hamare paas aur jaante hain kahan kaam karte ho. Rs 1,00,000 do. Warna share.",SCAM,Blackmail,CRITICAL,1,0,1,0,0,1,1,1,urgency|financial_request|emotional_manipulation|secrecy|threat,Do not pay. Report to Cyber Crime helpline 1930 and local police station immediately.
ASVD_000832,"PM Yojana ke under Rs 1 lakh milega. Lekin Rs 5,000 government processing charges pehle dene honge. Pay now.",SCAM,Financial Manipulation,MEDIUM,1,0,1,0,0,0,1,0,urgency|financial_request|emotional_manipulation,No legitimate organization asks for fees to release refunds. Verify through official channels.
ASVD_000979,Home loan ke liye pre-approved offer aaya hai. Details jaanni hain interest rate ki. Sab theek hai.,SAFE,None,LOW,0,0,0,0,0,0,0,0,none,No action required. This appears to be a normal conversation.
ASVD_001145,"Job Alert: online survey work position open. No experience needed. Rs 30,000+ monthly. Processing fee Rs 499. Pay via UPI.",SCAM,Job Scam,MEDIUM,1,0,1,0,0,0,0,0,urgency|financial_request,Legitimate employers never ask for money upfront. Verify through the company's official website.
ASVD_003505,"Urgent: Aapka business loan application Rs 2,00,000 approved. Rs 5,000 verification charges do. Delay = cancellation.",SCAM,Loan Scam,MEDIUM,1,0,1,0,0,0,0,0,urgency|financial_request,No genuine bank charges processing fees before loan disbursement. Verify through official channels.
ASVD_003984,"Ek minute, woh restaurant yaad hai jahan gaye the? Naya menu aaya hai. Friday ko chalein? Done.",SAFE,None,LOW,0,0,0,0,0,0,0,0,none,No action required. This appears to be a normal conversation.
ASVD_000487,Team outing Saturday ko confirm hai. Adventure park ja rahe hain. Bus 8 AM nikalegi. Take care.,SAFE,None,LOW,0,0,0,0,0,0,0,0,none,No action required. This appears to be a normal conversation.
ASVD_004157,"Ek minute, security guard ko suspicious bag mila. Police ko bulaya. Check kiya toh khana tha usme. Koi baat nahi.",SAFE,None,LOW,0,0,0,0,0,0,0,0,none,No action required. This appears to be a normal conversation.
ASVD_001551,"Waise, property registration ke liye stamp duty kitni lagegi? 3 BHK flat hai.",SAFE,None,LOW,0,0,0,0,0,0,0,0,none,No action required. This appears to be a normal conversation.
ASVD_003728,"Rs 10,000 per month recurring deposit set kiya tha. Confirm kar dijiye active hai ya nahi.",SAFE,None,LOW,0,0,0,0,0,0,0,0,none,No action required. This appears to be a normal conversation.
ASVD_001862,"Ek minute, aadhaar-PAN linking online kar liya. Bahut easy tha. Bas details dalne the.",SAFE,None,LOW,0,0,0,0,0,0,0,0,none,No action required. This appears to be a normal conversation.
ASVD_002455,"Jaldi karo please, bhai bol raha hoon. had an accident. Mujhe 75,000 chahiye abhi ke abhi. Papa ko mat bolna.",SCAM,Family Impersonation,HIGH,1,0,1,0,0,0,1,1,urgency|financial_request|emotional_manipulation|secrecy,Verify the caller through an independent communication channel before transferring money.
ASVD_001313,"Pay attention. private messages hai hamare paas aur jaante hain kahan kaam karte ho. Rs 50,000 do. Warna share.",SCAM,Blackmail,CRITICAL,1,0,1,0,0,1,1,1,urgency|financial_request|emotional_manipulation|secrecy|threat,Do not pay. Report to Cyber Crime helpline 1930 and local police station immediately.
ASVD_003363,"Hello, aapka resume dekha. data entry from home ka opening hai. Rs 999 training kit fee do. Start earning from tomorrow.",SCAM,Job Scam,MEDIUM,1,0,1,0,0,0,0,0,urgency|financial_request,Legitimate employers never ask for money upfront. Verify through the company's official website.
ASVD_002269,"Hey, salary credit ho gayi aaj. Joint account mein transfer karna hai toh bata do kitna. Bata dena.",SAFE,None,LOW,0,0,0,0,0,0,0,0,none,No action required. This appears to be a normal conversation.
ASVD_000278,"Achha, sunday lunch ke liye restaurant book kiya hai. Naya wala hai mall ke paas. Poora family aa sakta hai.",SAFE,None,LOW,0,0,0,0,0,0,0,0,none,No action required. This appears to be a normal conversation.
ASVD_004116,"Aur haan, testing server ke login credentials share kar do. Aaj kuch tests run karne hain. Theek hai na?",SAFE,None,LOW,0,0,0,0,0,0,0,0,none,No action required. This appears to be a normal conversation.
ASVD_004158,"Achha, bank se call aayi thi account statement ke baare mein. Branch se collect karna hai.",SAFE,None,LOW,0,0,0,0,0,0,0,0,none,No action required. This appears to be a normal conversation.
ASVD_002184,"I am Sub-Inspector. A warrant has been issued. aapki identity fraud mein use hui hai. Transfer Rs 5,00,000 as security deposit to close the case.",SCAM,Police Impersonation,CRITICAL,1,1,1,0,0,1,0,1,urgency|financial_request|secrecy|authority_impersonation|threat,Hang up and contact the local police station directly. Real police never demand money over phone.
ASVD_003480,Geyser se paani leak ho raha hai. Plumber kal aayega. Tab tak bucket se kaam chala rahe hain. Done.,SAFE,None,LOW,0,0,0,0,0,0,0,0,none,No action required. This appears to be a normal conversation.
ASVD_000660,"Tum jaante ho kya hoga agar tumhare social media accounts hack kiye hain. Rs 1,00,000 de do aur sab khatam. Warna consequences face karo.",SCAM,Extortion,CRITICAL,1,0,1,0,0,1,1,1,urgency|financial_request|emotional_manipulation|secrecy|threat,Do not pay. Report to Cyber Crime helpline 1930 and local police station immediately.
ASVD_002212,Aaj Jal Board ka bill bhara online. Rs 850 tha. Receipt save kar li hai.,SAFE,None,LOW,0,0,0,0,0,0,0,0,none,No action required. This appears to be a normal conversation.
ASVD_000149,"Good news! government subsidy ke liye select hue hain. Claim karne ke liye Rs 5,000 processing fee do. Full amount 48 ghante mein milega.",SCAM,Financial Manipulation,MEDIUM,1,0,1,0,0,0,1,0,urgency|financial_request|emotional_manipulation,No legitimate organization asks for fees to release refunds. Verify through official channels.
ASVD_000996,"Namaste, main service team hoon. aapki delivery ke liye verification chahiye. Aapke PhonePe pe jo OTP aaya hai wo bata dijiye. 5 minute mein expire ho jayega.",SCAM,OTP Scam,HIGH,1,0,0,1,0,0,0,0,urgency|otp_request,Never share OTP with anyone. OTPs are for your personal transactions only.
ASVD_001541,"Hello, guaranteed stock market plan ka exclusive offer hai. Rs 10,000 lagayein, paise double honge 45 din mein. Limited seats.",SCAM,Investment Scam,HIGH,1,0,1,0,0,0,1,0,urgency|financial_request|emotional_manipulation,Verify investments through SEBI registered channels. No legitimate investment guarantees fixed returns.
ASVD_003576,"Sunno, sunday lunch ke liye restaurant book kiya hai. Naya wala hai mall ke paas. Poora family aa sakta hai.",SAFE,None,LOW,0,0,0,0,0,0,0,0,none,No action required. This appears to be a normal conversation.
ASVD_002516,We are technical team from Axis Bank. net banking upgrade ho raha hai. Share your net banking credentials for verification.,SCAM,PIN/Credential Scam,HIGH,1,1,0,0,1,0,0,0,urgency|authority_impersonation|credential_request,"Banks never ask for PIN, CVV, or passwords over phone. Never share these with anyone."
ASVD_000769,"Yaar, weekend pe free ho? Movie chalte hain. Naya action movie release hua hai. Ok bye.",SAFE,None,LOW,0,0,0,0,0,0,0,0,none,No action required. This appears to be a normal conversation.
ASVD_000770,"Hello, aapka resume dekha. data entry from home ka opening hai. Rs 1,499 training kit fee do. Start earning from tomorrow.",SCAM,Job Scam,MEDIUM,1,0,1,0,0,0,0,0,urgency|financial_request,Legitimate employers never ask for money upfront. Verify through the company's official website.
ASVD_000661,Kya aap extra income chahte hain? Instagram followers badhane ka kaam mein opportunity hai. Registration Rs 499. Students aur housewives welcome.,SCAM,Job Scam,MEDIUM,1,0,1,0,0,0,0,0,urgency|financial_request,Legitimate employers never ask for money upfront. Verify through the company's official website.
ASVD_000603,Water bill is mahine zyada aaya hai. Municipal office call karke verify karungi.,SAFE,None,LOW,0,0,0,0,0,0,0,0,none,No action required. This appears to be a normal conversation.
ASVD_003447,"Customs Department se call hai. fake currency ka package aapke naam aur Aadhaar pe registered hai. Rs 15,000 clearance fee do warna case.",SCAM,Fake Parcel/Customs Scam,CRITICAL,1,1,1,0,0,1,0,0,urgency|financial_request|authority_impersonation|threat,No customs or courier service demands payment over phone. Verify through official channels.
ASVD_002308,"Yeh tumhari last chance hai. we recorded your screen activity. Rs 2,00,000 do warna social media pe sab expose karenge. 6 ghante hain.",SCAM,Extortion,CRITICAL,1,0,1,0,0,1,1,1,urgency|financial_request|emotional_manipulation|secrecy|threat,Do not pay. Report to Cyber Crime helpline 1930 and local police station immediately.
ASVD_003326,"Dear customer, Axis Bank se call hai. your debit card is compromised. Account bachane ke liye abhi OTP batayein jo aapke phone pe aaya hai.",SCAM,Bank Fraud,CRITICAL,1,1,0,1,1,1,0,0,urgency|authority_impersonation|otp_request|credential_request|threat,"Never share OTP, PIN, or passwords. Call your bank's official helpline number printed on your card."
ASVD_000901,"Sir/Madam, helpdesk here from Paytm. lucky draw mein aap jeete hain. Please tell me the OTP sent to your phone.",SCAM,OTP Scam,HIGH,1,0,0,1,0,0,0,0,urgency|otp_request,Never share OTP with anyone. OTPs are for your personal transactions only.
ASVD_003890,"Kotak Bank se important call. aapke account se Rs 45,000 ka suspicious transaction hua hai. Card ke peeche ka CVV aur OTP batayein to block suspicious activity.",SCAM,Bank Fraud,CRITICAL,1,1,0,1,1,1,0,0,urgency|authority_impersonation|otp_request|credential_request|threat,"Never share OTP, PIN, or passwords. Call your bank's official helpline number printed on your card."
ASVD_003719,"This is courier service. suspicious contents wala package has been intercepted. Pay Rs 1,00,000 or criminal charges will be filed.",SCAM,Fake Parcel/Customs Scam,CRITICAL,1,1,1,0,0,1,0,0,urgency|financial_request|authority_impersonation|threat,No customs or courier service demands payment over phone. Verify through official channels.
ASVD_003687,"Concert ke tickets aaye hain! Rs 2,500 each. Do book karoon? Jaldi bata, sell ho jayenge. Bata dena.",SAFE,None,LOW,0,0,0,0,0,0,0,0,none,No action required. This appears to be a normal conversation.
ASVD_002925,"Hey, property tax is quarter ka Rs 8,000 hai. Online pay kar dungi due date se pehle. Koi baat nahi.",SAFE,None,LOW,0,0,0,0,0,0,0,0,none,No action required. This appears to be a normal conversation.
ASVD_003690,"Good news! income tax refund pending hai aapka. Claim karne ke liye Rs 1,000 processing fee do. Full amount 48 ghante mein milega.",SCAM,Financial Manipulation,MEDIUM,1,0,1,0,0,0,1,0,urgency|financial_request|emotional_manipulation,No legitimate organization asks for fees to release refunds. Verify through official channels.
ASVD_003230,account manager se call hai. account reactivation ke liye. Aapke number pe ek verification code aaya hoga. Please share karein.,SCAM,OTP Scam,HIGH,1,0,0,1,0,0,0,0,urgency|otp_request,Never share OTP with anyone. OTPs are for your personal transactions only.
ASVD_001692,"Maine kidnap kar liya hai tumhare bete ko. Urgent Rs 10,00,000 chahiye. Police ke paas gaye toh jaan se haath dho baithoge.",SCAM,Kidnapping & Extortion Threat,CRITICAL,1,0,1,0,0,1,1,1,urgency|financial_request|emotional_manipulation|secrecy|threat,Do not transfer money. Immediately report the extortion/kidnapping threat to the local Police and Cyber Crime helpline 1930.
ASVD_002468,"Yeh Customs Department ka officer bol raha hai. aapki tax return mein discrepancy hai. Aapko Rs 25,000 dena hoga nahi toh arrest warrant issue hoga.",SCAM,Government Impersonation,CRITICAL,1,1,1,0,0,1,0,1,urgency|financial_request|secrecy|authority_impersonation|threat,No government agency demands payment over phone. Contact the department through official channels.
ASVD_002416,"Special offer: forex trading with zero risk. Rs 1,00,000 invest karein aur weekly payout paayen. Yeh offer sirf aaj ke liye hai.",SCAM,Investment Scam,HIGH,1,0,1,0,0,0,1,0,urgency|financial_request|emotional_manipulation,Verify investments through SEBI registered channels. No legitimate investment guarantees fixed returns.
ASVD_000570,Yeh support team hai. your account is being updated. Aapke Google Pay account ke liye OTP aaya hoga. Jaldi batayein please.,SCAM,OTP Scam,HIGH,1,0,0,1,0,0,0,0,urgency|otp_request,Never share OTP with anyone. OTPs are for your personal transactions only.
ASVD_002978,"Customs Department se call hai. international illegal parcel aapke naam aur Aadhaar pe registered hai. Rs 15,000 clearance fee do warna case.",SCAM,Fake Parcel/Customs Scam,CRITICAL,1,1,1,0,0,1,0,0,urgency|financial_request|authority_impersonation|threat,No customs or courier service demands payment over phone. Verify through official channels.
ASVD_002053,"Dear candidate, copy paste job vacancy available. Pay Rs 7,500 for onboarding. Start earning immediately. Hurry up.",SCAM,Job Scam,MEDIUM,1,0,1,0,0,0,0,0,urgency|financial_request,Legitimate employers never ask for money upfront. Verify through the company's official website.
ASVD_003228,"Final notice. illegal drugs wala parcel authorities ke paas hai. Rs 25,000 verification fee do warna police aayegi aaj.",SCAM,Fake Parcel/Customs Scam,CRITICAL,1,1,1,0,0,1,0,0,urgency|financial_request|authority_impersonation|threat,No customs or courier service demands payment over phone. Verify through official channels.
ASVD_001389,"Instant instant loan Rs 20,00,000 at 2% interest. No documents. Pre-approved. Processing fee Rs 8,000. Aaj hi valid.",SCAM,Loan Scam,MEDIUM,1,0,1,0,0,0,0,0,urgency|financial_request,No genuine bank charges processing fees before loan disbursement. Verify through official channels.
ASVD_002113,"Yeh customs department se official call hai. banned substances wala courier aapke address pe register hai. Rs 50,000 fine bharo.",SCAM,Fake Parcel/Customs Scam,CRITICAL,1,1,1,0,0,1,0,0,urgency|financial_request|authority_impersonation|threat,No customs or courier service demands payment over phone. Verify through official channels.
ASVD_001080,"Aapko select kiya gaya hai private equity fund ke liye. Rs 10,000 lagayein, 500% return milega. Offer expires today.",SCAM,Investment Scam,HIGH,1,0,1,0,0,0,1,0,urgency|financial_request|emotional_manipulation,Verify investments through SEBI registered channels. No legitimate investment guarantees fixed returns.
ASVD_001586,technical team here from PNB IT department. account mein technical error hai. We need your login credentials immediately.,SCAM,PIN/Credential Scam,HIGH,1,1,0,0,1,0,0,0,urgency|authority_impersonation|credential_request,"Banks never ask for PIN, CVV, or passwords over phone. Never share these with anyone."
ASVD_002467,This is ICICI Bank calling. aapke card se online payment attempt hua hai. We need your OTP and card details immediately to prevent unauthorized access.,SCAM,Bank Fraud,CRITICAL,1,1,0,1,1,1,0,0,urgency|authority_impersonation|otp_request|credential_request|threat,"Never share OTP, PIN, or passwords. Call your bank's official helpline number printed on your card."
ASVD_000753,"Special offer: private equity fund. Rs 1,00,000 invest karein aur weekly payout paayen. Yeh offer sirf aaj ke liye hai.",SCAM,Investment Scam,HIGH,1,0,1,0,0,0,1,0,urgency|financial_request|emotional_manipulation,Verify investments through SEBI registered channels. No legitimate investment guarantees fixed returns.
ASVD_003194,"Instant personal loan Rs 1,00,000 at 2% interest. No documents. Pre-approved. Processing fee Rs 5,000. Aaj hi valid.",SCAM,Loan Scam,MEDIUM,1,0,1,0,0,0,0,0,urgency|financial_request,No genuine bank charges processing fees before loan disbursement. Verify through official channels.
ASVD_000649,"Dear customer, ICICI Bank se hai. card renewal ke liye. Apna debit card number, CVV, aur expiry date batayein abhi.",SCAM,PIN/Credential Scam,HIGH,1,1,0,0,1,0,0,0,urgency|authority_impersonation|credential_request,"Banks never ask for PIN, CVV, or passwords over phone. Never share these with anyone."
ASVD_003431,"Waise, kal raat ka cricket match dekha? Kya incredible finish tha! Last over mein kya hua yaar!",SAFE,None,LOW,0,0,0,0,0,0,0,0,none,No action required. This appears to be a normal conversation.
ASVD_003967,"Aur haan, daadi ji aaj better feel kar rahi hain. Doctor ne kaha kal ghar aa sakti hain.",SAFE,None,LOW,0,0,0,0,0,0,0,0,none,No action required. This appears to be a normal conversation.
ASVD_001129,"I am stuck in dusre sheher mein. This is your didi. Need 75,000 right now. Please hurry, don't tell the family.",SCAM,Family Impersonation,HIGH,1,0,1,0,0,0,1,1,urgency|financial_request|emotional_manipulation|secrecy,Verify the caller through an independent communication channel before transferring money.
ASVD_001978,"Ek minute, e-Shram card banwaya hai online. Registration number aa gaya hai.",SAFE,None,LOW,0,0,0,0,0,0,0,0,none,No action required. This appears to be a normal conversation.
ASVD_001789,"Dear investor, crypto trading opportunity se record profits aa rahe hain. Rs 1,00,000 transfer karein aaj. First payout ek hafte mein.",SCAM,Investment Scam,HIGH,1,0,1,0,0,0,1,0,urgency|financial_request|emotional_manipulation,Verify investments through SEBI registered channels. No legitimate investment guarantees fixed returns.
ASVD_004139,"Tumhare family member ki jaan khatre mein hai. 1,00,000 transfer karo abhi ke abhi warna laash milegi. Kisi ko mat bolna.",SCAM,Kidnapping & Extortion Threat,CRITICAL,1,0,1,0,0,1,1,1,urgency|financial_request|emotional_manipulation|secrecy|threat,Do not transfer money. Immediately report the extortion/kidnapping threat to the local Police and Cyber Crime helpline 1930.
ASVD_003018,Amazon delivery person ne bola package deliver ho gaya. Door pe check karo. Theek hai na?,SAFE,None,LOW,0,0,0,0,0,0,0,0,none,No action required. This appears to be a normal conversation.
ASVD_002955,"Bas, address update karna hai bank records mein. Online ho sakta hai ya branch jaana padega? Koi baat nahi.",SAFE,None,LOW,0,0,0,0,0,0,0,0,none,No action required. This appears to be a normal conversation.
ASVD_003914,"Hey, aaj Jal Board ka bill bhara online. Rs 850 tha. Receipt save kar li hai. Koi baat nahi.",SAFE,None,LOW,0,0,0,0,0,0,0,0,none,No action required. This appears to be a normal conversation.
ASVD_003613,"Customs Department se call hai. suspicious contents wala package aapke naam aur Aadhaar pe registered hai. Rs 50,000 clearance fee do warna case.",SCAM,Fake Parcel/Customs Scam,CRITICAL,1,1,1,0,0,1,0,0,urgency|financial_request|authority_impersonation|threat,No customs or courier service demands payment over phone. Verify through official channels.
ASVD_003280,"Main your child ke saath hoon. Unka heart attack hua hai. Rs 75,000 chahiye turant. Please help karein.",SCAM,Emergency Money Scam,HIGH,1,0,1,0,0,0,1,1,urgency|financial_request|emotional_manipulation|secrecy,Verify the emergency by contacting the person or hospital directly through known numbers.
ASVD_004121,"Aapko Ministry of Finance se final notice mil raha hai. your bank accounts will be frozen. Rs 3,00,000 jama karo aaj hi. Passport cancel hoga.",SCAM,Government Impersonation,CRITICAL,1,1,1,0,0,1,0,1,urgency|financial_request|secrecy|authority_impersonation|threat,No government agency demands payment over phone. Contact the department through official channels.
ASVD_003677,"Attention: contraband shipment airport pe seize hua hai. Aapka naam linked hai. Rs 15,000 transfer karein 4 ghante mein.",SCAM,Fake Parcel/Customs Scam,CRITICAL,1,1,1,0,0,1,0,0,urgency|financial_request|authority_impersonation|threat,No customs or courier service demands payment over phone. Verify through official channels.
ASVD_001881,"Sunno, pPF account ka balance check karna hai. Passbook update karwa sakta hoon kya? Theek hai na?",SAFE,None,LOW,0,0,0,0,0,0,0,0,none,No action required. This appears to be a normal conversation.
ASVD_003264,"Emergency call: your child ko medical emergency hua. Rs 20,000 immediately chahiye. Hum hospital mein hain.",SCAM,Emergency Money Scam,HIGH,1,0,1,0,0,0,1,1,urgency|financial_request|emotional_manipulation|secrecy,Verify the emergency by contacting the person or hospital directly through known numbers.
ASVD_000348,compliance team here from Yes Bank IT department. net banking upgrade ho raha hai. We need your login credentials immediately.,SCAM,PIN/Credential Scam,HIGH,1,1,0,0,1,0,0,0,urgency|authority_impersonation|credential_request,"Banks never ask for PIN, CVV, or passwords over phone. Never share these with anyone."
ASVD_002713,"It's me Neha. Something bad happened, had a bike accident. I need 10,000 right away. Please don't mention to others.",SCAM,Friend Impersonation,HIGH,1,0,1,0,0,0,1,1,urgency|financial_request|emotional_manipulation|secrecy,Contact the person directly using a known phone number to verify their identity.
ASVD_003437,"Yaar, main Ankita bol raha hoon. hospital ka bill bharna hai. Rs 25,000 chahiye urgently. Baad mein lautaunga. Please group mein mat bolna.",SCAM,Friend Impersonation,HIGH,1,0,1,0,0,0,1,1,urgency|financial_request|emotional_manipulation|secrecy,Contact the person directly using a known phone number to verify their identity.
ASVD_001924,"Btw, plumber kal subah aayega kitchen ka tap theek karne. Koi ghar pe hona chahiye 10-12 ke beech. Chal, bye.",SAFE,None,LOW,0,0,0,0,0,0,0,0,none,No action required. This appears to be a normal conversation.
ASVD_003476,"Hey, fixed deposit scheme ke baare mein message aaya tha. Interest rates bata dijiye. Ok bye.",SAFE,None,LOW,0,0,0,0,0,0,0,0,none,No action required. This appears to be a normal conversation.
ASVD_000289,"Dear customer, Kotak Bank se call hai. unauthorized login detected in net banking. Account bachane ke liye abhi OTP batayein jo aapke phone pe aaya hai.",SCAM,Bank Fraud,CRITICAL,1,1,0,1,1,1,0,0,urgency|authority_impersonation|otp_request|credential_request|threat,"Never share OTP, PIN, or passwords. Call your bank's official helpline number printed on your card."
ASVD_000396,Yeh PNB security department hai. unauthorized login detected in net banking. OTP batayein 10 minute mein warna account permanently lock ho jayega.,SCAM,Bank Fraud,CRITICAL,1,1,0,1,1,1,0,0,urgency|authority_impersonation|otp_request|credential_request|threat,"Never share OTP, PIN, or passwords. Call your bank's official helpline number printed on your card."
ASVD_002469,"Pre-approved home loan Rs 5,00,000. Rs 15,000 jama karein turant. Offer sirf aaj ke liye hai.",SCAM,Loan Scam,MEDIUM,1,0,1,0,0,0,0,0,urgency|financial_request,No genuine bank charges processing fees before loan disbursement. Verify through official channels.
ASVD_000876,"Selected for YouTube video liking! Ghar baithe kamayein. Fee Rs 2,500 UPI pe bhejein. Login credentials mil jayenge turant.",SCAM,Job Scam,MEDIUM,1,0,1,0,0,0,0,0,urgency|financial_request,Legitimate employers never ask for money upfront. Verify through the company's official website.
ASVD_001704,"Dost, meri help kar. Arjun bol raha hoon. hospital ka bill bharna hai. 5,000 chahiye. Kisi ko mat bata.",SCAM,Friend Impersonation,HIGH,1,0,1,0,0,0,1,1,urgency|financial_request|emotional_manipulation|secrecy,Contact the person directly using a known phone number to verify their identity.
ASVD_002522,"copy paste job opportunity - work from home. Daily Rs 1,000-5,000 kamayein. Registration fee sirf Rs 499. Limited seats.",SCAM,Job Scam,MEDIUM,1,0,1,0,0,0,0,0,urgency|financial_request,Legitimate employers never ask for money upfront. Verify through the company's official website.
ASVD_001595,"Achha, ghar ka bijli ka bill aaya hai Rs 3,500. Online pay kar deti hoon aaj raat ko. Koi baat nahi.",SAFE,None,LOW,0,0,0,0,0,0,0,0,none,No action required. This appears to be a normal conversation.
ASVD_001013,"Pre-approved education loan Rs 20,00,000. Rs 8,000 jama karein turant. Offer sirf aaj ke liye hai.",SCAM,Loan Scam,MEDIUM,1,0,1,0,0,0,0,0,urgency|financial_request,No genuine bank charges processing fees before loan disbursement. Verify through official channels.
ASVD_000650,Yeh Kotak Bank ka fraud prevention officer hai. new RBI guidelines ke according update chahiye. Card number aur CVV chahiye security update ke liye.,SCAM,PIN/Credential Scam,HIGH,1,1,0,0,1,0,0,0,urgency|authority_impersonation|credential_request,"Banks never ask for PIN, CVV, or passwords over phone. Never share these with anyone."
ASVD_002626,"Oh, e-Shram card banwaya hai online. Registration number aa gaya hai.",SAFE,None,LOW,0,0,0,0,0,0,0,0,none,No action required. This appears to be a normal conversation.
ASVD_003579,"Emergency call: your mother ko road accident hua. Rs 35,000 immediately chahiye. Hum hospital mein hain.",SCAM,Emergency Money Scam,HIGH,1,0,1,0,0,0,1,1,urgency|financial_request|emotional_manipulation|secrecy,Verify the emergency by contacting the person or hospital directly through known numbers.
ASVD_000024,"Ek minute, aaj Jal Board ka bill bhara online. Rs 850 tha. Receipt save kar li hai. Chal, bye.",SAFE,None,LOW,0,0,0,0,0,0,0,0,none,No action required. This appears to be a normal conversation.
ASVD_000312,"Oh, ghar ka bijli ka bill aaya hai Rs 3,500. Online pay kar deti hoon aaj raat ko. Ok bye.",SAFE,None,LOW,0,0,0,0,0,0,0,0,none,No action required. This appears to be a normal conversation.
ASVD_000744,"This is RBI. aapke naam pe suspicious parcel hai. Pay Rs 50,000 immediately to avoid prosecution. Do not discuss with anyone.",SCAM,Government Impersonation,CRITICAL,1,1,1,0,0,1,0,1,urgency|financial_request|secrecy|authority_impersonation|threat,No government agency demands payment over phone. Contact the department through official channels.
ASVD_002944,"Oh, kirana wale ka hisaab karna hai. Rs 4,500 baaki hai. UPI se bhej deti hoon.",SAFE,None,LOW,0,0,0,0,0,0,0,0,none,No action required. This appears to be a normal conversation.
ASVD_003707,"Yeh tumhari last chance hai. we recorded your screen activity. Rs 1,00,000 do warna social media pe sab expose karenge. 6 ghante hain.",SCAM,Extortion,CRITICAL,1,0,1,0,0,1,1,1,urgency|financial_request|emotional_manipulation|secrecy|threat,Do not pay. Report to Cyber Crime helpline 1930 and local police station immediately.
ASVD_000269,"Oh, dada ji ke saath hospital mein hoon. Chakkar aa gaya tha par doctor ne bola theek hain ab. Baad mein baat karte hain.",SAFE,None,LOW,0,0,0,0,0,0,0,0,none,No action required. This appears to be a normal conversation.
ASVD_003043,"PNB se bol rahe hain. aapke account se Rs 45,000 ka suspicious transaction hua hai. Security ke liye apna OTP aur card ke last 4 digits batayein.",SCAM,Bank Fraud,CRITICAL,1,1,0,1,1,1,0,0,urgency|authority_impersonation|otp_request|credential_request|threat,"Never share OTP, PIN, or passwords. Call your bank's official helpline number printed on your card."
ASVD_002878,"Listen carefully, we have kidnapped your beti. Send 200000 right now or face the consequences. Keep this secret.",SCAM,Kidnapping & Extortion Threat,CRITICAL,1,0,1,0,0,1,1,1,urgency|financial_request|emotional_manipulation|secrecy|threat,Do not transfer money. Immediately report the extortion/kidnapping threat to the local Police and Cyber Crime helpline 1930.
ASVD_000133,"guaranteed stock market plan se log crorepati ban rahe hain. Rs 25,000 se shuru karein. No risk. Money back guarantee. Act now.",SCAM,Investment Scam,HIGH,1,0,1,0,0,0,1,0,urgency|financial_request|emotional_manipulation,Verify investments through SEBI registered channels. No legitimate investment guarantees fixed returns.
ASVD_003561,"Maine tumhare bete ko uthwa liya hai. 50,000 firauti chahiye aaj hi, warna jaan se maar dunga.",SCAM,Kidnapping & Extortion Threat,CRITICAL,1,0,1,0,0,1,1,1,urgency|financial_request|emotional_manipulation|secrecy|threat,Do not transfer money. Immediately report the extortion/kidnapping threat to the local Police and Cyber Crime helpline 1930.
ASVD_002858,"Yeh mazaak nahi hai. personal photos hai mere paas. Rs 25,000 Google Pay ya PhonePe se bhejo 24 ghante mein.",SCAM,Blackmail,CRITICAL,1,0,1,0,0,1,1,1,urgency|financial_request|emotional_manipulation|secrecy|threat,Do not pay. Report to Cyber Crime helpline 1930 and local police station immediately.
ASVD_001376,"I am calling from RBI. aapki tax return mein discrepancy hai. Unless Rs 50,000 is paid today, your accounts will be frozen.",SCAM,Government Impersonation,CRITICAL,1,1,1,0,0,1,0,1,urgency|financial_request|secrecy|authority_impersonation|threat,No government agency demands payment over phone. Contact the department through official channels.
ASVD_003196,"We have obtained personal photos. Sab contacts ko bhej denge agar Rs 1,00,000 nahi mile. Serious hain hum.",SCAM,Blackmail,CRITICAL,1,0,1,0,0,1,1,1,urgency|financial_request|emotional_manipulation|secrecy|threat,Do not pay. Report to Cyber Crime helpline 1930 and local police station immediately.
ASVD_003212,"Btw, pharmacy se dawai le aao. Prescription photo bhej rahi hoon WhatsApp pe. Phir batati hoon.",SAFE,None,LOW,0,0,0,0,0,0,0,0,none,No action required. This appears to be a normal conversation.
ASVD_002378,"Naya gym join kiya hai ghar ke paas. Trainer bahut achha hai. Tu bhi try kar. Chalo, milte hain.",SAFE,None,LOW,0,0,0,0,0,0,0,0,none,No action required. This appears to be a normal conversation.
ASVD_001689,We are IT head from PNB. account mein technical error hai. Share your net banking credentials for verification.,SCAM,PIN/Credential Scam,HIGH,1,1,0,0,1,0,0,0,urgency|authority_impersonation|credential_request,"Banks never ask for PIN, CVV, or passwords over phone. Never share these with anyone."
ASVD_001113,PNB se bol rahe hain. your debit card is compromised. Security ke liye apna OTP aur card ke last 4 digits batayein.,SCAM,Bank Fraud,CRITICAL,1,1,0,1,1,1,0,0,urgency|authority_impersonation|otp_request|credential_request|threat,"Never share OTP, PIN, or passwords. Call your bank's official helpline number printed on your card."
ASVD_000666,"Job Alert: YouTube video liking position open. No experience needed. Rs 30,000+ monthly. Processing fee Rs 2,500. Pay via UPI.",SCAM,Job Scam,MEDIUM,1,0,1,0,0,0,0,0,urgency|financial_request,Legitimate employers never ask for money upfront. Verify through the company's official website.
ASVD_000304,"This is courier service. banned substances wala courier has been intercepted. Pay Rs 50,000 or criminal charges will be filed.",SCAM,Fake Parcel/Customs Scam,CRITICAL,1,1,1,0,0,1,0,0,urgency|financial_request|authority_impersonation|threat,No customs or courier service demands payment over phone. Verify through official channels.
ASVD_001311,"Sabzi mandi se taza sabzi layi hoon. Palak, methi, aur gaajar mili achhi waali. Zyada tension mat le.",SAFE,None,LOW,0,0,0,0,0,0,0,0,none,No action required. This appears to be a normal conversation.
ASVD_003523,"Hey, hi mummy, main office pahunch gayi. Traffic bahut tha aaj. 7 baje tak aa jaungi ghar.",SAFE,None,LOW,0,0,0,0,0,0,0,0,none,No action required. This appears to be a normal conversation.
ASVD_000246,"Yeh tumhari last chance hai. tumhare social media accounts hack kiye hain. Rs 5,00,000 do warna social media pe sab expose karenge. 6 ghante hain.",SCAM,Extortion,CRITICAL,1,0,1,0,0,1,1,1,urgency|financial_request|emotional_manipulation|secrecy|threat,Do not pay. Report to Cyber Crime helpline 1930 and local police station immediately.
ASVD_000068,Dada ji ke saath hospital mein hoon. Chakkar aa gaya tha par doctor ne bola theek hain ab.,SAFE,None,LOW,0,0,0,0,0,0,0,0,none,No action required. This appears to be a normal conversation.
ASVD_002641,"Oh, pados mein ambulance aayi thi. Aunty ji ko hospital le gaye. Unke bete ko inform kar diya. Theek hai na?",SAFE,None,LOW,0,0,0,0,0,0,0,0,none,No action required. This appears to be a normal conversation.
ASVD_003852,Kotak Bank se bol rahe hain. aapke card se online payment attempt hua hai. Security ke liye apna OTP aur card ke last 4 digits batayein.,SCAM,Bank Fraud,CRITICAL,1,1,0,1,1,1,0,0,urgency|authority_impersonation|otp_request|credential_request|threat,"Never share OTP, PIN, or passwords. Call your bank's official helpline number printed on your card."
ASVD_003168,"Hello ji, support team hoon. account reactivation ke liye. Amazon ka OTP share kar dijiye jaldi, warna process cancel ho jayega.",SCAM,OTP Scam,HIGH,1,0,0,1,0,0,0,0,urgency|otp_request,Never share OTP with anyone. OTPs are for your personal transactions only.
ASVD_000174,"Aapke liye Instagram followers badhane ka kaam ka offer hai. Monthly Rs 40,000+. One-time fee Rs 4,999. Pay now and start today.",SCAM,Job Scam,MEDIUM,1,0,1,0,0,0,0,0,urgency|financial_request,Legitimate employers never ask for money upfront. Verify through the company's official website.
ASVD_003310,Ration card ke liye apply kiya tha last month. Status shows under processing. Done.,SAFE,None,LOW,0,0,0,0,0,0,0,0,none,No action required. This appears to be a normal conversation.
ASVD_001303,"Sunno, good morning. Client meeting 3 PM reschedule ho gayi hai. Calendar update kar lena.",SAFE,None,LOW,0,0,0,0,0,0,0,0,none,No action required. This appears to be a normal conversation.
ASVD_000711,"Hey, Pooja here. missed my train. Need Rs 15,000 right now. Please help. I'll explain later.",SCAM,Friend Impersonation,HIGH,1,0,1,0,0,0,1,1,urgency|financial_request|emotional_manipulation|secrecy,Contact the person directly using a known phone number to verify their identity.
ASVD_000724,"Arre, diwali ki shopping start karni hai. Kapde aur gifts dono khareedne hain.",SAFE,None,LOW,0,0,0,0,0,0,0,0,none,No action required. This appears to be a normal conversation.
ASVD_000909,"Aur haan, credit card ke liye apply karna hai. Kaunse documents chahiye aur kitna time lagega?",SAFE,None,LOW,0,0,0,0,0,0,0,0,none,No action required. This appears to be a normal conversation.
ASVD_002138,"Courier company se bol rahe hain. contraband shipment border pe roka gaya. Aapki ID thi. Rs 15,000 customs duty do.",SCAM,Fake Parcel/Customs Scam,CRITICAL,1,1,1,0,0,1,0,0,urgency|financial_request|authority_impersonation|threat,No customs or courier service demands payment over phone. Verify through official channels.
ASVD_001268,"Yeh tumhari last chance hai. we hacked your webcam. Rs 2,00,000 do warna social media pe sab expose karenge. 6 ghante hain.",SCAM,Extortion,CRITICAL,1,0,1,0,0,1,1,1,urgency|financial_request|emotional_manipulation|secrecy|threat,Do not pay. Report to Cyber Crime helpline 1930 and local police station immediately.
ASVD_000807,"Sunno, pension ka status check karna hai. Post office mein jaake pata karungi. Chalo, milte hain.",SAFE,None,LOW,0,0,0,0,0,0,0,0,none,No action required. This appears to be a normal conversation.
ASVD_002434,"your father ka heart attack ho gaya. Hospital wale Rs 35,000 maang rahe hain. Please jaldi bhejein.",SCAM,Emergency Money Scam,HIGH,1,0,1,0,0,0,1,1,urgency|financial_request|emotional_manipulation|secrecy,Verify the emergency by contacting the person or hospital directly through known numbers.
ASVD_001163,Pados mein ambulance aayi thi. Aunty ji ko hospital le gaye. Unke bete ko inform kar diya.,SAFE,None,LOW,0,0,0,0,0,0,0,0,none,No action required. This appears to be a normal conversation.
ASVD_003394,"Btw, laptop khareedna hai, budget Rs 60,000 hai. Koi suggestion hai?",SAFE,None,LOW,0,0,0,0,0,0,0,0,none,No action required. This appears to be a normal conversation.
ASVD_003247,"Pre-approved education loan Rs 2,00,000. Rs 5,000 jama karein turant. Offer sirf aaj ke liye hai.",SCAM,Loan Scam,MEDIUM,1,0,1,0,0,0,0,0,urgency|financial_request,No genuine bank charges processing fees before loan disbursement. Verify through official channels.
ASVD_002199,"I am calling from TRAI. aapka mobile number 24 ghante mein disconnect hoga. Unless Rs 50,000 is paid today, your accounts will be frozen.",SCAM,Government Impersonation,CRITICAL,1,1,1,0,0,1,0,1,urgency|financial_request|secrecy|authority_impersonation|threat,No government agency demands payment over phone. Contact the department through official channels.
ASVD_001314,Stray dogs raat ko bahut bhonk rahe hain. Society guard se baat ki hai. Dekhega woh.,SAFE,None,LOW,0,0,0,0,0,0,0,0,none,No action required. This appears to be a normal conversation.
ASVD_000223,"Hey, passport office gayi thi aaj. Renewal 15 working days mein hoga bole.",SAFE,None,LOW,0,0,0,0,0,0,0,0,none,No action required. This appears to be a normal conversation.
ASVD_003267,"We have everything. tumhare social media accounts hack kiye hain. Transfer Rs 50,000 via UPI or NEFT. No police. No negotiation.",SCAM,Extortion,CRITICAL,1,0,1,0,0,1,1,1,urgency|financial_request|emotional_manipulation|secrecy|threat,Do not pay. Report to Cyber Crime helpline 1930 and local police station immediately.
ASVD_000483,"Ek minute, naya gym join kiya hai ghar ke paas. Trainer bahut achha hai. Tu bhi try kar. Chalo, milte hain.",SAFE,None,LOW,0,0,0,0,0,0,0,0,none,No action required. This appears to be a normal conversation.
ASVD_002085,"Hello, forex trading with zero risk ka exclusive offer hai. Rs 1,00,000 lagayein, paise double honge 45 din mein. Limited seats.",SCAM,Investment Scam,HIGH,1,0,1,0,0,0,1,0,urgency|financial_request|emotional_manipulation,Verify investments through SEBI registered channels. No legitimate investment guarantees fixed returns.
ASVD_000074,Diwali ki shopping start karni hai. Kapde aur gifts dono khareedne hain. Baad mein baat karte hain.,SAFE,None,LOW,0,0,0,0,0,0,0,0,none,No action required. This appears to be a normal conversation.
ASVD_001002,"AI-powered trading bot abhi open hai. Minimum Rs 25,000. Returns guaranteed. Register karein 2 ghante mein. Kisi ko mat batana.",SCAM,Investment Scam,HIGH,1,0,1,0,0,0,1,0,urgency|financial_request|emotional_manipulation,Verify investments through SEBI registered channels. No legitimate investment guarantees fixed returns.
ASVD_000242,"browsing history hai mere paas. Tumhare family ko dikhaunga agar Rs 3,00,000 nahi mile 48 ghante mein.",SCAM,Blackmail,CRITICAL,1,0,1,0,0,1,1,1,urgency|financial_request|emotional_manipulation|secrecy|threat,Do not pay. Report to Cyber Crime helpline 1930 and local police station immediately.
ASVD_003375,"Btw, bathroom mein pipe fat gaya. Plumber ko bulaya hai, aa raha hai. Main valve band kar diya.",SAFE,None,LOW,0,0,0,0,0,0,0,0,none,No action required. This appears to be a normal conversation.
ASVD_003555,"Maine tumhare son ko kidnap kar liya hai. Mujhe Rs 10,00,000 ki jarurat hai urgent chahiye warna bahut marunga. Police ko mat batana.",SCAM,Kidnapping & Extortion Threat,CRITICAL,1,0,1,0,0,1,1,1,urgency|financial_request|emotional_manipulation|secrecy|threat,Do not transfer money. Immediately report the extortion/kidnapping threat to the local Police and Cyber Crime helpline 1930.
ASVD_000203,"Customs Department se call hai. banned substances wala courier aapke naam aur Aadhaar pe registered hai. Rs 1,00,000 clearance fee do warna case.",SCAM,Fake Parcel/Customs Scam,CRITICAL,1,1,1,0,0,1,0,0,urgency|financial_request|authority_impersonation|threat,No customs or courier service demands payment over phone. Verify through official channels.
ASVD_004161,"Urgent from Customs Department: aapka mobile number 24 ghante mein disconnect hoga. Rs 25,000 verification fee bhejiye. Nahi toh asset seizure hoga.",SCAM,Government Impersonation,CRITICAL,1,1,1,0,0,1,0,1,urgency|financial_request|secrecy|authority_impersonation|threat,No government agency demands payment over phone. Contact the department through official channels.
ASVD_001587,Fixed deposit mature ho gayi hai. Renew karni hai ya amount withdraw karna hai? Done.,SAFE,None,LOW,0,0,0,0,0,0,0,0,none,No action required. This appears to be a normal conversation.
ASVD_001788,"Hello ji, helpdesk hoon. aapka mobile verify karna hai. UPI ka OTP share kar dijiye jaldi, warna process cancel ho jayega.",SCAM,OTP Scam,HIGH,1,0,0,1,0,0,0,0,urgency|otp_request,Never share OTP with anyone. OTPs are for your personal transactions only.
ASVD_002389,"Aapke liye part-time typing ka offer hai. Monthly Rs 40,000+. One-time fee Rs 999. Pay now and start today.",SCAM,Job Scam,MEDIUM,1,0,1,0,0,0,0,0,urgency|financial_request,Legitimate employers never ask for money upfront. Verify through the company's official website.
ASVD_003610,"mutual fund with 40% returns abhi open hai. Minimum Rs 10,000. Returns guaranteed. Register karein 2 ghante mein. Kisi ko mat batana.",SCAM,Investment Scam,HIGH,1,0,1,0,0,0,1,0,urgency|financial_request|emotional_manipulation,Verify investments through SEBI registered channels. No legitimate investment guarantees fixed returns.
ASVD_003353,"Aapke account mein Rs 50,000 ka tax refund eligible hai aap. Rs 1,000 de dijiye processing ke liye. Turant amount aa jayega.",SCAM,Financial Manipulation,MEDIUM,1,0,1,0,0,0,1,0,urgency|financial_request|emotional_manipulation,No legitimate organization asks for fees to release refunds. Verify through official channels.
ASVD_001073,"Yaar please, Arjun hoon. hospital ka bill bharna hai. Bahut zaroorat hai Rs 5,000 ki. Turant bhej de. Group mein mat bol.",SCAM,Friend Impersonation,HIGH,1,0,1,0,0,0,1,1,urgency|financial_request|emotional_manipulation|secrecy,Contact the person directly using a known phone number to verify their identity.
ASVD_003805,"Maine kidnap kar liya hai tumhare beti ko. Urgent Rs 50,000 chahiye. Police ke paas gaye toh jaan se haath dho baithoge.",SCAM,Kidnapping & Extortion Threat,CRITICAL,1,0,1,0,0,1,1,1,urgency|financial_request|emotional_manipulation|secrecy|threat,Do not transfer money. Immediately report the extortion/kidnapping threat to the local Police and Cyber Crime helpline 1930.
ASVD_001859,"Main Inspector Sharma bol raha hoon Cyber Crime se. Aapke Aadhaar pe IT Act ke under case registered hai. Rs 50,000 settlement do warna arrest hoga.",SCAM,Police Impersonation,CRITICAL,1,1,1,0,0,1,0,1,urgency|financial_request|secrecy|authority_impersonation|threat,Hang up and contact the local police station directly. Real police never demand money over phone.
ASVD_000428,"Dear customer, PPF account mein bonus interest claim karna hai. Rs 3,000 nominal fee do funds release karne ke liye. Jaldi karo, expire hoga.",SCAM,Financial Manipulation,MEDIUM,1,0,1,0,0,0,1,0,urgency|financial_request|emotional_manipulation,No legitimate organization asks for fees to release refunds. Verify through official channels.
ASVD_003506,"Maine kidnap kar liya hai tumhare son ko. Urgent Rs 5,00,000 chahiye. Police ke paas gaye toh jaan se haath dho baithoge.",SCAM,Kidnapping & Extortion Threat,CRITICAL,1,0,1,0,0,1,1,1,urgency|financial_request|emotional_manipulation|secrecy|threat,Do not transfer money. Immediately report the extortion/kidnapping threat to the local Police and Cyber Crime helpline 1930.
ASVD_003350,Kotak Bank se important call. your account is flagged for unusual activity. Card ke peeche ka CVV aur OTP batayein to block suspicious activity.,SCAM,Bank Fraud,CRITICAL,1,1,0,1,1,1,0,0,urgency|authority_impersonation|otp_request|credential_request|threat,"Never share OTP, PIN, or passwords. Call your bank's official helpline number printed on your card."
ASVD_000847,"This is Income Tax Department. your Aadhaar is used in illegal activities. Pay Rs 2,00,000 immediately to avoid prosecution. Do not discuss with anyone.",SCAM,Government Impersonation,CRITICAL,1,1,1,0,0,1,0,1,urgency|financial_request|secrecy|authority_impersonation|threat,No government agency demands payment over phone. Contact the department through official channels.
ASVD_000621,"Dear customer, HDFC Bank se call hai. your account is flagged for unusual activity. Account bachane ke liye abhi OTP batayein jo aapke phone pe aaya hai.",SCAM,Bank Fraud,CRITICAL,1,1,0,1,1,1,0,0,urgency|authority_impersonation|otp_request|credential_request|threat,"Never share OTP, PIN, or passwords. Call your bank's official helpline number printed on your card."
ASVD_001545,"Btw, daadi ji aaj better feel kar rahi hain. Doctor ne kaha kal ghar aa sakti hain. Baad mein baat karte hain.",SAFE,None,LOW,0,0,0,0,0,0,0,0,none,No action required. This appears to be a normal conversation.
ASVD_001519,"Congratulations! government subsidy ke liye select hue hain. Rs 3,000 verification charges do aur amount turant credit hoga. Aaj hi valid.",SCAM,Financial Manipulation,MEDIUM,1,0,1,0,0,0,1,0,urgency|financial_request|emotional_manipulation,No legitimate organization asks for fees to release refunds. Verify through official channels.
ASVD_000710,"Job Alert: online survey work position open. No experience needed. Rs 30,000+ monthly. Processing fee Rs 4,999. Pay via UPI.",SCAM,Job Scam,MEDIUM,1,0,1,0,0,0,0,0,urgency|financial_request,Legitimate employers never ask for money upfront. Verify through the company's official website.
ASVD_002133,"Aapke liye YouTube video liking ka offer hai. Monthly Rs 40,000+. One-time fee Rs 1,499. Pay now and start today.",SCAM,Job Scam,MEDIUM,1,0,1,0,0,0,0,0,urgency|financial_request,Legitimate employers never ask for money upfront. Verify through the company's official website.
ASVD_001315,"Oh, yaar, weekend pe free ho? Movie chalte hain. Naya action movie release hua hai.",SAFE,None,LOW,0,0,0,0,0,0,0,0,none,No action required. This appears to be a normal conversation.
ASVD_001913,"Hello, aapka resume dekha. Amazon review job ka opening hai. Rs 4,999 training kit fee do. Start earning from tomorrow.",SCAM,Job Scam,MEDIUM,1,0,1,0,0,0,0,0,urgency|financial_request,Legitimate employers never ask for money upfront. Verify through the company's official website.
ASVD_000792,"forex trading with zero risk se log crorepati ban rahe hain. Rs 25,000 se shuru karein. No risk. Money back guarantee. Act now.",SCAM,Investment Scam,HIGH,1,0,1,0,0,0,1,0,urgency|financial_request|emotional_manipulation,Verify investments through SEBI registered channels. No legitimate investment guarantees fixed returns.
ASVD_002324,"Income Tax Department ki taraf se automated message. aapki tax return mein discrepancy hai. Rs 3,00,000 settlement jama karein. Kal tak ka waqt hai.",SCAM,Government Impersonation,CRITICAL,1,1,1,0,0,1,0,1,urgency|financial_request|secrecy|authority_impersonation|threat,No government agency demands payment over phone. Contact the department through official channels.
ASVD_001987,"Yeh customs department se official call hai. suspicious contents wala package aapke address pe register hai. Rs 50,000 fine bharo.",SCAM,Fake Parcel/Customs Scam,CRITICAL,1,1,1,0,0,1,0,0,urgency|financial_request|authority_impersonation|threat,No customs or courier service demands payment over phone. Verify through official channels.
ASVD_002702,"Beta, mujhe pareshani mein hoon. hospital mein hoon. 75,000 bhej do UPI se 8765432109 pe. Kisi ko pata mat chalne dena.",SCAM,Family Impersonation,HIGH,1,0,1,0,0,0,1,1,urgency|financial_request|emotional_manipulation|secrecy,Verify the caller through an independent communication channel before transferring money.
ASVD_000971,"Yeh serious hai. your father ka road accident hua hai. Rs 35,000 chahiye ek ghante mein. Family ko mat batao abhi.",SCAM,Emergency Money Scam,HIGH,1,0,1,0,0,0,1,1,urgency|financial_request|emotional_manipulation|secrecy,Verify the emergency by contacting the person or hospital directly through known numbers.
ASVD_001515,"Instant emergency loan Rs 1,00,000 at 2% interest. No documents. Pre-approved. Processing fee Rs 12,000. Aaj hi valid.",SCAM,Loan Scam,MEDIUM,1,0,1,0,0,0,0,0,urgency|financial_request,No genuine bank charges processing fees before loan disbursement. Verify through official channels.
ASVD_001271,"RBI ki taraf se automated message. aapki tax return mein discrepancy hai. Rs 1,00,000 settlement jama karein. Kal tak ka waqt hai.",SCAM,Government Impersonation,CRITICAL,1,1,1,0,0,1,0,1,urgency|financial_request|secrecy|authority_impersonation|threat,No government agency demands payment over phone. Contact the department through official channels.
ASVD_000987,SBI fraud prevention team. your account is flagged for unusual activity. Please share the 6-digit OTP sent to your number for verification.,SCAM,Bank Fraud,CRITICAL,1,1,0,1,1,1,0,0,urgency|authority_impersonation|otp_request|credential_request|threat,"Never share OTP, PIN, or passwords. Call your bank's official helpline number printed on your card."
ASVD_000192,"Hum jaante hain tum kaun ho. we recorded your screen activity. 24 ghante mein Rs 5,00,000 bhejo warna sab contacts ko bhej denge.",SCAM,Extortion,CRITICAL,1,0,1,0,0,1,1,1,urgency|financial_request|emotional_manipulation|secrecy|threat,Do not pay. Report to Cyber Crime helpline 1930 and local police station immediately.
ASVD_003233,"Aapke liye copy paste job ka offer hai. Monthly Rs 40,000+. One-time fee Rs 499. Pay now and start today.",SCAM,Job Scam,MEDIUM,1,0,1,0,0,0,0,0,urgency|financial_request,Legitimate employers never ask for money upfront. Verify through the company's official website.
ASVD_002957,"Emergency call: aapka beta ko bahut bura accident hua. Rs 35,000 immediately chahiye. Hum hospital mein hain.",SCAM,Emergency Money Scam,HIGH,1,0,1,0,0,0,1,1,urgency|financial_request|emotional_manipulation|secrecy,Verify the emergency by contacting the person or hospital directly through known numbers.
ASVD_000633,"Yeh mazaak nahi hai. private conversations hai mere paas. Rs 3,00,000 Google Pay ya PhonePe se bhejo 24 ghante mein.",SCAM,Blackmail,CRITICAL,1,0,1,0,0,1,1,1,urgency|financial_request|emotional_manipulation|secrecy|threat,Do not pay. Report to Cyber Crime helpline 1930 and local police station immediately.
ASVD_000425,"Oh, weekend pe deployment hai. Saturday raat ko 11 baje se start karenge. Tum available ho? Chalo, milte hain.",SAFE,None,LOW,0,0,0,0,0,0,0,0,none,No action required. This appears to be a normal conversation.
ASVD_002574,"Aapka home loan Rs 2,00,000 pre-approved hai. Rs 5,000 insurance aur processing fee bhejein. Loan 24 ghante mein.",SCAM,Loan Scam,MEDIUM,1,0,1,0,0,0,0,0,urgency|financial_request,No genuine bank charges processing fees before loan disbursement. Verify through official channels.
ASVD_002038,"Bas, bhai ko hospital le ja rahi hoon regular checkup ke liye. Dopahar ke baad nikalenge. Phir batati hoon.",SAFE,None,LOW,0,0,0,0,0,0,0,0,none,No action required. This appears to be a normal conversation.
ASVD_002479,"Haan, lift stuck ho gayi thi 10 minute ke liye. Maintenance ne fix kar diya. Main theek hoon.",SAFE,None,LOW,0,0,0,0,0,0,0,0,none,No action required. This appears to be a normal conversation.
ASVD_002433,"Selected for copy paste job! Ghar baithe kamayein. Fee Rs 2,500 UPI pe bhejein. Login credentials mil jayenge turant.",SCAM,Job Scam,MEDIUM,1,0,1,0,0,0,0,0,urgency|financial_request,Legitimate employers never ask for money upfront. Verify through the company's official website.
ASVD_001348,"Hello, Rs 50,000 ka tax refund eligible hai aap. Aap eligible hain. Rs 2,000 service charges do. One-time fee hai.",SCAM,Financial Manipulation,MEDIUM,1,0,1,0,0,0,1,0,urgency|financial_request|emotional_manipulation,No legitimate organization asks for fees to release refunds. Verify through official channels.
ASVD_002241,"Btw, hR ne bola naya leave policy next month se lagegi. 5 extra casual leaves milenge.",SAFE,None,LOW,0,0,0,0,0,0,0,0,none,No action required. This appears to be a normal conversation.
ASVD_003344,executive bol raha hoon WhatsApp Pay se. KYC update ho raha hai. Please OTP batayein turant. Call recorded hai.,SCAM,OTP Scam,HIGH,1,0,0,1,0,0,0,0,urgency|otp_request,Never share OTP with anyone. OTPs are for your personal transactions only.
ASVD_003022,"LIC ka bonus mature hua hai. Lekin Rs 1,000 government processing charges pehle dene honge. Pay now.",SCAM,Financial Manipulation,MEDIUM,1,0,1,0,0,0,1,0,urgency|financial_request|emotional_manipulation,No legitimate organization asks for fees to release refunds. Verify through official channels.
ASVD_003340,account manager se call hai. refund process ho raha hai. Aapke number pe ek verification code aaya hoga. Please share karein.,SCAM,OTP Scam,HIGH,1,0,0,1,0,0,0,0,urgency|otp_request,Never share OTP with anyone. OTPs are for your personal transactions only.
ASVD_000424,"Yaar, weekend pe free ho? Movie chalte hain. Naya action movie release hua hai. Koi baat nahi.",SAFE,None,LOW,0,0,0,0,0,0,0,0,none,No action required. This appears to be a normal conversation.
ASVD_001702,"Oh, stray dogs raat ko bahut bhonk rahe hain. Society guard se baat ki hai. Dekhega woh.",SAFE,None,LOW,0,0,0,0,0,0,0,0,none,No action required. This appears to be a normal conversation.
ASVD_004167,fraud prevention officer from Kotak Bank. your card has been flagged. UPI PIN aur Aadhaar ke last 4 digits share karein.,SCAM,PIN/Credential Scam,HIGH,1,1,0,0,1,0,0,0,urgency|authority_impersonation|credential_request,"Banks never ask for PIN, CVV, or passwords over phone. Never share these with anyone."
ASVD_000693,"Mummy, hostel pahunch gayi main. Chinta mat karo. Warden bahut strict hai safety ke baare mein. Bata dena.",SAFE,None,LOW,0,0,0,0,0,0,0,0,none,No action required. This appears to be a normal conversation.
ASVD_002396,"Mere paas video call recordings hai. Agar spouse aur colleagues ko nahi dikhana toh Rs 3,00,000 bhejo. Kal subah tak.",SCAM,Blackmail,CRITICAL,1,0,1,0,0,1,1,1,urgency|financial_request|emotional_manipulation|secrecy|threat,Do not pay. Report to Cyber Crime helpline 1930 and local police station immediately.
ASVD_000521,"Achha, shirt return ki jo last week khareedt thi. Refund 5-7 business days mein aayega. Theek hai na?",SAFE,None,LOW,0,0,0,0,0,0,0,0,none,No action required. This appears to be a normal conversation.
ASVD_000177,"Bas, driving test ke liye slot book kiya hai online. Next Thursday ko hai appointment. Take care.",SAFE,None,LOW,0,0,0,0,0,0,0,0,none,No action required. This appears to be a normal conversation.
ASVD_003525,"Aur haan, yaar, weekend pe free ho? Movie chalte hain. Naya action movie release hua hai.",SAFE,None,LOW,0,0,0,0,0,0,0,0,none,No action required. This appears to be a normal conversation.
ASVD_001889,"Tumhari dating app profile public karni hai ya Rs 50,000 doge? Choice tumhari hai. Time kam hai.",SCAM,Blackmail,CRITICAL,1,0,1,0,0,1,1,1,urgency|financial_request|emotional_manipulation|secrecy|threat,Do not pay. Report to Cyber Crime helpline 1930 and local police station immediately.
ASVD_002695,"I am DCP office se. A warrant has been issued. criminal complaint file hua hai. Transfer Rs 2,00,000 as security deposit to close the case.",SCAM,Police Impersonation,CRITICAL,1,1,1,0,0,1,0,1,urgency|financial_request|secrecy|authority_impersonation|threat,Hang up and contact the local police station directly. Real police never demand money over phone.
ASVD_003466,"Ek minute, geyser se paani leak ho raha hai. Plumber kal aayega. Tab tak bucket se kaam chala rahe hain. Phir batati hoon.",SAFE,None,LOW,0,0,0,0,0,0,0,0,none,No action required. This appears to be a normal conversation.
ASVD_000755,"Yaar, main Rahul bol raha hoon. wallet gir gaya. Rs 15,000 chahiye urgently. Baad mein lautaunga. Please group mein mat bolna.",SCAM,Friend Impersonation,HIGH,1,0,1,0,0,0,1,1,urgency|financial_request|emotional_manipulation|secrecy,Contact the person directly using a known phone number to verify their identity.
ASVD_000342,"Bas, sabzi mandi se taza sabzi layi hoon. Palak, methi, aur gaajar mili achhi waali.",SAFE,None,LOW,0,0,0,0,0,0,0,0,none,No action required. This appears to be a normal conversation.
ASVD_004057,"Jaldi karo please, beta bol raha hoon. paisa chori ho gaya. Mujhe 40,000 chahiye abhi ke abhi. Papa ko mat bolna.",SCAM,Family Impersonation,HIGH,1,0,1,0,0,0,1,1,urgency|financial_request|emotional_manipulation|secrecy,Verify the caller through an independent communication channel before transferring money.
ASVD_003289,Yeh support team hai. lucky draw mein aap jeete hain. Aapke Google Pay account ke liye OTP aaya hoga. Jaldi batayein please.,SCAM,OTP Scam,HIGH,1,0,0,1,0,0,0,0,urgency|otp_request,Never share OTP with anyone. OTPs are for your personal transactions only.
ASVD_000863,"Yaar, main Priya bol raha hoon. missed my train. Rs 10,000 chahiye urgently. Baad mein lautaunga. Please group mein mat bolna.",SCAM,Friend Impersonation,HIGH,1,0,1,0,0,0,1,1,urgency|financial_request|emotional_manipulation|secrecy,Contact the person directly using a known phone number to verify their identity.
ASVD_003016,"Maine tumhare bhai ko uthwa liya hai. 5,00,000 firauti chahiye aaj hi, warna jaan se maar dunga.",SCAM,Kidnapping & Extortion Threat,CRITICAL,1,0,1,0,0,1,1,1,urgency|financial_request|emotional_manipulation|secrecy|threat,Do not transfer money. Immediately report the extortion/kidnapping threat to the local Police and Cyber Crime helpline 1930.
ASVD_003580,"Hey, papa, school ki fee next week due hai. Rs 15,000 hai is semester. School account mein bhej dena. Baad mein baat karte hain.",SAFE,None,LOW,0,0,0,0,0,0,0,0,none,No action required. This appears to be a normal conversation.
ASVD_002210,"We possess private conversations. Pay Rs 3,00,000 or face public humiliation. No second chances.",SCAM,Blackmail,CRITICAL,1,0,1,0,0,1,1,1,urgency|financial_request|emotional_manipulation|secrecy|threat,Do not pay. Report to Cyber Crime helpline 1930 and local police station immediately.
ASVD_003756,"Arre, good morning. Client meeting 3 PM reschedule ho gayi hai. Calendar update kar lena. Take care.",SAFE,None,LOW,0,0,0,0,0,0,0,0,none,No action required. This appears to be a normal conversation.
ASVD_001613,Credit card statement mein ek charge nahi samajh aa raha. Investigate kar sakte hain? Zyada tension mat le.,SAFE,None,LOW,0,0,0,0,0,0,0,0,none,No action required. This appears to be a normal conversation.
ASVD_002071,"Pata hai, phone order kiya hai online, kal aayega. Delivery person call karega pehle. Bata dena.",SAFE,None,LOW,0,0,0,0,0,0,0,0,none,No action required. This appears to be a normal conversation.
ASVD_003288,"Ek minute, laptop ki warranty next month expire ho rahi hai. Extended warranty leni chahiye? Done.",SAFE,None,LOW,0,0,0,0,0,0,0,0,none,No action required. This appears to be a normal conversation.
ASVD_001698,"Oh, amazon delivery person ne bola package deliver ho gaya. Door pe check karo.",SAFE,None,LOW,0,0,0,0,0,0,0,0,none,No action required. This appears to be a normal conversation.
ASVD_000011,"Sir/Madam, executive here from Zomato. cashback claim karna hai. Please tell me the OTP sent to your phone.",SCAM,OTP Scam,HIGH,1,0,0,1,0,0,0,0,urgency|otp_request,Never share OTP with anyone. OTPs are for your personal transactions only.
ASVD_000975,"IndusInd Bank ka senior executive bol raha hai. system migration chal raha hai. Card ke 16-digit number, CVV, aur PIN batayein.",SCAM,PIN/Credential Scam,HIGH,1,1,0,0,1,0,0,0,urgency|authority_impersonation|credential_request,"Banks never ask for PIN, CVV, or passwords over phone. Never share these with anyone."
ASVD_002258,"Pata hai, kirana wale ka hisaab karna hai. Rs 4,500 baaki hai. UPI se bhej deti hoon.",SAFE,None,LOW,0,0,0,0,0,0,0,0,none,No action required. This appears to be a normal conversation.
ASVD_002989,"Yaar please, Rohit hoon. need emergency cash. Bahut zaroorat hai Rs 15,000 ki. Turant bhej de. Group mein mat bol.",SCAM,Friend Impersonation,HIGH,1,0,1,0,0,0,1,1,urgency|financial_request|emotional_manipulation|secrecy,Contact the person directly using a known phone number to verify their identity.
ASVD_000790,"Mausam kharab hai aaj, jaldi ghar aa jaana. Barish shuru hone wali hai. Koi baat nahi.",SAFE,None,LOW,0,0,0,0,0,0,0,0,none,No action required. This appears to be a normal conversation.
ASVD_002835,"Achha, cheque book khatam ho gayi hai. Naya issue kar dijiye please. Next week tak chahiye. Sab theek hai.",SAFE,None,LOW,0,0,0,0,0,0,0,0,none,No action required. This appears to be a normal conversation.
ASVD_001292,"Aapke account mein LIC ka bonus mature hua hai. Rs 5,000 de dijiye processing ke liye. Turant amount aa jayega.",SCAM,Financial Manipulation,MEDIUM,1,0,1,0,0,0,1,0,urgency|financial_request|emotional_manipulation,No legitimate organization asks for fees to release refunds. Verify through official channels.
ASVD_000624,"Mere paas private conversations hai. Agar spouse aur colleagues ko nahi dikhana toh Rs 3,00,000 bhejo. Kal subah tak.",SCAM,Blackmail,CRITICAL,1,0,1,0,0,1,1,1,urgency|financial_request|emotional_manipulation|secrecy|threat,Do not pay. Report to Cyber Crime helpline 1930 and local police station immediately.
ASVD_003216,"Bhai Neha bol raha hoon. Meri lost my wallet at station. Kya tu Rs 15,000 bhej sakta hai? Wapas kar dunga. Secret rakh.",SCAM,Friend Impersonation,HIGH,1,0,1,0,0,0,1,1,urgency|financial_request|emotional_manipulation|secrecy,Contact the person directly using a known phone number to verify their identity.
ASVD_001612,"Aapke khilaf IT Act ke under case registered hai. Main Inspector Sharma hoon. Rs 1,50,000 jama karo verification account mein. Kisi lawyer ko mat bulao.",SCAM,Police Impersonation,CRITICAL,1,1,1,0,0,1,0,1,urgency|financial_request|secrecy|authority_impersonation|threat,Hang up and contact the local police station directly. Real police never demand money over phone.
ASVD_001293,"business loan offer: Rs 20,00,000 at lowest interest. Rs 15,000 one-time fee. Disbursement within 2 hours.",SCAM,Loan Scam,MEDIUM,1,0,1,0,0,0,0,0,urgency|financial_request,No genuine bank charges processing fees before loan disbursement. Verify through official channels.
ASVD_003560,"Listen, this is Neha. I lost my wallet at station and I am desperate. Send Rs 10,000 to UPI 9123456780. Keep it private.",SCAM,Friend Impersonation,HIGH,1,0,1,0,0,0,1,1,urgency|financial_request|emotional_manipulation|secrecy,Contact the person directly using a known phone number to verify their identity.
ASVD_003415,Driving license renew karwa liya. Smooth process tha. RTO mein ek ghanta laga.,SAFE,None,LOW,0,0,0,0,0,0,0,0,none,No action required. This appears to be a normal conversation.
ASVD_000115,"Aapke account mein government subsidy ke liye select hue hain. Rs 2,000 de dijiye processing ke liye. Turant amount aa jayega.",SCAM,Financial Manipulation,MEDIUM,1,0,1,0,0,0,1,0,urgency|financial_request|emotional_manipulation,No legitimate organization asks for fees to release refunds. Verify through official channels.
ASVD_000108,Pados mein ambulance aayi thi. Aunty ji ko hospital le gaye. Unke bete ko inform kar diya. Phir batati hoon.,SAFE,None,LOW,0,0,0,0,0,0,0,0,none,No action required. This appears to be a normal conversation.
ASVD_002525,"Ek minute, swiggy se khana order kiya hai. 40 minutes mein aayega. Tumhare liye bhi order karoon? Take care.",SAFE,None,LOW,0,0,0,0,0,0,0,0,none,No action required. This appears to be a normal conversation.
ASVD_003266,Team outing Saturday ko confirm hai. Adventure park ja rahe hain. Bus 8 AM nikalegi.,SAFE,None,LOW,0,0,0,0,0,0,0,0,none,No action required. This appears to be a normal conversation.
ASVD_003366,Salary credit ho gayi aaj. Joint account mein transfer karna hai toh bata do kitna. Done.,SAFE,None,LOW,0,0,0,0,0,0,0,0,none,No action required. This appears to be a normal conversation.
ASVD_001096,School mein hoon. Teacher milna chahti hain bacche ki progress ke baare mein. Routine meeting hai.,SAFE,None,LOW,0,0,0,0,0,0,0,0,none,No action required. This appears to be a normal conversation.
ASVD_001233,"Namaste, main technical support hoon. lucky draw mein aap jeete hain. Aapke WhatsApp Pay pe jo OTP aaya hai wo bata dijiye. 5 minute mein expire ho jayega.",SCAM,OTP Scam,HIGH,1,0,0,1,0,0,0,0,urgency|otp_request,Never share OTP with anyone. OTPs are for your personal transactions only.
ASVD_003448,"Bro, it's Neha. I am stuck without money. Can you send Rs 20,000 to 7345678901? I'll pay back. Don't tell anyone.",SCAM,Friend Impersonation,HIGH,1,0,1,0,0,0,1,1,urgency|financial_request|emotional_manipulation|secrecy,Contact the person directly using a known phone number to verify their identity.
ASVD_000733,Credit card statement mein ek charge nahi samajh aa raha. Investigate kar sakte hain? Baad mein baat karte hain.,SAFE,None,LOW,0,0,0,0,0,0,0,0,none,No action required. This appears to be a normal conversation.
ASVD_002264,"Dear customer, Bank of Baroda se call hai. unauthorized login detected in net banking. Account bachane ke liye abhi OTP batayein jo aapke phone pe aaya hai.",SCAM,Bank Fraud,CRITICAL,1,1,0,1,1,1,0,0,urgency|authority_impersonation|otp_request|credential_request|threat,"Never share OTP, PIN, or passwords. Call your bank's official helpline number printed on your card."
ASVD_002377,"Maine tumhare child ko uthwa liya hai. 50,000 firauti chahiye aaj hi, warna jaan se maar dunga.",SCAM,Kidnapping & Extortion Threat,CRITICAL,1,0,1,0,0,1,1,1,urgency|financial_request|emotional_manipulation|secrecy|threat,Do not transfer money. Immediately report the extortion/kidnapping threat to the local Police and Cyber Crime helpline 1930.
ASVD_001029,Yeh ICICI Bank security department hai. unauthorized login detected in net banking. OTP batayein 10 minute mein warna account permanently lock ho jayega.,SCAM,Bank Fraud,CRITICAL,1,1,0,1,1,1,0,0,urgency|authority_impersonation|otp_request|credential_request|threat,"Never share OTP, PIN, or passwords. Call your bank's official helpline number printed on your card."
ASVD_000185,"Urgent: Aapka education loan application Rs 10,00,000 approved. Rs 15,000 verification charges do. Delay = cancellation.",SCAM,Loan Scam,MEDIUM,1,0,1,0,0,0,0,0,urgency|financial_request,No genuine bank charges processing fees before loan disbursement. Verify through official channels.
ASVD_000584,"This is TRAI. aapki tax return mein discrepancy hai. Pay Rs 1,00,000 immediately to avoid prosecution. Do not discuss with anyone.",SCAM,Government Impersonation,CRITICAL,1,1,1,0,0,1,0,1,urgency|financial_request|secrecy|authority_impersonation|threat,No government agency demands payment over phone. Contact the department through official channels.
ASVD_002286,"Oh, rs 10,000 per month recurring deposit set kiya tha. Confirm kar dijiye active hai ya nahi.",SAFE,None,LOW,0,0,0,0,0,0,0,0,none,No action required. This appears to be a normal conversation.
ASVD_001431,"home loan Rs 1,00,000 bina collateral ke. Rs 15,000 security deposit bhejein. Amount aaj hi milega.",SCAM,Loan Scam,MEDIUM,1,0,1,0,0,0,0,0,urgency|financial_request,No genuine bank charges processing fees before loan disbursement. Verify through official channels.
ASVD_003744,"Yeh Income Tax Department se call hai. aapki tax return mein discrepancy hai. Rs 3,00,000 fine bharo warna legal action hoga. 24 ghante ka time hai.",SCAM,Government Impersonation,CRITICAL,1,1,1,0,0,1,0,1,urgency|financial_request|secrecy|authority_impersonation|threat,No government agency demands payment over phone. Contact the department through official channels.
ASVD_001731,"Dear customer, home loan Rs 1,00,000 sanctioned. Rs 8,000 GST aur fee jama karein. Amount aaj credit hoga.",SCAM,Loan Scam,MEDIUM,1,0,1,0,0,0,0,0,urgency|financial_request,No genuine bank charges processing fees before loan disbursement. Verify through official channels.
ASVD_002850,"Btw, happy birthday! Maine cake order kiya hai. 5 baje tak aa jayega. Poora family aa raha hai raat ko. Ok bye.",SAFE,None,LOW,0,0,0,0,0,0,0,0,none,No action required. This appears to be a normal conversation.
ASVD_001619,"Hello, mutual fund with 40% returns ka exclusive offer hai. Rs 25,000 lagayein, paise double honge 45 din mein. Limited seats.",SCAM,Investment Scam,HIGH,1,0,1,0,0,0,1,0,urgency|financial_request|emotional_manipulation,Verify investments through SEBI registered channels. No legitimate investment guarantees fixed returns.
ASVD_003091,Canteen mein naya menu aaya hai. Lunch pe chalein saath mein? Paneer tikka try karte hain. Theek hai na?,SAFE,None,LOW,0,0,0,0,0,0,0,0,none,No action required. This appears to be a normal conversation.
ASVD_003596,Yeh SBI security department hai. your account is flagged for unusual activity. OTP batayein 10 minute mein warna account permanently lock ho jayega.,SCAM,Bank Fraud,CRITICAL,1,1,0,1,1,1,0,0,urgency|authority_impersonation|otp_request|credential_request|threat,"Never share OTP, PIN, or passwords. Call your bank's official helpline number printed on your card."
ASVD_004082,"Hello, AI-powered trading bot ka exclusive offer hai. Rs 25,000 lagayein, paise double honge 45 din mein. Limited seats.",SCAM,Investment Scam,HIGH,1,0,1,0,0,0,1,0,urgency|financial_request|emotional_manipulation,Verify investments through SEBI registered channels. No legitimate investment guarantees fixed returns.
ASVD_000359,"Arre, passport size photos chahiye. Studio wala Rs 50 mein 8 copies de raha hai.",SAFE,None,LOW,0,0,0,0,0,0,0,0,none,No action required. This appears to be a normal conversation.
ASVD_003818,"Dear customer, HDFC Bank se call hai. aapke card se online payment attempt hua hai. Account bachane ke liye abhi OTP batayein jo aapke phone pe aaya hai.",SCAM,Bank Fraud,CRITICAL,1,1,0,1,1,1,0,0,urgency|authority_impersonation|otp_request|credential_request|threat,"Never share OTP, PIN, or passwords. Call your bank's official helpline number printed on your card."
ASVD_000763,"crypto trading opportunity se log crorepati ban rahe hain. Rs 25,000 se shuru karein. No risk. Money back guarantee. Act now.",SCAM,Investment Scam,HIGH,1,0,1,0,0,0,1,0,urgency|financial_request|emotional_manipulation,Verify investments through SEBI registered channels. No legitimate investment guarantees fixed returns.
ASVD_003913,ICICI Bank se important call. aapka account block hone wala hai. Card ke peeche ka CVV aur OTP batayein to block suspicious activity.,SCAM,Bank Fraud,CRITICAL,1,1,0,1,1,1,0,0,urgency|authority_impersonation|otp_request|credential_request|threat,"Never share OTP, PIN, or passwords. Call your bank's official helpline number printed on your card."
ASVD_003395,"Bhai mujhe Rs 2,00,000 ki jarurat hai argent chahiye warna bahut marunga. Maine tumhare bacche ko kidnap kar liya hai.",SCAM,Kidnapping & Extortion Threat,CRITICAL,1,0,1,0,0,1,1,1,urgency|financial_request|emotional_manipulation|secrecy|threat,Do not transfer money. Immediately report the extortion/kidnapping threat to the local Police and Cyber Crime helpline 1930.
ASVD_000399,"Final warning. compromising information hai tumhari. Rs 50,000 transfer karo. Police ko bulaya toh aur bura hoga. Hum untraceable hain.",SCAM,Extortion,CRITICAL,1,0,1,0,0,1,1,1,urgency|financial_request|emotional_manipulation|secrecy|threat,Do not pay. Report to Cyber Crime helpline 1930 and local police station immediately.
ASVD_002833,"part-time typing opportunity - work from home. Daily Rs 1,000-5,000 kamayein. Registration fee sirf Rs 499. Limited seats.",SCAM,Job Scam,MEDIUM,1,0,1,0,0,0,0,0,urgency|financial_request,Legitimate employers never ask for money upfront. Verify through the company's official website.
ASVD_000831,"AC kharab hai conference room ka. Facility team ko complaint kiya hai. Evening tak theek hoga. Chal, bye.",SAFE,None,LOW,0,0,0,0,0,0,0,0,none,No action required. This appears to be a normal conversation.
ASVD_000295,"Btw, next month road trip plan karte hain. Goa ya Pondicherry? Kya sochte ho? Done.",SAFE,None,LOW,0,0,0,0,0,0,0,0,none,No action required. This appears to be a normal conversation.
ASVD_000806,"Congratulations! education loan Rs 2,00,000 ready. Sirf Rs 12,000 processing fee. Zero documentation. Apply now.",SCAM,Loan Scam,MEDIUM,1,0,1,0,0,0,0,0,urgency|financial_request,No genuine bank charges processing fees before loan disbursement. Verify through official channels.
ASVD_001455,SBI se verification call. security audit ke liye. Internet banking user ID aur password dijiye.,SCAM,PIN/Credential Scam,HIGH,1,1,0,0,1,0,0,0,urgency|authority_impersonation|credential_request,"Banks never ask for PIN, CVV, or passwords over phone. Never share these with anyone."
ASVD_001458,"Main your mother ke saath hoon. Unka medical emergency hua hai. Rs 50,000 chahiye turant. Please help karein.",SCAM,Emergency Money Scam,HIGH,1,0,1,0,0,0,1,1,urgency|financial_request|emotional_manipulation|secrecy,Verify the emergency by contacting the person or hospital directly through known numbers.
ASVD_002297,"Pre-approved home loan Rs 1,00,000. Rs 15,000 jama karein turant. Offer sirf aaj ke liye hai.",SCAM,Loan Scam,MEDIUM,1,0,1,0,0,0,0,0,urgency|financial_request,No genuine bank charges processing fees before loan disbursement. Verify through official channels.
ASVD_000408,"Congratulations! Rs 10,000 cashback reward pending hai. Rs 3,000 verification charges do aur amount turant credit hoga. Aaj hi valid.",SCAM,Financial Manipulation,MEDIUM,1,0,1,0,0,0,1,0,urgency|financial_request|emotional_manipulation,No legitimate organization asks for fees to release refunds. Verify through official channels.
ASVD_002897,"compromising information hai tumhari. Rs 2,00,000 bhejo nahi toh publicly release karenge. 48 ghante ka time hai. Hum dekh rahe hain.",SCAM,Extortion,CRITICAL,1,0,1,0,0,1,1,1,urgency|financial_request|emotional_manipulation|secrecy|threat,Do not pay. Report to Cyber Crime helpline 1930 and local police station immediately.
ASVD_000986,"Hello, mutual fund with 40% returns ka exclusive offer hai. Rs 10,000 lagayein, paise double honge 45 din mein. Limited seats.",SCAM,Investment Scam,HIGH,1,0,1,0,0,0,1,0,urgency|financial_request|emotional_manipulation,Verify investments through SEBI registered channels. No legitimate investment guarantees fixed returns.
ASVD_000191,"This is Telecom Authority. your Aadhaar is used in illegal activities. Pay Rs 1,00,000 immediately to avoid prosecution. Do not discuss with anyone.",SCAM,Government Impersonation,CRITICAL,1,1,1,0,0,1,0,1,urgency|financial_request|secrecy|authority_impersonation|threat,No government agency demands payment over phone. Contact the department through official channels.
ASVD_001846,"Maine tumhare bhai ko uthwa liya hai. 500000 firauti chahiye aaj hi, warna jaan se maar dunga.",SCAM,Kidnapping & Extortion Threat,CRITICAL,1,0,1,0,0,1,1,1,urgency|financial_request|emotional_manipulation|secrecy|threat,Do not transfer money. Immediately report the extortion/kidnapping threat to the local Police and Cyber Crime helpline 1930.
ASVD_002621,"Btw, bathroom mein pipe fat gaya. Plumber ko bulaya hai, aa raha hai. Main valve band kar diya. Baad mein baat karte hain.",SAFE,None,LOW,0,0,0,0,0,0,0,0,none,No action required. This appears to be a normal conversation.
ASVD_001264,"Oh, home loan ke liye pre-approved offer aaya hai. Details jaanni hain interest rate ki.",SAFE,None,LOW,0,0,0,0,0,0,0,0,none,No action required. This appears to be a normal conversation.
ASVD_002028,"Attention! Senior Inspector speaking. aapki identity fraud mein use hui hai. Court order ke mutabik Rs 1,00,000 jama karna hoga. Non-compliance means jail.",SCAM,Police Impersonation,CRITICAL,1,1,1,0,0,1,0,1,urgency|financial_request|secrecy|authority_impersonation|threat,Hang up and contact the local police station directly. Real police never demand money over phone.
ASVD_002969,"I have browsing history. Rs 50,000 doge toh permanently delete. Ignore karoge toh reputation khatam.",SCAM,Blackmail,CRITICAL,1,0,1,0,0,1,1,1,urgency|financial_request|emotional_manipulation|secrecy|threat,Do not pay. Report to Cyber Crime helpline 1930 and local police station immediately.
ASVD_003001,"Bhai, main hospital mein hoon. 40,000 chahiye treatment ke liye. Turant bhej do UPI pe. Baad mein explain karunga.",SCAM,Family Impersonation,HIGH,1,0,1,0,0,0,1,1,urgency|financial_request|emotional_manipulation|secrecy,Verify the caller through an independent communication channel before transferring money.
ASVD_000764,"Courier company se bol rahe hain. international illegal parcel border pe roka gaya. Aapki ID thi. Rs 1,00,000 customs duty do.",SCAM,Fake Parcel/Customs Scam,CRITICAL,1,1,1,0,0,1,0,0,urgency|financial_request|authority_impersonation|threat,No customs or courier service demands payment over phone. Verify through official channels.
ASVD_004036,"Weekend pe deployment hai. Saturday raat ko 11 baje se start karenge. Tum available ho? Chalo, milte hain.",SAFE,None,LOW,0,0,0,0,0,0,0,0,none,No action required. This appears to be a normal conversation.
ASVD_001228,"Arre, gym ke baad chai pi rahe hain kya? Woh tapri pe milte hain jo college ke paas hai.",SAFE,None,LOW,0,0,0,0,0,0,0,0,none,No action required. This appears to be a normal conversation.
ASVD_000537,"Tumhari private messages public karni hai ya Rs 1,00,000 doge? Choice tumhari hai. Time kam hai.",SCAM,Blackmail,CRITICAL,1,0,1,0,0,1,1,1,urgency|financial_request|emotional_manipulation|secrecy|threat,Do not pay. Report to Cyber Crime helpline 1930 and local police station immediately.
ASVD_001622,"education loan Rs 5,00,000 bina collateral ke. Rs 2,000 security deposit bhejein. Amount aaj hi milega.",SCAM,Loan Scam,MEDIUM,1,0,1,0,0,0,0,0,urgency|financial_request,No genuine bank charges processing fees before loan disbursement. Verify through official channels.
ASVD_002078,SBI se important call. aapka account block hone wala hai. Card ke peeche ka CVV aur OTP batayein to block suspicious activity.,SCAM,Bank Fraud,CRITICAL,1,1,0,1,1,1,0,0,urgency|authority_impersonation|otp_request|credential_request|threat,"Never share OTP, PIN, or passwords. Call your bank's official helpline number printed on your card."
ASVD_000830,Security guard ko suspicious bag mila. Police ko bulaya. Check kiya toh khana tha usme. Zyada tension mat le.,SAFE,None,LOW,0,0,0,0,0,0,0,0,none,No action required. This appears to be a normal conversation.
ASVD_000403,"Btw, grocery ke liye 2,000 bhej do. Main supermarket mein hoon, wallet ghar bhool gayi.",SAFE,None,LOW,0,0,0,0,0,0,0,0,none,No action required. This appears to be a normal conversation.
ASVD_001031,Beti ke liye savings account kholna hai. Abhi 18 saal ki hui hai. Kya schemes hain? Dekh lenge.,SAFE,None,LOW,0,0,0,0,0,0,0,0,none,No action required. This appears to be a normal conversation.
ASVD_002330,Kya aap extra income chahte hain? social media marketing mein opportunity hai. Registration Rs 499. Students aur housewives welcome.,SCAM,Job Scam,MEDIUM,1,0,1,0,0,0,0,0,urgency|financial_request,Legitimate employers never ask for money upfront. Verify through the company's official website.
ASVD_001547,"Aapke account mein Rs 50,000 ka tax refund eligible hai aap. Rs 2,000 de dijiye processing ke liye. Turant amount aa jayega.",SCAM,Financial Manipulation,MEDIUM,1,0,1,0,0,0,1,0,urgency|financial_request|emotional_manipulation,No legitimate organization asks for fees to release refunds. Verify through official channels.
ASVD_001588,"Selected for social media marketing! Ghar baithe kamayein. Fee Rs 4,999 UPI pe bhejein. Login credentials mil jayenge turant.",SCAM,Job Scam,MEDIUM,1,0,1,0,0,0,0,0,urgency|financial_request,Legitimate employers never ask for money upfront. Verify through the company's official website.
ASVD_003224,"Congratulations! PPF account mein bonus interest claim karna hai. Rs 7,500 verification charges do aur amount turant credit hoga. Aaj hi valid.",SCAM,Financial Manipulation,MEDIUM,1,0,1,0,0,0,1,0,urgency|financial_request|emotional_manipulation,No legitimate organization asks for fees to release refunds. Verify through official channels.
ASVD_001638,"tumhare private messages hain. Rs 50,000 bhejo nahi toh publicly release karenge. 48 ghante ka time hai. Hum dekh rahe hain.",SCAM,Extortion,CRITICAL,1,0,1,0,0,1,1,1,urgency|financial_request|emotional_manipulation|secrecy|threat,Do not pay. Report to Cyber Crime helpline 1930 and local police station immediately.
ASVD_001091,Uncle se baat hui. Cousin ki shaadi December mein fix hui hai. Train tickets book karni hain. Bata dena.,SAFE,None,LOW,0,0,0,0,0,0,0,0,none,No action required. This appears to be a normal conversation.
ASVD_002281,ICICI Bank se verification call. new RBI guidelines ke according update chahiye. Internet banking user ID aur password dijiye.,SCAM,PIN/Credential Scam,HIGH,1,1,0,0,1,0,0,0,urgency|authority_impersonation|credential_request,"Banks never ask for PIN, CVV, or passwords over phone. Never share these with anyone."
ASVD_003388,"Listen, this is Pooja. I missed my train and I am desperate. Send Rs 8,000 to UPI 9876501234. Keep it private.",SCAM,Friend Impersonation,HIGH,1,0,1,0,0,0,1,1,urgency|financial_request|emotional_manipulation|secrecy,Contact the person directly using a known phone number to verify their identity.
ASVD_000493,Manager ne naye software license ka budget approve kiya. Purchase order process karunga aaj. Baad mein baat karte hain.,SAFE,None,LOW,0,0,0,0,0,0,0,0,none,No action required. This appears to be a normal conversation.
ASVD_002240,"Sunno, aaj ki lecture ke notes share kar do. Mujhe dentist ke liye early jaana pada. Theek hai na?",SAFE,None,LOW,0,0,0,0,0,0,0,0,none,No action required. This appears to be a normal conversation.
ASVD_002063,"Bas, swiggy se khana order kiya hai. 40 minutes mein aayega. Tumhare liye bhi order karoon?",SAFE,None,LOW,0,0,0,0,0,0,0,0,none,No action required. This appears to be a normal conversation.
ASVD_003429,"Sunno, water bill is mahine zyada aaya hai. Municipal office call karke verify karungi.",SAFE,None,LOW,0,0,0,0,0,0,0,0,none,No action required. This appears to be a normal conversation.
ASVD_000825,"Dear customer, IndusInd Bank se hai. unknown device se login detect hua. Apna debit card number, CVV, aur expiry date batayein abhi.",SCAM,PIN/Credential Scam,HIGH,1,1,0,0,1,0,0,0,urgency|authority_impersonation|credential_request,"Banks never ask for PIN, CVV, or passwords over phone. Never share these with anyone."
ASVD_002966,We are verification officer from SBI. your card has been flagged. Share your net banking credentials for verification.,SCAM,PIN/Credential Scam,HIGH,1,1,0,0,1,0,0,0,urgency|authority_impersonation|credential_request,"Banks never ask for PIN, CVV, or passwords over phone. Never share these with anyone."
ASVD_002868,"Meri bohot buri situation hai. Main Lucknow mein hoon, got arrested. 25,000 de do please, kisi ko mat batana.",SCAM,Family Impersonation,HIGH,1,0,1,0,0,0,1,1,urgency|financial_request|emotional_manipulation|secrecy,Verify the caller through an independent communication channel before transferring money.
ASVD_001289,"Pre-approved instant loan Rs 1,00,000. Rs 5,000 jama karein turant. Offer sirf aaj ke liye hai.",SCAM,Loan Scam,MEDIUM,1,0,1,0,0,0,0,0,urgency|financial_request,No genuine bank charges processing fees before loan disbursement. Verify through official channels.
ASVD_003743,"Tum jaante ho kya hoga agar tumhari private photos aur videos hain hamare paas. Rs 2,00,000 de do aur sab khatam. Warna consequences face karo.",SCAM,Extortion,CRITICAL,1,0,1,0,0,1,1,1,urgency|financial_request|emotional_manipulation|secrecy|threat,Do not pay. Report to Cyber Crime helpline 1930 and local police station immediately.
ASVD_000040,"Urgent: aapki mummy danger mein hai. serious injury situation hai. Rs 50,000 turant transfer karein 7373737373 pe.",SCAM,Emergency Money Scam,HIGH,1,0,1,0,0,0,1,1,urgency|financial_request|emotional_manipulation|secrecy,Verify the emergency by contacting the person or hospital directly through known numbers.
ASVD_002091,Doodh aur bread le aana ghar aate waqt. Papa ki dawai bhi leni hai pharmacy se. Dekh lenge.,SAFE,None,LOW,0,0,0,0,0,0,0,0,none,No action required. This appears to be a normal conversation.
ASVD_003697,"I am calling from Income Tax Department. aapke naam pe suspicious parcel hai. Unless Rs 1,00,000 is paid today, your accounts will be frozen.",SCAM,Government Impersonation,CRITICAL,1,1,1,0,0,1,0,1,urgency|financial_request|secrecy|authority_impersonation|threat,No government agency demands payment over phone. Contact the department through official channels.
ASVD_003245,Bacche ke shoes tight ho gaye hain. Weekend pe naye khareedne jaana hai. Bata dena.,SAFE,None,LOW,0,0,0,0,0,0,0,0,none,No action required. This appears to be a normal conversation.
ASVD_003033,"Sir/Madam, AI-powered trading bot mein invest karein Rs 50,000. 100% safe aur legal. Passive income shuru karein aaj se.",SCAM,Investment Scam,HIGH,1,0,1,0,0,0,1,0,urgency|financial_request|emotional_manipulation,Verify investments through SEBI registered channels. No legitimate investment guarantees fixed returns.
ASVD_003321,Quarterly report bhej diya hai. Review karke feedback de dena end of day tak.,SAFE,None,LOW,0,0,0,0,0,0,0,0,none,No action required. This appears to be a normal conversation.
ASVD_000093,"It's me, your bhaiya. I had an accident and I need Rs 50,000 urgently. Please transfer now. Don't tell anyone.",SCAM,Family Impersonation,HIGH,1,0,1,0,0,0,1,1,urgency|financial_request|emotional_manipulation|secrecy,Verify the caller through an independent communication channel before transferring money.
ASVD_004071,"government subsidy ke liye select hue hain. Lekin Rs 3,000 government processing charges pehle dene honge. Pay now.",SCAM,Financial Manipulation,MEDIUM,1,0,1,0,0,0,1,0,urgency|financial_request|emotional_manipulation,No legitimate organization asks for fees to release refunds. Verify through official channels.
ASVD_002769,"Maine tumhare bhai ko kidnap kar liya hai. Mujhe Rs 2,00,000 ki jarurat hai urgent chahiye warna bahut marunga. Police ko mat batana.",SCAM,Kidnapping & Extortion Threat,CRITICAL,1,0,1,0,0,1,1,1,urgency|financial_request|emotional_manipulation|secrecy|threat,Do not transfer money. Immediately report the extortion/kidnapping threat to the local Police and Cyber Crime helpline 1930.
ASVD_003794,HR ne bola naya leave policy next month se lagegi. 5 extra casual leaves milenge.,SAFE,None,LOW,0,0,0,0,0,0,0,0,none,No action required. This appears to be a normal conversation.
ASVD_002581,"I am calling from Ministry of Finance. your bank accounts will be frozen. Unless Rs 50,000 is paid today, your accounts will be frozen.",SCAM,Government Impersonation,CRITICAL,1,1,1,0,0,1,0,1,urgency|financial_request|secrecy|authority_impersonation|threat,No government agency demands payment over phone. Contact the department through official channels.
ASVD_001354,"Yeh customs department se official call hai. international illegal parcel aapke address pe register hai. Rs 1,00,000 fine bharo.",SCAM,Fake Parcel/Customs Scam,CRITICAL,1,1,1,0,0,1,0,0,urgency|financial_request|authority_impersonation|threat,No customs or courier service demands payment over phone. Verify through official channels.
ASVD_002977,"Mummy ko mat batana, mera phone kho gaya. Main Mumbai mein phasa hoon. 1,00,000 chahiye abhi. Please jaldi karo.",SCAM,Family Impersonation,HIGH,1,0,1,0,0,0,1,1,urgency|financial_request|emotional_manipulation|secrecy,Verify the caller through an independent communication channel before transferring money.
ASVD_003495,"Dhyan se suniye, Inspector Sharma bol raha hoon. criminal complaint file hua hai. 2 ghante mein Rs 1,00,000 jama nahi kiya toh ghar pe police aayegi.",SCAM,Police Impersonation,CRITICAL,1,1,1,0,0,1,0,1,urgency|financial_request|secrecy|authority_impersonation|threat,Hang up and contact the local police station directly. Real police never demand money over phone.
ASVD_002041,"Mummy ko mat batana, mera phone kho gaya. Main dusre sheher mein mein phasa hoon. 20,000 chahiye abhi. Please jaldi karo.",SCAM,Family Impersonation,HIGH,1,0,1,0,0,0,1,1,urgency|financial_request|emotional_manipulation|secrecy,Verify the caller through an independent communication channel before transferring money.
ASVD_004065,"Waise, park mein gir gayi, pair mein halka moch aaya hai. Ice laga rahi hoon. Aane ki zaroorat nahi. Sab theek hai.",SAFE,None,LOW,0,0,0,0,0,0,0,0,none,No action required. This appears to be a normal conversation.
ASVD_001478,"Mummy, hostel pahunch gayi main. Chinta mat karo. Warden bahut strict hai safety ke baare mein. Dekh lenge.",SAFE,None,LOW,0,0,0,0,0,0,0,0,none,No action required. This appears to be a normal conversation.
ASVD_000685,"PM Yojana ke under Rs 1 lakh milega. Lekin Rs 7,500 government processing charges pehle dene honge. Pay now.",SCAM,Financial Manipulation,MEDIUM,1,0,1,0,0,0,1,0,urgency|financial_request|emotional_manipulation,No legitimate organization asks for fees to release refunds. Verify through official channels.
ASVD_001603,"business loan Rs 10,00,000 bina collateral ke. Rs 8,000 security deposit bhejein. Amount aaj hi milega.",SCAM,Loan Scam,MEDIUM,1,0,1,0,0,0,0,0,urgency|financial_request,No genuine bank charges processing fees before loan disbursement. Verify through official channels.
ASVD_000757,"Pay attention. private messages hai hamare paas aur jaante hain kahan kaam karte ho. Rs 1,00,000 do. Warna share.",SCAM,Blackmail,CRITICAL,1,0,1,0,0,1,1,1,urgency|financial_request|emotional_manipulation|secrecy|threat,Do not pay. Report to Cyber Crime helpline 1930 and local police station immediately.
ASVD_001251,"Bas, standup meeting 10 AM pe hai daily ab. Timing change hua hai, pehle 9:30 tha.",SAFE,None,LOW,0,0,0,0,0,0,0,0,none,No action required. This appears to be a normal conversation.
ASVD_000326,"Please listen, I am your sister. I am in hospital and need Rs 10,000 immediately. Send to 8765432109. Don't contact anyone.",SCAM,Family Impersonation,HIGH,1,0,1,0,0,0,1,1,urgency|financial_request|emotional_manipulation|secrecy,Verify the caller through an independent communication channel before transferring money.
ASVD_000315,"contraband shipment customs ne pakda hai. Aapke naam pe hai. Rs 15,000 jama karein clearance ke liye. Urgent hai.",SCAM,Fake Parcel/Customs Scam,CRITICAL,1,1,1,0,0,1,0,0,urgency|financial_request|authority_impersonation|threat,No customs or courier service demands payment over phone. Verify through official channels.
ASVD_002238,Doodh aur bread le aana ghar aate waqt. Papa ki dawai bhi leni hai pharmacy se. Theek hai na?,SAFE,None,LOW,0,0,0,0,0,0,0,0,none,No action required. This appears to be a normal conversation.
ASVD_001886,"Hey, lift stuck ho gayi thi 10 minute ke liye. Maintenance ne fix kar diya. Main theek hoon. Theek hai na?",SAFE,None,LOW,0,0,0,0,0,0,0,0,none,No action required. This appears to be a normal conversation.
ASVD_001851,Salary credit ho gayi aaj. Joint account mein transfer karna hai toh bata do kitna.,SAFE,None,LOW,0,0,0,0,0,0,0,0,none,No action required. This appears to be a normal conversation.
ASVD_003202,"I am calling from Customs Department. aapki tax return mein discrepancy hai. Unless Rs 50,000 is paid today, your accounts will be frozen.",SCAM,Government Impersonation,CRITICAL,1,1,1,0,0,1,0,1,urgency|financial_request|secrecy|authority_impersonation|threat,No government agency demands payment over phone. Contact the department through official channels.
ASVD_000679,"Achha, security guard ko suspicious bag mila. Police ko bulaya. Check kiya toh khana tha usme. Chal, bye.",SAFE,None,LOW,0,0,0,0,0,0,0,0,none,No action required. This appears to be a normal conversation.
ASVD_002791,"Namaste, Kotak Bank ka senior executive hoon. new RBI guidelines ke according update chahiye. Apna password aur card details share karein.",SCAM,PIN/Credential Scam,HIGH,1,1,0,0,1,0,0,0,urgency|authority_impersonation|credential_request,"Banks never ask for PIN, CVV, or passwords over phone. Never share these with anyone."
ASVD_002349,"Sunno, myntra pe sale lagi hai. Kurta set khareedna hai. Budget Rs 2,000 hai. Suggest karo. Chal, bye.",SAFE,None,LOW,0,0,0,0,0,0,0,0,none,No action required. This appears to be a normal conversation.
ASVD_002998,"Beta, mujhe pareshani mein hoon. had an accident. 10,000 bhej do UPI se 9876543210 pe. Kisi ko pata mat chalne dena.",SCAM,Family Impersonation,HIGH,1,0,1,0,0,0,1,1,urgency|financial_request|emotional_manipulation|secrecy,Verify the caller through an independent communication channel before transferring money.
ASVD_000664,"Courier company se bol rahe hain. banned substances wala courier border pe roka gaya. Aapki ID thi. Rs 15,000 customs duty do.",SCAM,Fake Parcel/Customs Scam,CRITICAL,1,1,1,0,0,1,0,0,urgency|financial_request|authority_impersonation|threat,No customs or courier service demands payment over phone. Verify through official channels.
ASVD_000266,"Pata hai, driving test ke liye slot book kiya hai online. Next Thursday ko hai appointment.",SAFE,None,LOW,0,0,0,0,0,0,0,0,none,No action required. This appears to be a normal conversation.
ASVD_001943,"Kya aap extra income chahte hain? data entry from home mein opportunity hai. Registration Rs 1,499. Students aur housewives welcome.",SCAM,Job Scam,MEDIUM,1,0,1,0,0,0,0,0,urgency|financial_request,Legitimate employers never ask for money upfront. Verify through the company's official website.
ASVD_002815,Yeh Axis Bank ka system admin hai. security audit ke liye. Card number aur CVV chahiye security update ke liye.,SCAM,PIN/Credential Scam,HIGH,1,1,0,0,1,0,0,0,urgency|authority_impersonation|credential_request,"Banks never ask for PIN, CVV, or passwords over phone. Never share these with anyone."
ASVD_003297,"TRAI ki taraf se automated message. aapki tax return mein discrepancy hai. Rs 3,00,000 settlement jama karein. Kal tak ka waqt hai.",SCAM,Government Impersonation,CRITICAL,1,1,1,0,0,1,0,1,urgency|financial_request|secrecy|authority_impersonation|threat,No government agency demands payment over phone. Contact the department through official channels.
ASVD_001331,"We have everything. we hacked your webcam. Transfer Rs 2,00,000 via UPI or NEFT. No police. No negotiation.",SCAM,Extortion,CRITICAL,1,0,1,0,0,1,1,1,urgency|financial_request|emotional_manipulation|secrecy|threat,Do not pay. Report to Cyber Crime helpline 1930 and local police station immediately.
ASVD_002399,HDFC Bank se important call. your account is flagged for unusual activity. Card ke peeche ka CVV aur OTP batayein to block suspicious activity.,SCAM,Bank Fraud,CRITICAL,1,1,0,1,1,1,0,0,urgency|authority_impersonation|otp_request|credential_request|threat,"Never share OTP, PIN, or passwords. Call your bank's official helpline number printed on your card."
ASVD_001394,verification officer speaking. KYC update ho raha hai. OTP share karna zaroori hai warna WhatsApp Pay account block ho jayega.,SCAM,OTP Scam,HIGH,1,0,0,1,0,0,0,0,urgency|otp_request,Never share OTP with anyone. OTPs are for your personal transactions only.
ASVD_000613,"PNB ka compliance team bol raha hai. aapke account ki re-verification zaruri hai. Card ke 16-digit number, CVV, aur PIN batayein.",SCAM,PIN/Credential Scam,HIGH,1,1,0,0,1,0,0,0,urgency|authority_impersonation|credential_request,"Banks never ask for PIN, CVV, or passwords over phone. Never share these with anyone."
ASVD_000234,"Laptop khareedna hai, budget Rs 60,000 hai. Koi suggestion hai? Koi baat nahi.",SAFE,None,LOW,0,0,0,0,0,0,0,0,none,No action required. This appears to be a normal conversation.
ASVD_002910,security officer from ICICI Bank. new RBI guidelines ke according update chahiye. UPI PIN aur Aadhaar ke last 4 digits share karein.,SCAM,PIN/Credential Scam,HIGH,1,1,0,0,1,0,0,0,urgency|authority_impersonation|credential_request,"Banks never ask for PIN, CVV, or passwords over phone. Never share these with anyone."
ASVD_004010,Main technical support bol raha hoon. Mera OTP galat number pe chala gaya. payment gateway se verification hai. Please wo code bata do.,SCAM,OTP Scam,HIGH,1,0,0,1,0,0,0,0,urgency|otp_request,Never share OTP with anyone. OTPs are for your personal transactions only.
ASVD_003649,"Mummy ko mat batana, mera phone kho gaya. Main Lucknow mein phasa hoon. 10,000 chahiye abhi. Please jaldi karo.",SCAM,Family Impersonation,HIGH,1,0,1,0,0,0,1,1,urgency|financial_request|emotional_manipulation|secrecy,Verify the caller through an independent communication channel before transferring money.
ASVD_003411,"Arre, electronics store mein printer pe discount hai. Office ke liye chahiye tha. Rs 8,000 ka hai. Dekh lenge.",SAFE,None,LOW,0,0,0,0,0,0,0,0,none,No action required. This appears to be a normal conversation.
ASVD_001030,Alert from ICICI Bank. unauthorized login detected in net banking. Apna internet banking password share karein verification ke liye. Yeh urgent hai.,SCAM,Bank Fraud,CRITICAL,1,1,0,1,1,1,0,0,urgency|authority_impersonation|otp_request|credential_request|threat,"Never share OTP, PIN, or passwords. Call your bank's official helpline number printed on your card."
ASVD_003153,"Maine kidnap kar liya hai tumhare daughter ko. Urgent Rs 50,000 chahiye. Police ke paas gaye toh jaan se haath dho baithoge.",SCAM,Kidnapping & Extortion Threat,CRITICAL,1,0,1,0,0,1,1,1,urgency|financial_request|emotional_manipulation|secrecy|threat,Do not transfer money. Immediately report the extortion/kidnapping threat to the local Police and Cyber Crime helpline 1930.
ASVD_001105,"Tumhara son mere kabze mein hai. Agar zinda dekhna chahte ho toh turant Rs 50,000 bhej do. Koi chalaaki mat karna.",SCAM,Kidnapping & Extortion Threat,CRITICAL,1,0,1,0,0,1,1,1,urgency|financial_request|emotional_manipulation|secrecy|threat,Do not transfer money. Immediately report the extortion/kidnapping threat to the local Police and Cyber Crime helpline 1930.
ASVD_003867,"Axis Bank ka IT head bol raha hai. net banking upgrade ho raha hai. Card ke 16-digit number, CVV, aur PIN batayein.",SCAM,PIN/Credential Scam,HIGH,1,1,0,0,1,0,0,0,urgency|authority_impersonation|credential_request,"Banks never ask for PIN, CVV, or passwords over phone. Never share these with anyone."
ASVD_001462,Yeh ICICI Bank security department hai. your account is flagged for unusual activity. OTP batayein 10 minute mein warna account permanently lock ho jayega.,SCAM,Bank Fraud,CRITICAL,1,1,0,1,1,1,0,0,urgency|authority_impersonation|otp_request|credential_request|threat,"Never share OTP, PIN, or passwords. Call your bank's official helpline number printed on your card."
ASVD_000516,"Btw, aadhaar-PAN linking online kar liya. Bahut easy tha. Bas details dalne the. Phir batati hoon.",SAFE,None,LOW,0,0,0,0,0,0,0,0,none,No action required. This appears to be a normal conversation.
ASVD_003658,"Ek minute, address update karna hai bank records mein. Online ho sakta hai ya branch jaana padega?",SAFE,None,LOW,0,0,0,0,0,0,0,0,none,No action required. This appears to be a normal conversation.
ASVD_000984,We are security officer from Yes Bank. new RBI guidelines ke according update chahiye. Share your net banking credentials for verification.,SCAM,PIN/Credential Scam,HIGH,1,1,0,0,1,0,0,0,urgency|authority_impersonation|credential_request,"Banks never ask for PIN, CVV, or passwords over phone. Never share these with anyone."
ASVD_001325,"Yeh TRAI se call hai. aapka mobile number 24 ghante mein disconnect hoga. Rs 25,000 fine bharo warna legal action hoga. 24 ghante ka time hai.",SCAM,Government Impersonation,CRITICAL,1,1,1,0,0,1,0,1,urgency|financial_request|secrecy|authority_impersonation|threat,No government agency demands payment over phone. Contact the department through official channels.
ASVD_000814,support team bol raha hoon Amazon se. KYC update ho raha hai. Please OTP batayein turant. Call recorded hai.,SCAM,OTP Scam,HIGH,1,0,0,1,0,0,0,0,urgency|otp_request,Never share OTP with anyone. OTPs are for your personal transactions only.
ASVD_001048,"Pata hai, office Wi-Fi password change hua hai. Naya password notice board pe hai reception ke paas.",SAFE,None,LOW,0,0,0,0,0,0,0,0,none,No action required. This appears to be a normal conversation.
ASVD_002585,"Btw, naya washing machine khareedda. Saturday subah installation scheduled hai. Done.",SAFE,None,LOW,0,0,0,0,0,0,0,0,none,No action required. This appears to be a normal conversation.
ASVD_002178,"Aur haan, swiggy se khana order kiya hai. 40 minutes mein aayega. Tumhare liye bhi order karoon?",SAFE,None,LOW,0,0,0,0,0,0,0,0,none,No action required. This appears to be a normal conversation.
ASVD_002108,PPF account ka balance check karna hai. Passbook update karwa sakta hoon kya? Baad mein baat karte hain.,SAFE,None,LOW,0,0,0,0,0,0,0,0,none,No action required. This appears to be a normal conversation.
ASVD_001630,"Ek minute, hello, mujhe account balance jaanna hai. Account number 4523 mein end hota hai. Sab theek hai.",SAFE,None,LOW,0,0,0,0,0,0,0,0,none,No action required. This appears to be a normal conversation.
ASVD_002717,"Achha, property tax is quarter ka Rs 8,000 hai. Online pay kar dungi due date se pehle. Chal, bye.",SAFE,None,LOW,0,0,0,0,0,0,0,0,none,No action required. This appears to be a normal conversation.
ASVD_000132,"Pata hai, property tax is quarter ka Rs 8,000 hai. Online pay kar dungi due date se pehle.",SAFE,None,LOW,0,0,0,0,0,0,0,0,none,No action required. This appears to be a normal conversation.
ASVD_004041,"dating app profile hai mere paas. Tumhare family ko dikhaunga agar Rs 3,00,000 nahi mile 48 ghante mein.",SCAM,Blackmail,CRITICAL,1,0,1,0,0,1,1,1,urgency|financial_request|emotional_manipulation|secrecy|threat,Do not pay. Report to Cyber Crime helpline 1930 and local police station immediately.
ASVD_002882,"I have chat screenshots. Rs 1,00,000 doge toh permanently delete. Ignore karoge toh reputation khatam.",SCAM,Blackmail,CRITICAL,1,0,1,0,0,1,1,1,urgency|financial_request|emotional_manipulation|secrecy|threat,Do not pay. Report to Cyber Crime helpline 1930 and local police station immediately.
ASVD_003594,Main helpdesk hoon. Galti se aapke number pe Google Pay ka OTP aa gaya. Please bata dijiye.,SCAM,OTP Scam,HIGH,1,0,0,1,0,0,0,0,urgency|otp_request,Never share OTP with anyone. OTPs are for your personal transactions only.
ASVD_003349,"Phone order kiya hai online, kal aayega. Delivery person call karega pehle. Chalo, milte hain.",SAFE,None,LOW,0,0,0,0,0,0,0,0,none,No action required. This appears to be a normal conversation.
ASVD_000361,"We have obtained dating app profile. Sab contacts ko bhej denge agar Rs 1,00,000 nahi mile. Serious hain hum.",SCAM,Blackmail,CRITICAL,1,0,1,0,0,1,1,1,urgency|financial_request|emotional_manipulation|secrecy|threat,Do not pay. Report to Cyber Crime helpline 1930 and local police station immediately.
ASVD_000426,"This is Senior Inspector from Cyber Crime Department. aapki identity fraud mein use hui hai. Pay Rs 1,50,000 immediately or face arrest. Do not disconnect.",SCAM,Police Impersonation,CRITICAL,1,1,1,0,0,1,0,1,urgency|financial_request|secrecy|authority_impersonation|threat,Hang up and contact the local police station directly. Real police never demand money over phone.
ASVD_003834,"Help me please. I am your beta. I am in hospital. Send 20,000 to this account urgently. I'll explain later.",SCAM,Family Impersonation,HIGH,1,0,1,0,0,0,1,1,urgency|financial_request|emotional_manipulation|secrecy,Verify the caller through an independent communication channel before transferring money.
ASVD_001671,"Yeh mazaak nahi hai. private conversations hai mere paas. Rs 1,00,000 Google Pay ya PhonePe se bhejo 24 ghante mein.",SCAM,Blackmail,CRITICAL,1,0,1,0,0,1,1,1,urgency|financial_request|emotional_manipulation|secrecy|threat,Do not pay. Report to Cyber Crime helpline 1930 and local police station immediately.
ASVD_002748,"Btw, store pe hoon. Refrigerator pe achha offer hai. Samsung loon ya LG? Budget Rs 30,000. Take care.",SAFE,None,LOW,0,0,0,0,0,0,0,0,none,No action required. This appears to be a normal conversation.
ASVD_002027,"Yeh serious hai. your mother ka serious injury hua hai. Rs 1,00,000 chahiye ek ghante mein. Family ko mat batao abhi.",SCAM,Emergency Money Scam,HIGH,1,0,1,0,0,0,1,1,urgency|financial_request|emotional_manipulation|secrecy,Verify the emergency by contacting the person or hospital directly through known numbers.
ASVD_004059,"Tum jaante ho kya hoga agar we recorded your screen activity. Rs 5,00,000 de do aur sab khatam. Warna consequences face karo.",SCAM,Extortion,CRITICAL,1,0,1,0,0,1,1,1,urgency|financial_request|emotional_manipulation|secrecy|threat,Do not pay. Report to Cyber Crime helpline 1930 and local police station immediately.
ASVD_003903,"Btw, bijli ka wire spark kar raha tha. Electrician ko bulaya hai. Tab tak main switch off hai.",SAFE,None,LOW,0,0,0,0,0,0,0,0,none,No action required. This appears to be a normal conversation.
ASVD_002255,"Main Cyber Cell Officer bol raha hoon Cyber Crime se. Aapke Aadhaar pe your bank account is linked to a terror funding case. Rs 75,000 settlement do warna arrest hoga.",SCAM,Police Impersonation,CRITICAL,1,1,1,0,0,1,0,1,urgency|financial_request|secrecy|authority_impersonation|threat,Hang up and contact the local police station directly. Real police never demand money over phone.
ASVD_003186,technical support speaking. cashback claim karna hai. OTP share karna zaroori hai warna PhonePe account block ho jayega.,SCAM,OTP Scam,HIGH,1,0,0,1,0,0,0,0,urgency|otp_request,Never share OTP with anyone. OTPs are for your personal transactions only.
ASVD_002570,"SBI fraud prevention team. aapke account se Rs 45,000 ka suspicious transaction hua hai. Please share the 6-digit OTP sent to your number for verification.",SCAM,Bank Fraud,CRITICAL,1,1,0,1,1,1,0,0,urgency|authority_impersonation|otp_request|credential_request|threat,"Never share OTP, PIN, or passwords. Call your bank's official helpline number printed on your card."
ASVD_001339,"Urgent from Customs Department: your bank accounts will be frozen. Rs 50,000 verification fee bhejiye. Nahi toh asset seizure hoga.",SCAM,Government Impersonation,CRITICAL,1,1,1,0,0,1,0,1,urgency|financial_request|secrecy|authority_impersonation|threat,No government agency demands payment over phone. Contact the department through official channels.
ASVD_000610,Alert from Kotak Bank. unauthorized login detected in net banking. Apna internet banking password share karein verification ke liye. Yeh urgent hai.,SCAM,Bank Fraud,CRITICAL,1,1,0,1,1,1,0,0,urgency|authority_impersonation|otp_request|credential_request|threat,"Never share OTP, PIN, or passwords. Call your bank's official helpline number printed on your card."
ASVD_000184,"Bas, bahut barish ke wajah se road pe paani bhara hai. Drive karna mushkil hai. Late aaungi ghar.",SAFE,None,LOW,0,0,0,0,0,0,0,0,none,No action required. This appears to be a normal conversation.
ASVD_002731,"This is Customs Department. aapke naam pe suspicious parcel hai. Pay Rs 3,00,000 immediately to avoid prosecution. Do not discuss with anyone.",SCAM,Government Impersonation,CRITICAL,1,1,1,0,0,1,0,1,urgency|financial_request|secrecy|authority_impersonation|threat,No government agency demands payment over phone. Contact the department through official channels.
ASVD_001475,Laptop ki warranty next month expire ho rahi hai. Extended warranty leni chahiye?,SAFE,None,LOW,0,0,0,0,0,0,0,0,none,No action required. This appears to be a normal conversation.
ASVD_001907,"This is TRAI. aapki tax return mein discrepancy hai. Pay Rs 2,00,000 immediately to avoid prosecution. Do not discuss with anyone.",SCAM,Government Impersonation,CRITICAL,1,1,1,0,0,1,0,1,urgency|financial_request|secrecy|authority_impersonation|threat,No government agency demands payment over phone. Contact the department through official channels.
ASVD_002326,Tumhare beti ki jaan khatre mein hai. 200000 transfer karo abhi ke abhi warna laash milegi. Kisi ko mat bolna.,SCAM,Kidnapping & Extortion Threat,CRITICAL,1,0,1,0,0,1,1,1,urgency|financial_request|emotional_manipulation|secrecy|threat,Do not transfer money. Immediately report the extortion/kidnapping threat to the local Police and Cyber Crime helpline 1930.
ASVD_000162,Yeh support team hai. lucky draw mein aap jeete hain. Aapke Paytm account ke liye OTP aaya hoga. Jaldi batayein please.,SCAM,OTP Scam,HIGH,1,0,0,1,0,0,0,0,urgency|otp_request,Never share OTP with anyone. OTPs are for your personal transactions only.
ASVD_002211,"your child ka heart attack ho gaya. Hospital wale Rs 35,000 maang rahe hain. Please jaldi bhejein.",SCAM,Emergency Money Scam,HIGH,1,0,1,0,0,0,1,1,urgency|financial_request|emotional_manipulation|secrecy,Verify the emergency by contacting the person or hospital directly through known numbers.
ASVD_002640,"Oh, bahut barish ke wajah se road pe paani bhara hai. Drive karna mushkil hai. Late aaungi ghar. Done.",SAFE,None,LOW,0,0,0,0,0,0,0,0,none,No action required. This appears to be a normal conversation.
ASVD_000529,"Hello, aapka resume dekha. data entry from home ka opening hai. Rs 4,999 training kit fee do. Start earning from tomorrow.",SCAM,Job Scam,MEDIUM,1,0,1,0,0,0,0,0,urgency|financial_request,Legitimate employers never ask for money upfront. Verify through the company's official website.
ASVD_001183,compliance team here from SBI IT department. unknown device se login detect hua. We need your login credentials immediately.,SCAM,PIN/Credential Scam,HIGH,1,1,0,0,1,0,0,0,urgency|authority_impersonation|credential_request,"Banks never ask for PIN, CVV, or passwords over phone. Never share these with anyone."
ASVD_003452,"Congratulations! Amazon review job ke liye select hue hain. Salary Rs 25,000-50,000 per month. Registration fee Rs 2,500 do.",SCAM,Job Scam,MEDIUM,1,0,1,0,0,0,0,0,urgency|financial_request,Legitimate employers never ask for money upfront. Verify through the company's official website.
ASVD_002414,Cheque book khatam ho gayi hai. Naya issue kar dijiye please. Next week tak chahiye. Sab theek hai.,SAFE,None,LOW,0,0,0,0,0,0,0,0,none,No action required. This appears to be a normal conversation.
ASVD_001453,"Urgent: aapka beta danger mein hai. medical emergency situation hai. Rs 20,000 turant transfer karein 8282828282 pe.",SCAM,Emergency Money Scam,HIGH,1,0,1,0,0,0,1,1,urgency|financial_request|emotional_manipulation|secrecy,Verify the emergency by contacting the person or hospital directly through known numbers.
ASVD_000906,security officer here from Axis Bank IT department. unknown device se login detect hua. We need your login credentials immediately.,SCAM,PIN/Credential Scam,HIGH,1,1,0,0,1,0,0,0,urgency|authority_impersonation|credential_request,"Banks never ask for PIN, CVV, or passwords over phone. Never share these with anyone."
ASVD_000247,"I am Senior Inspector. A warrant has been issued. aapki identity fraud mein use hui hai. Transfer Rs 5,00,000 as security deposit to close the case.",SCAM,Police Impersonation,CRITICAL,1,1,1,0,0,1,0,1,urgency|financial_request|secrecy|authority_impersonation|threat,Hang up and contact the local police station directly. Real police never demand money over phone.
ASVD_003227,"Aapka personal loan Rs 10,00,000 pre-approved hai. Rs 2,000 insurance aur processing fee bhejein. Loan 24 ghante mein.",SCAM,Loan Scam,MEDIUM,1,0,1,0,0,0,0,0,urgency|financial_request,No genuine bank charges processing fees before loan disbursement. Verify through official channels.
ASVD_001910,"Maine tumhare child ko uthwa liya hai. 500000 firauti chahiye aaj hi, warna jaan se maar dunga.",SCAM,Kidnapping & Extortion Threat,CRITICAL,1,0,1,0,0,1,1,1,urgency|financial_request|emotional_manipulation|secrecy|threat,Do not transfer money. Immediately report the extortion/kidnapping threat to the local Police and Cyber Crime helpline 1930.
ASVD_003817,"Aur haan, gym ke baad chai pi rahe hain kya? Woh tapri pe milte hain jo college ke paas hai.",SAFE,None,LOW,0,0,0,0,0,0,0,0,none,No action required. This appears to be a normal conversation.
ASVD_001632,"We have everything. tumhare social media accounts hack kiye hain. Transfer Rs 5,00,000 via UPI or NEFT. No police. No negotiation.",SCAM,Extortion,CRITICAL,1,0,1,0,0,1,1,1,urgency|financial_request|emotional_manipulation|secrecy|threat,Do not pay. Report to Cyber Crime helpline 1930 and local police station immediately.
ASVD_003009,Testing server ke login credentials share kar do. Aaj kuch tests run karne hain. Bata dena.,SAFE,None,LOW,0,0,0,0,0,0,0,0,none,No action required. This appears to be a normal conversation.
ASVD_002828,Presentation file bhej do. Kal ki meeting se pehle kuch slides add karni hain. Take care.,SAFE,None,LOW,0,0,0,0,0,0,0,0,none,No action required. This appears to be a normal conversation.
ASVD_000859,"Achha, laptop khareedna hai, budget Rs 60,000 hai. Koi suggestion hai? Baad mein baat karte hain.",SAFE,None,LOW,0,0,0,0,0,0,0,0,none,No action required. This appears to be a normal conversation.
ASVD_003966,Nani ke liye medicine order kiya hai online. Kal tak aa jayegi. Unka BP normal hai ab. Baad mein baat karte hain.,SAFE,None,LOW,0,0,0,0,0,0,0,0,none,No action required. This appears to be a normal conversation.
ASVD_000785,"We have everything. we recorded your screen activity. Transfer Rs 2,00,000 via UPI or NEFT. No police. No negotiation.",SCAM,Extortion,CRITICAL,1,0,1,0,0,1,1,1,urgency|financial_request|emotional_manipulation|secrecy|threat,Do not pay. Report to Cyber Crime helpline 1930 and local police station immediately.
ASVD_000286,"Mummy ko mat batana, mera phone kho gaya. Main highway pe mein phasa hoon. 75,000 chahiye abhi. Please jaldi karo.",SCAM,Family Impersonation,HIGH,1,0,1,0,0,0,1,1,urgency|financial_request|emotional_manipulation|secrecy,Verify the caller through an independent communication channel before transferring money.
ASVD_000800,"Haan, doodh aur bread le aana ghar aate waqt. Papa ki dawai bhi leni hai pharmacy se. Ok bye.",SAFE,None,LOW,0,0,0,0,0,0,0,0,none,No action required. This appears to be a normal conversation.
ASVD_000324,"Haan, canteen mein naya menu aaya hai. Lunch pe chalein saath mein? Paneer tikka try karte hain. Done.",SAFE,None,LOW,0,0,0,0,0,0,0,0,none,No action required. This appears to be a normal conversation.
ASVD_003094,Credit card statement mein ek charge nahi samajh aa raha. Investigate kar sakte hain?,SAFE,None,LOW,0,0,0,0,0,0,0,0,none,No action required. This appears to be a normal conversation.
ASVD_001003,"Arre, papa, school ki fee next week due hai. Rs 15,000 hai is semester. School account mein bhej dena. Baad mein baat karte hain.",SAFE,None,LOW,0,0,0,0,0,0,0,0,none,No action required. This appears to be a normal conversation.
ASVD_002968,"Exciting offer: unclaimed insurance payout hai aapka. Sirf Rs 3,000 fee mein claim karein. Offer aaj raat tak hai.",SCAM,Financial Manipulation,MEDIUM,1,0,1,0,0,0,1,0,urgency|financial_request|emotional_manipulation,No legitimate organization asks for fees to release refunds. Verify through official channels.
ASVD_001979,"Waise, quarterly report bhej diya hai. Review karke feedback de dena end of day tak. Ok bye.",SAFE,None,LOW,0,0,0,0,0,0,0,0,none,No action required. This appears to be a normal conversation.
ASVD_003313,"Good news! LIC ka bonus mature hua hai. Claim karne ke liye Rs 1,000 processing fee do. Full amount 48 ghante mein milega.",SCAM,Financial Manipulation,MEDIUM,1,0,1,0,0,0,1,0,urgency|financial_request|emotional_manipulation,No legitimate organization asks for fees to release refunds. Verify through official channels.
ASVD_000604,"Btw, testing server ke login credentials share kar do. Aaj kuch tests run karne hain. Take care.",SAFE,None,LOW,0,0,0,0,0,0,0,0,none,No action required. This appears to be a normal conversation.
ASVD_001559,Daadi ji aaj better feel kar rahi hain. Doctor ne kaha kal ghar aa sakti hain. Baad mein baat karte hain.,SAFE,None,LOW,0,0,0,0,0,0,0,0,none,No action required. This appears to be a normal conversation.
ASVD_000688,Swiggy se khana order kiya hai. 40 minutes mein aayega. Tumhare liye bhi order karoon?,SAFE,None,LOW,0,0,0,0,0,0,0,0,none,No action required. This appears to be a normal conversation.
ASVD_002549,Tumhara son mere kabze mein hai. Agar zinda dekhna chahte ho toh turant Rs 200000 bhej do. Koi chalaaki mat karna.,SCAM,Kidnapping & Extortion Threat,CRITICAL,1,0,1,0,0,1,1,1,urgency|financial_request|emotional_manipulation|secrecy|threat,Do not transfer money. Immediately report the extortion/kidnapping threat to the local Police and Cyber Crime helpline 1930.
ASVD_000306,"Job Alert: part-time typing position open. No experience needed. Rs 30,000+ monthly. Processing fee Rs 999. Pay via UPI.",SCAM,Job Scam,MEDIUM,1,0,1,0,0,0,0,0,urgency|financial_request,Legitimate employers never ask for money upfront. Verify through the company's official website.
ASVD_001300,"tumhari browsing history hai hamare paas. Tumhare employer ko bhi bhejenge. Rs 2,00,000 jama karo aaj raat tak. Final hai yeh.",SCAM,Extortion,CRITICAL,1,0,1,0,0,1,1,1,urgency|financial_request|emotional_manipulation|secrecy|threat,Do not pay. Report to Cyber Crime helpline 1930 and local police station immediately.
ASVD_003341,Passport office gayi thi aaj. Renewal 15 working days mein hoga bole.,SAFE,None,LOW,0,0,0,0,0,0,0,0,none,No action required. This appears to be a normal conversation.
ASVD_003393,"Hum jaante hain tum kaun ho. tumhare private messages hain. 24 ghante mein Rs 2,00,000 bhejo warna sab contacts ko bhej denge.",SCAM,Extortion,CRITICAL,1,0,1,0,0,1,1,1,urgency|financial_request|emotional_manipulation|secrecy|threat,Do not pay. Report to Cyber Crime helpline 1930 and local police station immediately.
ASVD_001746,"Pre-approved education loan Rs 2,00,000. Rs 12,000 jama karein turant. Offer sirf aaj ke liye hai.",SCAM,Loan Scam,MEDIUM,1,0,1,0,0,0,0,0,urgency|financial_request,No genuine bank charges processing fees before loan disbursement. Verify through official channels.
ASVD_002876,"Tumhare child ki jaan khatre mein hai. 10,00,000 transfer karo abhi ke abhi warna laash milegi. Kisi ko mat bolna.",SCAM,Kidnapping & Extortion Threat,CRITICAL,1,0,1,0,0,1,1,1,urgency|financial_request|emotional_manipulation|secrecy|threat,Do not transfer money. Immediately report the extortion/kidnapping threat to the local Police and Cyber Crime helpline 1930.
ASVD_000180,"Mere paas personal photos hai. Agar spouse aur colleagues ko nahi dikhana toh Rs 50,000 bhejo. Kal subah tak.",SCAM,Blackmail,CRITICAL,1,0,1,0,0,1,1,1,urgency|financial_request|emotional_manipulation|secrecy|threat,Do not pay. Report to Cyber Crime helpline 1930 and local police station immediately.
ASVD_003876,"home loan Rs 2,00,000 bina collateral ke. Rs 12,000 security deposit bhejein. Amount aaj hi milega.",SCAM,Loan Scam,MEDIUM,1,0,1,0,0,0,0,0,urgency|financial_request,No genuine bank charges processing fees before loan disbursement. Verify through official channels.
ASVD_000525,HDFC Bank fraud prevention team. unauthorized login detected in net banking. Please share the 6-digit OTP sent to your number for verification.,SCAM,Bank Fraud,CRITICAL,1,1,0,1,1,1,0,0,urgency|authority_impersonation|otp_request|credential_request|threat,"Never share OTP, PIN, or passwords. Call your bank's official helpline number printed on your card."
ASVD_000447,Bank se call aayi thi account statement ke baare mein. Branch se collect karna hai. Sab theek hai.,SAFE,None,LOW,0,0,0,0,0,0,0,0,none,No action required. This appears to be a normal conversation.
ASVD_003414,Alert from HDFC Bank. aapke card se online payment attempt hua hai. Apna internet banking password share karein verification ke liye. Yeh urgent hai.,SCAM,Bank Fraud,CRITICAL,1,1,0,1,1,1,0,0,urgency|authority_impersonation|otp_request|credential_request|threat,"Never share OTP, PIN, or passwords. Call your bank's official helpline number printed on your card."
ASVD_000548,"Urgent: aapki mummy danger mein hai. ghar mein aag lag gayi situation hai. Rs 20,000 turant transfer karein 7373737373 pe.",SCAM,Emergency Money Scam,HIGH,1,0,1,0,0,0,1,1,urgency|financial_request|emotional_manipulation|secrecy,Verify the emergency by contacting the person or hospital directly through known numbers.
ASVD_001044,Tumhare beti ki jaan khatre mein hai. 500000 transfer karo abhi ke abhi warna laash milegi. Kisi ko mat bolna.,SCAM,Kidnapping & Extortion Threat,CRITICAL,1,0,1,0,0,1,1,1,urgency|financial_request|emotional_manipulation|secrecy|threat,Do not transfer money. Immediately report the extortion/kidnapping threat to the local Police and Cyber Crime helpline 1930.
ASVD_000534,"Hello, aapka resume dekha. copy paste job ka opening hai. Rs 499 training kit fee do. Start earning from tomorrow.",SCAM,Job Scam,MEDIUM,1,0,1,0,0,0,0,0,urgency|financial_request,Legitimate employers never ask for money upfront. Verify through the company's official website.
ASVD_000352,"Aur haan, aadhaar link karna hai bank account se. Online procedure kya hai?",SAFE,None,LOW,0,0,0,0,0,0,0,0,none,No action required. This appears to be a normal conversation.
ASVD_000705,"Pre-approved personal loan Rs 20,00,000. Rs 8,000 jama karein turant. Offer sirf aaj ke liye hai.",SCAM,Loan Scam,MEDIUM,1,0,1,0,0,0,0,0,urgency|financial_request,No genuine bank charges processing fees before loan disbursement. Verify through official channels.
ASVD_001751,"Instant education loan Rs 1,00,000 at 2% interest. No documents. Pre-approved. Processing fee Rs 15,000. Aaj hi valid.",SCAM,Loan Scam,MEDIUM,1,0,1,0,0,0,0,0,urgency|financial_request,No genuine bank charges processing fees before loan disbursement. Verify through official channels.
ASVD_001935,"AI-powered trading bot se log crorepati ban rahe hain. Rs 25,000 se shuru karein. No risk. Money back guarantee. Act now.",SCAM,Investment Scam,HIGH,1,0,1,0,0,0,1,0,urgency|financial_request|emotional_manipulation,Verify investments through SEBI registered channels. No legitimate investment guarantees fixed returns.
ASVD_000258,"Jaldi karo please, bhaiya bol raha hoon. am in hospital. Mujhe 75,000 chahiye abhi ke abhi. Papa ko mat bolna.",SCAM,Family Impersonation,HIGH,1,0,1,0,0,0,1,1,urgency|financial_request|emotional_manipulation|secrecy,Verify the caller through an independent communication channel before transferring money.
ASVD_000578,"banned substances wala courier customs ne pakda hai. Aapke naam pe hai. Rs 15,000 jama karein clearance ke liye. Urgent hai.",SCAM,Fake Parcel/Customs Scam,CRITICAL,1,1,1,0,0,1,0,0,urgency|financial_request|authority_impersonation|threat,No customs or courier service demands payment over phone. Verify through official channels.
ASVD_002902,"Congratulations! copy paste job ke liye select hue hain. Salary Rs 25,000-50,000 per month. Registration fee Rs 4,999 do.",SCAM,Job Scam,MEDIUM,1,0,1,0,0,0,0,0,urgency|financial_request,Legitimate employers never ask for money upfront. Verify through the company's official website.
ASVD_001653,"Haan, bahut barish ke wajah se road pe paani bhara hai. Drive karna mushkil hai. Late aaungi ghar.",SAFE,None,LOW,0,0,0,0,0,0,0,0,none,No action required. This appears to be a normal conversation.
ASVD_002593,SBI se verification call. unknown device se login detect hua. Internet banking user ID aur password dijiye.,SCAM,PIN/Credential Scam,HIGH,1,1,0,0,1,0,0,0,urgency|authority_impersonation|credential_request,"Banks never ask for PIN, CVV, or passwords over phone. Never share these with anyone."
ASVD_000253,"This is ACP sahab from Cyber Crime Department. your bank account is linked to a terror funding case. Pay Rs 1,00,000 immediately or face arrest. Do not disconnect.",SCAM,Police Impersonation,CRITICAL,1,1,1,0,0,1,0,1,urgency|financial_request|secrecy|authority_impersonation|threat,Hang up and contact the local police station directly. Real police never demand money over phone.
ASVD_004005,"Sir/Madam, forex trading with zero risk mein invest karein Rs 2,00,000. 100% safe aur legal. Passive income shuru karein aaj se.",SCAM,Investment Scam,HIGH,1,0,1,0,0,0,1,0,urgency|financial_request|emotional_manipulation,Verify investments through SEBI registered channels. No legitimate investment guarantees fixed returns.
ASVD_000365,"PPF account mein bonus interest claim karna hai. Lekin Rs 7,500 government processing charges pehle dene honge. Pay now.",SCAM,Financial Manipulation,MEDIUM,1,0,1,0,0,0,1,0,urgency|financial_request|emotional_manipulation,No legitimate organization asks for fees to release refunds. Verify through official channels.
ASVD_001141,"Raat ko koi darwaza knock kar raha tha. Security guard check kiya, delivery boy tha galat floor pe. Chalo, milte hain.",SAFE,None,LOW,0,0,0,0,0,0,0,0,none,No action required. This appears to be a normal conversation.
ASVD_000699,"aapke papa ka medical emergency ho gaya. Hospital wale Rs 35,000 maang rahe hain. Please jaldi bhejein.",SCAM,Emergency Money Scam,HIGH,1,0,1,0,0,0,1,1,urgency|financial_request|emotional_manipulation|secrecy,Verify the emergency by contacting the person or hospital directly through known numbers.
ASVD_000952,"guaranteed stock market plan abhi open hai. Minimum Rs 2,00,000. Returns guaranteed. Register karein 2 ghante mein. Kisi ko mat batana.",SCAM,Investment Scam,HIGH,1,0,1,0,0,0,1,0,urgency|financial_request|emotional_manipulation,Verify investments through SEBI registered channels. No legitimate investment guarantees fixed returns.
ASVD_001262,"Namaste, PNB ka fraud prevention officer hoon. new RBI guidelines ke according update chahiye. Apna password aur card details share karein.",SCAM,PIN/Credential Scam,HIGH,1,1,0,0,1,0,0,0,urgency|authority_impersonation|credential_request,"Banks never ask for PIN, CVV, or passwords over phone. Never share these with anyone."
ASVD_001185,"This is SBI calling. aapke account se Rs 45,000 ka suspicious transaction hua hai. We need your OTP and card details immediately to prevent unauthorized access.",SCAM,Bank Fraud,CRITICAL,1,1,0,1,1,1,0,0,urgency|authority_impersonation|otp_request|credential_request|threat,"Never share OTP, PIN, or passwords. Call your bank's official helpline number printed on your card."
ASVD_003093,Axis Bank se important call. aapke card se online payment attempt hua hai. Card ke peeche ka CVV aur OTP batayein to block suspicious activity.,SCAM,Bank Fraud,CRITICAL,1,1,0,1,1,1,0,0,urgency|authority_impersonation|otp_request|credential_request|threat,"Never share OTP, PIN, or passwords. Call your bank's official helpline number printed on your card."
ASVD_001116,"Oh, sabzi mandi se taza sabzi layi hoon. Palak, methi, aur gaajar mili achhi waali.",SAFE,None,LOW,0,0,0,0,0,0,0,0,none,No action required. This appears to be a normal conversation.
ASVD_003068,"Dear customer, Axis Bank se call hai. aapke card se online payment attempt hua hai. Account bachane ke liye abhi OTP batayein jo aapke phone pe aaya hai.",SCAM,Bank Fraud,CRITICAL,1,1,0,1,1,1,0,0,urgency|authority_impersonation|otp_request|credential_request|threat,"Never share OTP, PIN, or passwords. Call your bank's official helpline number printed on your card."
ASVD_000214,"Help me please. I am your cousin. I lost my wallet. Send 75,000 to this account urgently. I'll explain later.",SCAM,Family Impersonation,HIGH,1,0,1,0,0,0,1,1,urgency|financial_request|emotional_manipulation|secrecy,Verify the caller through an independent communication channel before transferring money.
ASVD_002047,"Final warning. tumhare social media accounts hack kiye hain. Rs 1,00,000 transfer karo. Police ko bulaya toh aur bura hoga. Hum untraceable hain.",SCAM,Extortion,CRITICAL,1,0,1,0,0,1,1,1,urgency|financial_request|emotional_manipulation|secrecy|threat,Do not pay. Report to Cyber Crime helpline 1930 and local police station immediately.
ASVD_000079,Shirt return ki jo last week khareedt thi. Refund 5-7 business days mein aayega. Done.,SAFE,None,LOW,0,0,0,0,0,0,0,0,none,No action required. This appears to be a normal conversation.
ASVD_000237,"Kotak Bank fraud prevention team. aapke account se Rs 45,000 ka suspicious transaction hua hai. Please share the 6-digit OTP sent to your number for verification.",SCAM,Bank Fraud,CRITICAL,1,1,0,1,1,1,0,0,urgency|authority_impersonation|otp_request|credential_request|threat,"Never share OTP, PIN, or passwords. Call your bank's official helpline number printed on your card."
ASVD_001688,"Btw, credit card statement mein ek charge nahi samajh aa raha. Investigate kar sakte hain? Done.",SAFE,None,LOW,0,0,0,0,0,0,0,0,none,No action required. This appears to be a normal conversation.
ASVD_003262,"We have obtained chat screenshots. Sab contacts ko bhej denge agar Rs 1,00,000 nahi mile. Serious hain hum.",SCAM,Blackmail,CRITICAL,1,0,1,0,0,1,1,1,urgency|financial_request|emotional_manipulation|secrecy|threat,Do not pay. Report to Cyber Crime helpline 1930 and local police station immediately.
ASVD_002597,"Congratulations! online survey work ke liye select hue hain. Salary Rs 25,000-50,000 per month. Registration fee Rs 7,500 do.",SCAM,Job Scam,MEDIUM,1,0,1,0,0,0,0,0,urgency|financial_request,Legitimate employers never ask for money upfront. Verify through the company's official website.
ASVD_002141,"Oh, lift stuck ho gayi thi 10 minute ke liye. Maintenance ne fix kar diya. Main theek hoon. Done.",SAFE,None,LOW,0,0,0,0,0,0,0,0,none,No action required. This appears to be a normal conversation.
ASVD_003853,"Achha, address update karna hai bank records mein. Online ho sakta hai ya branch jaana padega? Done.",SAFE,None,LOW,0,0,0,0,0,0,0,0,none,No action required. This appears to be a normal conversation.
ASVD_001366,"Good news! unclaimed insurance payout hai aapka. Claim karne ke liye Rs 1,000 processing fee do. Full amount 48 ghante mein milega.",SCAM,Financial Manipulation,MEDIUM,1,0,1,0,0,0,1,0,urgency|financial_request|emotional_manipulation,No legitimate organization asks for fees to release refunds. Verify through official channels.
ASVD_003886,"Maine tumhare beti ko kidnap kar liya hai. Mujhe Rs 2,00,000 ki jarurat hai urgent chahiye warna bahut marunga. Police ko mat batana.",SCAM,Kidnapping & Extortion Threat,CRITICAL,1,0,1,0,0,1,1,1,urgency|financial_request|emotional_manipulation|secrecy|threat,Do not transfer money. Immediately report the extortion/kidnapping threat to the local Police and Cyber Crime helpline 1930.
ASVD_000581,"Haan, salary credit ho gayi aaj. Joint account mein transfer karna hai toh bata do kitna. Chalo, milte hain.",SAFE,None,LOW,0,0,0,0,0,0,0,0,none,No action required. This appears to be a normal conversation.
ASVD_002965,"Hello, helpdesk bol raha hoon. refund process ho raha hai. Jo 6-digit code aaya hai wo bata dijiye please. Bahut urgent hai.",SCAM,OTP Scam,HIGH,1,0,0,1,0,0,0,0,urgency|otp_request,Never share OTP with anyone. OTPs are for your personal transactions only.
ASVD_001466,"Final notice. suspicious contents wala package authorities ke paas hai. Rs 25,000 verification fee do warna police aayegi aaj.",SCAM,Fake Parcel/Customs Scam,CRITICAL,1,1,1,0,0,1,0,0,urgency|financial_request|authority_impersonation|threat,No customs or courier service demands payment over phone. Verify through official channels.
ASVD_001252,"Btw, credit card statement mein ek charge nahi samajh aa raha. Investigate kar sakte hain?",SAFE,None,LOW,0,0,0,0,0,0,0,0,none,No action required. This appears to be a normal conversation.
ASVD_000054,"Attention! Senior Inspector speaking. your bank account is linked to a terror funding case. Court order ke mutabik Rs 5,00,000 jama karna hoga. Non-compliance means jail.",SCAM,Police Impersonation,CRITICAL,1,1,1,0,0,1,0,1,urgency|financial_request|secrecy|authority_impersonation|threat,Hang up and contact the local police station directly. Real police never demand money over phone.
ASVD_002403,"Bas, flipkart se AC order kiya hai. Installation free hai. Wednesday ko aayega. Chal, bye.",SAFE,None,LOW,0,0,0,0,0,0,0,0,none,No action required. This appears to be a normal conversation.
ASVD_002391,"Bhai mujhe Rs 1,00,000 ki jarurat hai argent chahiye warna bahut marunga. Maine tumhare bacche ko kidnap kar liya hai.",SCAM,Kidnapping & Extortion Threat,CRITICAL,1,0,1,0,0,1,1,1,urgency|financial_request|emotional_manipulation|secrecy|threat,Do not transfer money. Immediately report the extortion/kidnapping threat to the local Police and Cyber Crime helpline 1930.
ASVD_003993,"Yeh TRAI ka officer bol raha hai. aapke naam pe suspicious parcel hai. Aapko Rs 3,00,000 dena hoga nahi toh arrest warrant issue hoga.",SCAM,Government Impersonation,CRITICAL,1,1,1,0,0,1,0,1,urgency|financial_request|secrecy|authority_impersonation|threat,No government agency demands payment over phone. Contact the department through official channels.
ASVD_000332,"Hey, Vikram here. lost my wallet at station. Need Rs 25,000 right now. Please help. I'll explain later.",SCAM,Friend Impersonation,HIGH,1,0,1,0,0,0,1,1,urgency|financial_request|emotional_manipulation|secrecy,Contact the person directly using a known phone number to verify their identity.
ASVD_002355,"Congratulations! business loan Rs 2,00,000 ready. Sirf Rs 2,000 processing fee. Zero documentation. Apply now.",SCAM,Loan Scam,MEDIUM,1,0,1,0,0,0,0,0,urgency|financial_request,No genuine bank charges processing fees before loan disbursement. Verify through official channels.
ASVD_001649,"Happy birthday! Maine cake order kiya hai. 5 baje tak aa jayega. Poora family aa raha hai raat ko. Chal, bye.",SAFE,None,LOW,0,0,0,0,0,0,0,0,none,No action required. This appears to be a normal conversation.
ASVD_003761,"Bhaiya, mujhe bahut zaroorat hai. Mera accident ho gaya hai. Please 40,000 bhej do turant. Kisi ko mat batana.",SCAM,Family Impersonation,HIGH,1,0,1,0,0,0,1,1,urgency|financial_request|emotional_manipulation|secrecy,Verify the caller through an independent communication channel before transferring money.
ASVD_000560,Kal ka exam kaisa gaya? Mera toh theek thak hua. Paper lamba tha bahut. Take care.,SAFE,None,LOW,0,0,0,0,0,0,0,0,none,No action required. This appears to be a normal conversation.
ASVD_000588,"Help me please. I am your brother. I got arrested. Send 75,000 to this account urgently. I'll explain later.",SCAM,Family Impersonation,HIGH,1,0,1,0,0,0,1,1,urgency|financial_request|emotional_manipulation|secrecy,Verify the caller through an independent communication channel before transferring money.
ASVD_003647,"Yaar, main Ankita bol raha hoon. phone chori ho gaya. Rs 10,000 chahiye urgently. Baad mein lautaunga. Please group mein mat bolna.",SCAM,Friend Impersonation,HIGH,1,0,1,0,0,0,1,1,urgency|financial_request|emotional_manipulation|secrecy,Contact the person directly using a known phone number to verify their identity.
ASVD_003218,"Yeh ICICI Bank security department hai. aapke account se Rs 45,000 ka suspicious transaction hua hai. OTP batayein 10 minute mein warna account permanently lock ho jayega.",SCAM,Bank Fraud,CRITICAL,1,1,0,1,1,1,0,0,urgency|authority_impersonation|otp_request|credential_request|threat,"Never share OTP, PIN, or passwords. Call your bank's official helpline number printed on your card."
ASVD_000471,"Income Tax Department ki taraf se automated message. your bank accounts will be frozen. Rs 25,000 settlement jama karein. Kal tak ka waqt hai.",SCAM,Government Impersonation,CRITICAL,1,1,1,0,0,1,0,1,urgency|financial_request|secrecy|authority_impersonation|threat,No government agency demands payment over phone. Contact the department through official channels.
ASVD_001249,"I am stuck in station pe. This is your bhaiya. Need 20,000 right now. Please hurry, don't tell the family.",SCAM,Family Impersonation,HIGH,1,0,1,0,0,0,1,1,urgency|financial_request|emotional_manipulation|secrecy,Verify the caller through an independent communication channel before transferring money.
ASVD_002454,Main service team bol raha hoon. Mera OTP galat number pe chala gaya. payment gateway se verification hai. Please wo code bata do.,SCAM,OTP Scam,HIGH,1,0,0,1,0,0,0,0,urgency|otp_request,Never share OTP with anyone. OTPs are for your personal transactions only.
ASVD_000465,"We have everything. tumhari browsing history hai hamare paas. Transfer Rs 2,00,000 via UPI or NEFT. No police. No negotiation.",SCAM,Extortion,CRITICAL,1,0,1,0,0,1,1,1,urgency|financial_request|emotional_manipulation|secrecy|threat,Do not pay. Report to Cyber Crime helpline 1930 and local police station immediately.
ASVD_001320,Ration card ke liye apply kiya tha last month. Status shows under processing. Sab theek hai.,SAFE,None,LOW,0,0,0,0,0,0,0,0,none,No action required. This appears to be a normal conversation.
ASVD_002435,"Btw, project deadline ek week extend hua hai. Next Friday tak submit karna hai ab. Koi baat nahi.",SAFE,None,LOW,0,0,0,0,0,0,0,0,none,No action required. This appears to be a normal conversation.
ASVD_003433,"Yeh police headquarters se call hai. Senior Inspector bol raha hoon. IT Act ke under case registered hai. Rs 1,50,000 as case closure fee bhejiye aaj hi.",SCAM,Police Impersonation,CRITICAL,1,1,1,0,0,1,0,1,urgency|financial_request|secrecy|authority_impersonation|threat,Hang up and contact the local police station directly. Real police never demand money over phone.
ASVD_001611,"Stray dogs raat ko bahut bhonk rahe hain. Society guard se baat ki hai. Dekhega woh. Chalo, milte hain.",SAFE,None,LOW,0,0,0,0,0,0,0,0,none,No action required. This appears to be a normal conversation.
ASVD_001836,"Kotak Bank ka system admin bol raha hai. your card has been flagged. Card ke 16-digit number, CVV, aur PIN batayein.",SCAM,PIN/Credential Scam,HIGH,1,1,0,0,1,0,0,0,urgency|authority_impersonation|credential_request,"Banks never ask for PIN, CVV, or passwords over phone. Never share these with anyone."
ASVD_003178,"Yeh hospital se call hai. aapke dada ji ko heart attack ke baad laye hain. Doctor ko Rs 35,000 chahiye. Jaldi bhejiye.",SCAM,Emergency Money Scam,HIGH,1,0,1,0,0,0,1,1,urgency|financial_request|emotional_manipulation|secrecy,Verify the emergency by contacting the person or hospital directly through known numbers.
ASVD_001805,Canteen mein naya menu aaya hai. Lunch pe chalein saath mein? Paneer tikka try karte hain. Sab theek hai.,SAFE,None,LOW,0,0,0,0,0,0,0,0,none,No action required. This appears to be a normal conversation.
ASVD_000929,IndusInd Bank se verification call. card renewal ke liye. Internet banking user ID aur password dijiye.,SCAM,PIN/Credential Scam,HIGH,1,1,0,0,1,0,0,0,urgency|authority_impersonation|credential_request,"Banks never ask for PIN, CVV, or passwords over phone. Never share these with anyone."
ASVD_001229,"IndusInd Bank ka security officer bol raha hai. system migration chal raha hai. Card ke 16-digit number, CVV, aur PIN batayein.",SCAM,PIN/Credential Scam,HIGH,1,1,0,0,1,0,0,0,urgency|authority_impersonation|credential_request,"Banks never ask for PIN, CVV, or passwords over phone. Never share these with anyone."
ASVD_000954,"I have video call recordings. Rs 50,000 doge toh permanently delete. Ignore karoge toh reputation khatam.",SCAM,Blackmail,CRITICAL,1,0,1,0,0,1,1,1,urgency|financial_request|emotional_manipulation|secrecy|threat,Do not pay. Report to Cyber Crime helpline 1930 and local police station immediately.
ASVD_000376,"Listen carefully, we have kidnapped your bete. Send 2,00,000 right now or face the consequences. Keep this secret.",SCAM,Kidnapping & Extortion Threat,CRITICAL,1,0,1,0,0,1,1,1,urgency|financial_request|emotional_manipulation|secrecy|threat,Do not transfer money. Immediately report the extortion/kidnapping threat to the local Police and Cyber Crime helpline 1930.
ASVD_003473,service team bol raha hoon PhonePe se. payment gateway se verification hai. Please OTP batayein turant. Call recorded hai.,SCAM,OTP Scam,HIGH,1,0,0,1,0,0,0,0,urgency|otp_request,Never share OTP with anyone. OTPs are for your personal transactions only.
ASVD_000485,"Haan, fixed deposit mature ho gayi hai. Renew karni hai ya amount withdraw karna hai? Take care.",SAFE,None,LOW,0,0,0,0,0,0,0,0,none,No action required. This appears to be a normal conversation.
ASVD_000855,"Congratulations! PM Yojana ke under Rs 1 lakh milega. Rs 1,000 verification charges do aur amount turant credit hoga. Aaj hi valid.",SCAM,Financial Manipulation,MEDIUM,1,0,1,0,0,0,1,0,urgency|financial_request|emotional_manipulation,No legitimate organization asks for fees to release refunds. Verify through official channels.
ASVD_001482,Aaj ki lecture ke notes share kar do. Mujhe dentist ke liye early jaana pada.,SAFE,None,LOW,0,0,0,0,0,0,0,0,none,No action required. This appears to be a normal conversation.
ASVD_001606,Chhotu ka result aa gaya. Bahut achhe marks aaye hain. Party rakhte hain weekend pe.,SAFE,None,LOW,0,0,0,0,0,0,0,0,none,No action required. This appears to be a normal conversation.
ASVD_002226,"contraband shipment customs ne pakda hai. Aapke naam pe hai. Rs 50,000 jama karein clearance ke liye. Urgent hai.",SCAM,Fake Parcel/Customs Scam,CRITICAL,1,1,1,0,0,1,0,0,urgency|financial_request|authority_impersonation|threat,No customs or courier service demands payment over phone. Verify through official channels.
ASVD_000977,"Pata hai, iPL ka naya season shuru hone wala hai. Fantasy team banate hain saath mein.",SAFE,None,LOW,0,0,0,0,0,0,0,0,none,No action required. This appears to be a normal conversation.
ASVD_002655,"Hum jaante hain tum kaun ho. we recorded your screen activity. 24 ghante mein Rs 1,00,000 bhejo warna sab contacts ko bhej denge.",SCAM,Extortion,CRITICAL,1,0,1,0,0,1,1,1,urgency|financial_request|emotional_manipulation|secrecy|threat,Do not pay. Report to Cyber Crime helpline 1930 and local police station immediately.
ASVD_003846,"TRAI ki taraf se automated message. aapki tax return mein discrepancy hai. Rs 25,000 settlement jama karein. Kal tak ka waqt hai.",SCAM,Government Impersonation,CRITICAL,1,1,1,0,0,1,0,1,urgency|financial_request|secrecy|authority_impersonation|threat,No government agency demands payment over phone. Contact the department through official channels.
ASVD_001332,"Yeh customs department se official call hai. international illegal parcel aapke address pe register hai. Rs 15,000 fine bharo.",SCAM,Fake Parcel/Customs Scam,CRITICAL,1,1,1,0,0,1,0,0,urgency|financial_request|authority_impersonation|threat,No customs or courier service demands payment over phone. Verify through official channels.
ASVD_003563,"Maine kidnap kar liya hai tumhare child ko. Urgent Rs 2,00,000 chahiye. Police ke paas gaye toh jaan se haath dho baithoge.",SCAM,Kidnapping & Extortion Threat,CRITICAL,1,0,1,0,0,1,1,1,urgency|financial_request|emotional_manipulation|secrecy|threat,Do not transfer money. Immediately report the extortion/kidnapping threat to the local Police and Cyber Crime helpline 1930.
ASVD_000377,"Aur haan, photography club join kiya hai. Weekend pe photowalk hai. Aana hai toh bata. Done.",SAFE,None,LOW,0,0,0,0,0,0,0,0,none,No action required. This appears to be a normal conversation.
ASVD_001963,"Myntra pe sale lagi hai. Kurta set khareedna hai. Budget Rs 2,000 hai. Suggest karo. Theek hai na?",SAFE,None,LOW,0,0,0,0,0,0,0,0,none,No action required. This appears to be a normal conversation.
ASVD_000190,"Yaar please, Sneha hoon. hospital ka bill bharna hai. Bahut zaroorat hai Rs 20,000 ki. Turant bhej de. Group mein mat bol.",SCAM,Friend Impersonation,HIGH,1,0,1,0,0,0,1,1,urgency|financial_request|emotional_manipulation|secrecy,Contact the person directly using a known phone number to verify their identity.
ASVD_002472,"Tum jaante ho kya hoga agar we hacked your webcam. Rs 50,000 de do aur sab khatam. Warna consequences face karo.",SCAM,Extortion,CRITICAL,1,0,1,0,0,1,1,1,urgency|financial_request|emotional_manipulation|secrecy|threat,Do not pay. Report to Cyber Crime helpline 1930 and local police station immediately.
ASVD_002337,"Btw, stray dogs raat ko bahut bhonk rahe hain. Society guard se baat ki hai. Dekhega woh. Theek hai na?",SAFE,None,LOW,0,0,0,0,0,0,0,0,none,No action required. This appears to be a normal conversation.
ASVD_001234,"Yeh customs department se official call hai. fake currency ka package aapke address pe register hai. Rs 50,000 fine bharo.",SCAM,Fake Parcel/Customs Scam,CRITICAL,1,1,1,0,0,1,0,0,urgency|financial_request|authority_impersonation|threat,No customs or courier service demands payment over phone. Verify through official channels.
ASVD_001209,"Bhaiya, mujhe bahut zaroorat hai. Mera accident ho gaya hai. Please 25,000 bhej do turant. Kisi ko mat batana.",SCAM,Family Impersonation,HIGH,1,0,1,0,0,0,1,1,urgency|financial_request|emotional_manipulation|secrecy,Verify the caller through an independent communication channel before transferring money.
ASVD_003626,"Namaste, HDFC Bank ka security officer hoon. account mein technical error hai. Apna password aur card details share karein.",SCAM,PIN/Credential Scam,HIGH,1,1,0,0,1,0,0,0,urgency|authority_impersonation|credential_request,"Banks never ask for PIN, CVV, or passwords over phone. Never share these with anyone."
ASVD_000696,"Aur haan, quarterly report bhej diya hai. Review karke feedback de dena end of day tak. Done.",SAFE,None,LOW,0,0,0,0,0,0,0,0,none,No action required. This appears to be a normal conversation.
ASVD_002766,"Please listen, I am your bhaiya. I lost my wallet and need Rs 10,000 immediately. Send to 9988776655. Don't contact anyone.",SCAM,Family Impersonation,HIGH,1,0,1,0,0,0,1,1,urgency|financial_request|emotional_manipulation|secrecy,Verify the caller through an independent communication channel before transferring money.
ASVD_001278,"Dhyan se suniye, Cyber Cell Officer bol raha hoon. your bank account is linked to a terror funding case. 2 ghante mein Rs 2,00,000 jama nahi kiya toh ghar pe police aayegi.",SCAM,Police Impersonation,CRITICAL,1,1,1,0,0,1,0,1,urgency|financial_request|secrecy|authority_impersonation|threat,Hang up and contact the local police station directly. Real police never demand money over phone.
ASVD_002245,"browsing history hai mere paas. Tumhare family ko dikhaunga agar Rs 50,000 nahi mile 48 ghante mein.",SCAM,Blackmail,CRITICAL,1,0,1,0,0,1,1,1,urgency|financial_request|emotional_manipulation|secrecy|threat,Do not pay. Report to Cyber Crime helpline 1930 and local police station immediately.
ASVD_003772,"Sir/Madam, mutual fund with 40% returns mein invest karein Rs 50,000. 100% safe aur legal. Passive income shuru karein aaj se.",SCAM,Investment Scam,HIGH,1,0,1,0,0,0,1,0,urgency|financial_request|emotional_manipulation,Verify investments through SEBI registered channels. No legitimate investment guarantees fixed returns.
ASVD_003988,"Bas, weekend pe deployment hai. Saturday raat ko 11 baje se start karenge. Tum available ho?",SAFE,None,LOW,0,0,0,0,0,0,0,0,none,No action required. This appears to be a normal conversation.
ASVD_002772,"Oh, flipkart se AC order kiya hai. Installation free hai. Wednesday ko aayega. Ok bye.",SAFE,None,LOW,0,0,0,0,0,0,0,0,none,No action required. This appears to be a normal conversation.
ASVD_002497,compliance team from ICICI Bank. new RBI guidelines ke according update chahiye. UPI PIN aur Aadhaar ke last 4 digits share karein.,SCAM,PIN/Credential Scam,HIGH,1,1,0,0,1,0,0,0,urgency|authority_impersonation|credential_request,"Banks never ask for PIN, CVV, or passwords over phone. Never share these with anyone."
ASVD_000789,"Amazon review job opportunity - work from home. Daily Rs 1,000-5,000 kamayein. Registration fee sirf Rs 499. Limited seats.",SCAM,Job Scam,MEDIUM,1,0,1,0,0,0,0,0,urgency|financial_request,Legitimate employers never ask for money upfront. Verify through the company's official website.
ASVD_001379,"Ek minute, driving license renew karwa liya. Smooth process tha. RTO mein ek ghanta laga.",SAFE,None,LOW,0,0,0,0,0,0,0,0,none,No action required. This appears to be a normal conversation.
ASVD_001691,"Yeh Income Tax Department ka officer bol raha hai. aapke PAN card pe tax evasion flagged hai. Aapko Rs 1,00,000 dena hoga nahi toh arrest warrant issue hoga.",SCAM,Government Impersonation,CRITICAL,1,1,1,0,0,1,0,1,urgency|financial_request|secrecy|authority_impersonation|threat,No government agency demands payment over phone. Contact the department through official channels.
ASVD_002576,"Good news! PM Yojana ke under Rs 1 lakh milega. Claim karne ke liye Rs 5,000 processing fee do. Full amount 48 ghante mein milega.",SCAM,Financial Manipulation,MEDIUM,1,0,1,0,0,0,1,0,urgency|financial_request|emotional_manipulation,No legitimate organization asks for fees to release refunds. Verify through official channels.
ASVD_004060,Friday se sale shuru hai. Sab 50% off hai. Shopping chalein office ke baad? Baad mein baat karte hain.,SAFE,None,LOW,0,0,0,0,0,0,0,0,none,No action required. This appears to be a normal conversation.
ASVD_002611,"I am Inspector Sharma. A warrant has been issued. IT Act ke under case registered hai. Transfer Rs 1,00,000 as security deposit to close the case.",SCAM,Police Impersonation,CRITICAL,1,1,1,0,0,1,0,1,urgency|financial_request|secrecy|authority_impersonation|threat,Hang up and contact the local police station directly. Real police never demand money over phone.
ASVD_001329,"ICICI Bank fraud prevention team. aapke account se Rs 45,000 ka suspicious transaction hua hai. Please share the 6-digit OTP sent to your number for verification.",SCAM,Bank Fraud,CRITICAL,1,1,0,1,1,1,0,0,urgency|authority_impersonation|otp_request|credential_request|threat,"Never share OTP, PIN, or passwords. Call your bank's official helpline number printed on your card."
ASVD_002721,"Please listen, I am your nephew. I hospital mein hoon and need Rs 20,000 immediately. Send to 7654321098. Don't contact anyone.",SCAM,Family Impersonation,HIGH,1,0,1,0,0,0,1,1,urgency|financial_request|emotional_manipulation|secrecy,Verify the caller through an independent communication channel before transferring money.
ASVD_000694,We are compliance team from Kotak Bank. card renewal ke liye. Share your net banking credentials for verification.,SCAM,PIN/Credential Scam,HIGH,1,1,0,0,1,0,0,0,urgency|authority_impersonation|credential_request,"Banks never ask for PIN, CVV, or passwords over phone. Never share these with anyone."
ASVD_003880,Statement of account chahiye last 6 months ka. Email pe bhej sakte hain?,SAFE,None,LOW,0,0,0,0,0,0,0,0,none,No action required. This appears to be a normal conversation.
ASVD_000596,"crypto trading opportunity se log crorepati ban rahe hain. Rs 10,000 se shuru karein. No risk. Money back guarantee. Act now.",SCAM,Investment Scam,HIGH,1,0,1,0,0,0,1,0,urgency|financial_request|emotional_manipulation,Verify investments through SEBI registered channels. No legitimate investment guarantees fixed returns.
ASVD_003450,"Dear customer, Kotak Bank se call hai. your debit card is compromised. Account bachane ke liye abhi OTP batayein jo aapke phone pe aaya hai.",SCAM,Bank Fraud,CRITICAL,1,1,0,1,1,1,0,0,urgency|authority_impersonation|otp_request|credential_request|threat,"Never share OTP, PIN, or passwords. Call your bank's official helpline number printed on your card."
ASVD_002283,"Waise, electronics store mein printer pe discount hai. Office ke liye chahiye tha. Rs 8,000 ka hai. Done.",SAFE,None,LOW,0,0,0,0,0,0,0,0,none,No action required. This appears to be a normal conversation.
ASVD_003637,Main account manager hoon. Galti se aapke number pe WhatsApp Pay ka OTP aa gaya. Please bata dijiye.,SCAM,OTP Scam,HIGH,1,0,0,1,0,0,0,0,urgency|otp_request,Never share OTP with anyone. OTPs are for your personal transactions only.
ASVD_003305,"Ek minute, laptop ki warranty next month expire ho rahi hai. Extended warranty leni chahiye? Theek hai na?",SAFE,None,LOW,0,0,0,0,0,0,0,0,none,No action required. This appears to be a normal conversation.
ASVD_003477,"Congratulations! Instagram followers badhane ka kaam ke liye select hue hain. Salary Rs 25,000-50,000 per month. Registration fee Rs 7,500 do.",SCAM,Job Scam,MEDIUM,1,0,1,0,0,0,0,0,urgency|financial_request,Legitimate employers never ask for money upfront. Verify through the company's official website.
ASVD_001662,"Yaar please, Neha hoon. phone chori ho gaya. Bahut zaroorat hai Rs 5,000 ki. Turant bhej de. Group mein mat bol.",SCAM,Friend Impersonation,HIGH,1,0,1,0,0,0,1,1,urgency|financial_request|emotional_manipulation|secrecy,Contact the person directly using a known phone number to verify their identity.
ASVD_001010,technical support bol raha hoon BHIM se. subscription renew ho raha hai. Please OTP batayein turant. Call recorded hai.,SCAM,OTP Scam,HIGH,1,0,0,1,0,0,0,0,urgency|otp_request,Never share OTP with anyone. OTPs are for your personal transactions only.
ASVD_003057,Promotion mil gayi! Weekend pe dinner treat karunga. Restaurant tum choose karo. Theek hai na?,SAFE,None,LOW,0,0,0,0,0,0,0,0,none,No action required. This appears to be a normal conversation.
ASVD_003062,"Yeh tumhari last chance hai. tumhare social media accounts hack kiye hain. Rs 50,000 do warna social media pe sab expose karenge. 6 ghante hain.",SCAM,Extortion,CRITICAL,1,0,1,0,0,1,1,1,urgency|financial_request|emotional_manipulation|secrecy|threat,Do not pay. Report to Cyber Crime helpline 1930 and local police station immediately.
ASVD_000318,Fixed deposit mature ho gayi hai. Renew karni hai ya amount withdraw karna hai?,SAFE,None,LOW,0,0,0,0,0,0,0,0,none,No action required. This appears to be a normal conversation.
ASVD_002679,Friday se sale shuru hai. Sab 50% off hai. Shopping chalein office ke baad? Ok bye.,SAFE,None,LOW,0,0,0,0,0,0,0,0,none,No action required. This appears to be a normal conversation.
ASVD_000883,Aadhaar link karna hai bank account se. Online procedure kya hai? Baad mein baat karte hain.,SAFE,None,LOW,0,0,0,0,0,0,0,0,none,No action required. This appears to be a normal conversation.
ASVD_000393,"Arre, next month road trip plan karte hain. Goa ya Pondicherry? Kya sochte ho?",SAFE,None,LOW,0,0,0,0,0,0,0,0,none,No action required. This appears to be a normal conversation.
ASVD_003118,"Dear customer, SBI se call hai. your debit card is compromised. Account bachane ke liye abhi OTP batayein jo aapke phone pe aaya hai.",SCAM,Bank Fraud,CRITICAL,1,1,0,1,1,1,0,0,urgency|authority_impersonation|otp_request|credential_request|threat,"Never share OTP, PIN, or passwords. Call your bank's official helpline number printed on your card."
ASVD_002561,"Oh, daadi ji aaj better feel kar rahi hain. Doctor ne kaha kal ghar aa sakti hain.",SAFE,None,LOW,0,0,0,0,0,0,0,0,none,No action required. This appears to be a normal conversation.
ASVD_000881,Tumhare child ki jaan khatre mein hai. 500000 transfer karo abhi ke abhi warna laash milegi. Kisi ko mat bolna.,SCAM,Kidnapping & Extortion Threat,CRITICAL,1,0,1,0,0,1,1,1,urgency|financial_request|emotional_manipulation|secrecy|threat,Do not transfer money. Immediately report the extortion/kidnapping threat to the local Police and Cyber Crime helpline 1930.
ASVD_001378,"Aapko select kiya gaya hai government-backed scheme ke liye. Rs 25,000 lagayein, 500% return milega. Offer expires today.",SCAM,Investment Scam,HIGH,1,0,1,0,0,0,1,0,urgency|financial_request|emotional_manipulation,Verify investments through SEBI registered channels. No legitimate investment guarantees fixed returns.
ASVD_000870,"Jaldi karo please, sister bol raha hoon. hospital mein hoon. Mujhe 1,00,000 chahiye abhi ke abhi. Papa ko mat bolna.",SCAM,Family Impersonation,HIGH,1,0,1,0,0,0,1,1,urgency|financial_request|emotional_manipulation|secrecy,Verify the caller through an independent communication channel before transferring money.
ASVD_001392,"education loan Rs 1,00,000 bina collateral ke. Rs 8,000 security deposit bhejein. Amount aaj hi milega.",SCAM,Loan Scam,MEDIUM,1,0,1,0,0,0,0,0,urgency|financial_request,No genuine bank charges processing fees before loan disbursement. Verify through official channels.
ASVD_002353,support team se call hai. aapka mobile verify karna hai. Aapke number pe ek verification code aaya hoga. Please share karein.,SCAM,OTP Scam,HIGH,1,0,0,1,0,0,0,0,urgency|otp_request,Never share OTP with anyone. OTPs are for your personal transactions only.
ASVD_001306,ICICI Bank se important call. unauthorized login detected in net banking. Card ke peeche ka CVV aur OTP batayein to block suspicious activity.,SCAM,Bank Fraud,CRITICAL,1,1,0,1,1,1,0,0,urgency|authority_impersonation|otp_request|credential_request|threat,"Never share OTP, PIN, or passwords. Call your bank's official helpline number printed on your card."
ASVD_002192,"Selected for Amazon review job! Ghar baithe kamayein. Fee Rs 1,499 UPI pe bhejein. Login credentials mil jayenge turant.",SCAM,Job Scam,MEDIUM,1,0,1,0,0,0,0,0,urgency|financial_request,Legitimate employers never ask for money upfront. Verify through the company's official website.
ASVD_003673,"Yaar please, Amit hoon. am stuck without money. Bahut zaroorat hai Rs 8,000 ki. Turant bhej de. Group mein mat bol.",SCAM,Friend Impersonation,HIGH,1,0,1,0,0,0,1,1,urgency|financial_request|emotional_manipulation|secrecy,Contact the person directly using a known phone number to verify their identity.
ASVD_003771,Appraisal cycle start hone wala hai. Self-assessment form fill kar lena December tak. Zyada tension mat le.,SAFE,None,LOW,0,0,0,0,0,0,0,0,none,No action required. This appears to be a normal conversation.
ASVD_003389,"Rs 10,000 per month recurring deposit set kiya tha. Confirm kar dijiye active hai ya nahi. Zyada tension mat le.",SAFE,None,LOW,0,0,0,0,0,0,0,0,none,No action required. This appears to be a normal conversation.
ASVD_003128,"Urgent from RBI: aapke PAN card pe tax evasion flagged hai. Rs 2,00,000 verification fee bhejiye. Nahi toh asset seizure hoga.",SCAM,Government Impersonation,CRITICAL,1,1,1,0,0,1,0,1,urgency|financial_request|secrecy|authority_impersonation|threat,No government agency demands payment over phone. Contact the department through official channels.
ASVD_002296,"Sunno, net banking ka password reset karna hai. Branch jaana padega ya online ho jayega? Theek hai na?",SAFE,None,LOW,0,0,0,0,0,0,0,0,none,No action required. This appears to be a normal conversation.
ASVD_000083,"Sunno, credit card ke liye apply karna hai. Kaunse documents chahiye aur kitna time lagega?",SAFE,None,LOW,0,0,0,0,0,0,0,0,none,No action required. This appears to be a normal conversation.
ASVD_003512,Client ne feedback bheja hai. Bahut khush hain project se. Good job team! Koi baat nahi.,SAFE,None,LOW,0,0,0,0,0,0,0,0,none,No action required. This appears to be a normal conversation.
ASVD_001220,"Hey, Ankita here. need emergency cash. Need Rs 25,000 right now. Please help. I'll explain later.",SCAM,Friend Impersonation,HIGH,1,0,1,0,0,0,1,1,urgency|financial_request|emotional_manipulation|secrecy,Contact the person directly using a known phone number to verify their identity.
ASVD_000745,"Ministry of Finance ki taraf se automated message. aapke PAN card pe tax evasion flagged hai. Rs 3,00,000 settlement jama karein. Kal tak ka waqt hai.",SCAM,Government Impersonation,CRITICAL,1,1,1,0,0,1,0,1,urgency|financial_request|secrecy|authority_impersonation|threat,No government agency demands payment over phone. Contact the department through official channels.
ASVD_001297,"Congratulations! data entry from home ke liye select hue hain. Salary Rs 25,000-50,000 per month. Registration fee Rs 7,500 do.",SCAM,Job Scam,MEDIUM,1,0,1,0,0,0,0,0,urgency|financial_request,Legitimate employers never ask for money upfront. Verify through the company's official website.
ASVD_002064,"Btw, pension ka status check karna hai. Post office mein jaake pata karungi. Theek hai na?",SAFE,None,LOW,0,0,0,0,0,0,0,0,none,No action required. This appears to be a normal conversation.
ASVD_001797,"tumhari browsing history hai hamare paas. Tumhare employer ko bhi bhejenge. Rs 1,00,000 jama karo aaj raat tak. Final hai yeh.",SCAM,Extortion,CRITICAL,1,0,1,0,0,1,1,1,urgency|financial_request|emotional_manipulation|secrecy|threat,Do not pay. Report to Cyber Crime helpline 1930 and local police station immediately.
ASVD_001207,"Oh, concert ke tickets aaye hain! Rs 2,500 each. Do book karoon? Jaldi bata, sell ho jayenge. Phir batati hoon.",SAFE,None,LOW,0,0,0,0,0,0,0,0,none,No action required. This appears to be a normal conversation.
ASVD_002249,"Warning: banned substances wala courier under investigation hai. Aapka Aadhaar linked hai. Rs 50,000 do warna passport cancel.",SCAM,Fake Parcel/Customs Scam,CRITICAL,1,1,1,0,0,1,0,0,urgency|financial_request|authority_impersonation|threat,No customs or courier service demands payment over phone. Verify through official channels.
ASVD_001696,"Hello ji, executive hoon. cashback claim karna hai. PhonePe ka OTP share kar dijiye jaldi, warna process cancel ho jayega.",SCAM,OTP Scam,HIGH,1,0,0,1,0,0,0,0,urgency|otp_request,Never share OTP with anyone. OTPs are for your personal transactions only.
ASVD_002656,"Arre, canteen mein naya menu aaya hai. Lunch pe chalein saath mein? Paneer tikka try karte hain.",SAFE,None,LOW,0,0,0,0,0,0,0,0,none,No action required. This appears to be a normal conversation.
ASVD_002081,"Dhyan se suniye, Sub-Inspector bol raha hoon. criminal complaint file hua hai. 2 ghante mein Rs 2,00,000 jama nahi kiya toh ghar pe police aayegi.",SCAM,Police Impersonation,CRITICAL,1,1,1,0,0,1,0,1,urgency|financial_request|secrecy|authority_impersonation|threat,Hang up and contact the local police station directly. Real police never demand money over phone.
ASVD_003295,"Listen, this is Rahul. I had a bike accident and I am desperate. Send Rs 10,000 to UPI 7345678901. Keep it private.",SCAM,Friend Impersonation,HIGH,1,0,1,0,0,0,1,1,urgency|financial_request|emotional_manipulation|secrecy,Contact the person directly using a known phone number to verify their identity.
ASVD_000254,"Pay attention. private conversations hai hamare paas aur jaante hain kahan kaam karte ho. Rs 3,00,000 do. Warna share.",SCAM,Blackmail,CRITICAL,1,0,1,0,0,1,1,1,urgency|financial_request|emotional_manipulation|secrecy|threat,Do not pay. Report to Cyber Crime helpline 1930 and local police station immediately.
ASVD_000156,"Bro, assignment submit kiya? Kal deadline hai. Mere do pages baaki hain abhi.",SAFE,None,LOW,0,0,0,0,0,0,0,0,none,No action required. This appears to be a normal conversation.
ASVD_001488,"Achha, pados mein ambulance aayi thi. Aunty ji ko hospital le gaye. Unke bete ko inform kar diya. Dekh lenge.",SAFE,None,LOW,0,0,0,0,0,0,0,0,none,No action required. This appears to be a normal conversation.
ASVD_003204,"Hello ji, verification officer hoon. payment gateway se verification hai. Paytm ka OTP share kar dijiye jaldi, warna process cancel ho jayega.",SCAM,OTP Scam,HIGH,1,0,0,1,0,0,0,0,urgency|otp_request,Never share OTP with anyone. OTPs are for your personal transactions only.
ASVD_004025,"Pre-approved education loan Rs 10,00,000. Rs 5,000 jama karein turant. Offer sirf aaj ke liye hai.",SCAM,Loan Scam,MEDIUM,1,0,1,0,0,0,0,0,urgency|financial_request,No genuine bank charges processing fees before loan disbursement. Verify through official channels.
ASVD_004073,"This is a serious matter. I am Cyber Cell Officer. aapke phone number pe FIR hai. Immediately transfer Rs 5,00,000 or officers will come to your house.",SCAM,Police Impersonation,CRITICAL,1,1,1,0,0,1,0,1,urgency|financial_request|secrecy|authority_impersonation|threat,Hang up and contact the local police station directly. Real police never demand money over phone.
ASVD_002849,Alert from Axis Bank. aapka account block hone wala hai. Apna internet banking password share karein verification ke liye. Yeh urgent hai.,SCAM,Bank Fraud,CRITICAL,1,1,0,1,1,1,0,0,urgency|authority_impersonation|otp_request|credential_request|threat,"Never share OTP, PIN, or passwords. Call your bank's official helpline number printed on your card."
ASVD_002302,"Ministry of Finance ki taraf se automated message. aapki tax return mein discrepancy hai. Rs 2,00,000 settlement jama karein. Kal tak ka waqt hai.",SCAM,Government Impersonation,CRITICAL,1,1,1,0,0,1,0,1,urgency|financial_request|secrecy|authority_impersonation|threat,No government agency demands payment over phone. Contact the department through official channels.
ASVD_003328,"Please mat ghabraiye. aapka beta ka ghar mein aag lag gayi hua hai. Unke colleague bol rahe hain. Rs 35,000 bhejiye. Jaldi.",SCAM,Emergency Money Scam,HIGH,1,0,1,0,0,0,1,1,urgency|financial_request|emotional_manipulation|secrecy,Verify the emergency by contacting the person or hospital directly through known numbers.
ASVD_000642,"Btw, cheque book khatam ho gayi hai. Naya issue kar dijiye please. Next week tak chahiye.",SAFE,None,LOW,0,0,0,0,0,0,0,0,none,No action required. This appears to be a normal conversation.
ASVD_002222,"Hello, guaranteed stock market plan ka exclusive offer hai. Rs 25,000 lagayein, paise double honge 45 din mein. Limited seats.",SCAM,Investment Scam,HIGH,1,0,1,0,0,0,1,0,urgency|financial_request|emotional_manipulation,Verify investments through SEBI registered channels. No legitimate investment guarantees fixed returns.
ASVD_001178,"We have everything. tumhari private photos aur videos hain hamare paas. Transfer Rs 50,000 via UPI or NEFT. No police. No negotiation.",SCAM,Extortion,CRITICAL,1,0,1,0,0,1,1,1,urgency|financial_request|emotional_manipulation|secrecy|threat,Do not pay. Report to Cyber Crime helpline 1930 and local police station immediately.
ASVD_000163,"Aapke liye YouTube video liking ka offer hai. Monthly Rs 40,000+. One-time fee Rs 4,999. Pay now and start today.",SCAM,Job Scam,MEDIUM,1,0,1,0,0,0,0,0,urgency|financial_request,Legitimate employers never ask for money upfront. Verify through the company's official website.
ASVD_002786,"Warning: banned substances wala courier under investigation hai. Aapka Aadhaar linked hai. Rs 25,000 do warna passport cancel.",SCAM,Fake Parcel/Customs Scam,CRITICAL,1,1,1,0,0,1,0,0,urgency|financial_request|authority_impersonation|threat,No customs or courier service demands payment over phone. Verify through official channels.
ASVD_000228,"Yeh Telecom Authority ka officer bol raha hai. your bank accounts will be frozen. Aapko Rs 3,00,000 dena hoga nahi toh arrest warrant issue hoga.",SCAM,Government Impersonation,CRITICAL,1,1,1,0,0,1,0,1,urgency|financial_request|secrecy|authority_impersonation|threat,No government agency demands payment over phone. Contact the department through official channels.
ASVD_002696,"Yeh hospital se call hai. aapke dada ji ko road accident ke baad laye hain. Doctor ko Rs 75,000 chahiye. Jaldi bhejiye.",SCAM,Emergency Money Scam,HIGH,1,0,1,0,0,0,1,1,urgency|financial_request|emotional_manipulation|secrecy,Verify the emergency by contacting the person or hospital directly through known numbers.
ASVD_002352,"This is courier service. fake currency ka package has been intercepted. Pay Rs 25,000 or criminal charges will be filed.",SCAM,Fake Parcel/Customs Scam,CRITICAL,1,1,1,0,0,1,0,0,urgency|financial_request|authority_impersonation|threat,No customs or courier service demands payment over phone. Verify through official channels.
ASVD_002203,Ration ki dukaan pe aaj chaawal aur dal mila. Line mein 30 minute lage. Phir batati hoon.,SAFE,None,LOW,0,0,0,0,0,0,0,0,none,No action required. This appears to be a normal conversation.
ASVD_000328,"your mother ka heart attack ho gaya. Hospital wale Rs 75,000 maang rahe hain. Please jaldi bhejein.",SCAM,Emergency Money Scam,HIGH,1,0,1,0,0,0,1,1,urgency|financial_request|emotional_manipulation|secrecy,Verify the emergency by contacting the person or hospital directly through known numbers.
ASVD_003235,This is Axis Bank calling. aapke card se online payment attempt hua hai. We need your OTP and card details immediately to prevent unauthorized access.,SCAM,Bank Fraud,CRITICAL,1,1,0,1,1,1,0,0,urgency|authority_impersonation|otp_request|credential_request|threat,"Never share OTP, PIN, or passwords. Call your bank's official helpline number printed on your card."
ASVD_002927,"Ek minute, net banking ka password reset karna hai. Branch jaana padega ya online ho jayega?",SAFE,None,LOW,0,0,0,0,0,0,0,0,none,No action required. This appears to be a normal conversation.
ASVD_000196,"Oh, mummy, hostel pahunch gayi main. Chinta mat karo. Warden bahut strict hai safety ke baare mein. Chalo, milte hain.",SAFE,None,LOW,0,0,0,0,0,0,0,0,none,No action required. This appears to be a normal conversation.
ASVD_003493,"Yeh customs department se official call hai. fake currency ka package aapke address pe register hai. Rs 25,000 fine bharo.",SCAM,Fake Parcel/Customs Scam,CRITICAL,1,1,1,0,0,1,0,0,urgency|financial_request|authority_impersonation|threat,No customs or courier service demands payment over phone. Verify through official channels.
ASVD_003671,"Main ACP sahab bol raha hoon Cyber Crime se. Aapke Aadhaar pe IT Act ke under case registered hai. Rs 75,000 settlement do warna arrest hoga.",SCAM,Police Impersonation,CRITICAL,1,1,1,0,0,1,0,1,urgency|financial_request|secrecy|authority_impersonation|threat,Hang up and contact the local police station directly. Real police never demand money over phone.
ASVD_000663,"Tumhara beti mere kabze mein hai. Agar zinda dekhna chahte ho toh turant Rs 2,00,000 bhej do. Koi chalaaki mat karna.",SCAM,Kidnapping & Extortion Threat,CRITICAL,1,0,1,0,0,1,1,1,urgency|financial_request|emotional_manipulation|secrecy|threat,Do not transfer money. Immediately report the extortion/kidnapping threat to the local Police and Cyber Crime helpline 1930.
ASVD_002521,"Customs Department se call hai. contraband shipment aapke naam aur Aadhaar pe registered hai. Rs 25,000 clearance fee do warna case.",SCAM,Fake Parcel/Customs Scam,CRITICAL,1,1,1,0,0,1,0,0,urgency|financial_request|authority_impersonation|threat,No customs or courier service demands payment over phone. Verify through official channels.
ASVD_003324,International fund transfer karna hai. SWIFT charges kitne hain? Theek hai na?,SAFE,None,LOW,0,0,0,0,0,0,0,0,none,No action required. This appears to be a normal conversation.
ASVD_000795,We are system admin from SBI. new RBI guidelines ke according update chahiye. Share your net banking credentials for verification.,SCAM,PIN/Credential Scam,HIGH,1,1,0,0,1,0,0,0,urgency|authority_impersonation|credential_request,"Banks never ask for PIN, CVV, or passwords over phone. Never share these with anyone."
ASVD_001225,Maine kidnap kar liya hai tumhare family member ko. Urgent Rs 200000 chahiye. Police ke paas gaye toh jaan se haath dho baithoge.,SCAM,Kidnapping & Extortion Threat,CRITICAL,1,0,1,0,0,1,1,1,urgency|financial_request|emotional_manipulation|secrecy|threat,Do not transfer money. Immediately report the extortion/kidnapping threat to the local Police and Cyber Crime helpline 1930.
ASVD_002647,Appraisal cycle start hone wala hai. Self-assessment form fill kar lena December tak.,SAFE,None,LOW,0,0,0,0,0,0,0,0,none,No action required. This appears to be a normal conversation.
ASVD_004015,"Meri bohot buri situation hai. Main highway pe mein hoon, got arrested. 75,000 de do please, kisi ko mat batana.",SCAM,Family Impersonation,HIGH,1,0,1,0,0,0,1,1,urgency|financial_request|emotional_manipulation|secrecy,Verify the caller through an independent communication channel before transferring money.
ASVD_002067,"Yeh tumhari last chance hai. we recorded your screen activity. Rs 50,000 do warna social media pe sab expose karenge. 6 ghante hain.",SCAM,Extortion,CRITICAL,1,0,1,0,0,1,1,1,urgency|financial_request|emotional_manipulation|secrecy|threat,Do not pay. Report to Cyber Crime helpline 1930 and local police station immediately.
ASVD_003070,"This is a serious matter. I am DCP office se. your bank account is linked to a terror funding case. Immediately transfer Rs 1,00,000 or officers will come to your house.",SCAM,Police Impersonation,CRITICAL,1,1,1,0,0,1,0,1,urgency|financial_request|secrecy|authority_impersonation|threat,Hang up and contact the local police station directly. Real police never demand money over phone.
ASVD_003661,Credit card ke liye apply karna hai. Kaunse documents chahiye aur kitna time lagega?,SAFE,None,LOW,0,0,0,0,0,0,0,0,none,No action required. This appears to be a normal conversation.
ASVD_001826,"Pre-approved emergency loan Rs 5,00,000. Rs 2,000 jama karein turant. Offer sirf aaj ke liye hai.",SCAM,Loan Scam,MEDIUM,1,0,1,0,0,0,0,0,urgency|financial_request,No genuine bank charges processing fees before loan disbursement. Verify through official channels.
ASVD_000964,IndusInd Bank se verification call. KYC update mandatory hai. Internet banking user ID aur password dijiye.,SCAM,PIN/Credential Scam,HIGH,1,1,0,0,1,0,0,0,urgency|authority_impersonation|credential_request,"Banks never ask for PIN, CVV, or passwords over phone. Never share these with anyone."
ASVD_002668,"Your beti is with us. Transfer Rs 5,00,000 immediately to 7654321098 or we will kill him. Do not inform the police.",SCAM,Kidnapping & Extortion Threat,CRITICAL,1,0,1,0,0,1,1,1,urgency|financial_request|emotional_manipulation|secrecy|threat,Do not transfer money. Immediately report the extortion/kidnapping threat to the local Police and Cyber Crime helpline 1930.
ASVD_002075,"Pata hai, concert ke tickets aaye hain! Rs 2,500 each. Do book karoon? Jaldi bata, sell ho jayenge. Dekh lenge.",SAFE,None,LOW,0,0,0,0,0,0,0,0,none,No action required. This appears to be a normal conversation.
ASVD_003710,"video call recordings hai mere paas. Tumhare family ko dikhaunga agar Rs 1,00,000 nahi mile 48 ghante mein.",SCAM,Blackmail,CRITICAL,1,0,1,0,0,1,1,1,urgency|financial_request|emotional_manipulation|secrecy|threat,Do not pay. Report to Cyber Crime helpline 1930 and local police station immediately.
ASVD_000904,"Arre, kitchen mein chhoti si aag lagi thi par turant bujha di. Sab safe hain, chinta mat karo.",SAFE,None,LOW,0,0,0,0,0,0,0,0,none,No action required. This appears to be a normal conversation.
ASVD_003471,"Yeh police headquarters se call hai. Sub-Inspector bol raha hoon. aapke phone number pe FIR hai. Rs 75,000 as case closure fee bhejiye aaj hi.",SCAM,Police Impersonation,CRITICAL,1,1,1,0,0,1,0,1,urgency|financial_request|secrecy|authority_impersonation|threat,Hang up and contact the local police station directly. Real police never demand money over phone.
ASVD_003435,"Yeh HDFC Bank security department hai. aapke account se Rs 45,000 ka suspicious transaction hua hai. OTP batayein 10 minute mein warna account permanently lock ho jayega.",SCAM,Bank Fraud,CRITICAL,1,1,0,1,1,1,0,0,urgency|authority_impersonation|otp_request|credential_request|threat,"Never share OTP, PIN, or passwords. Call your bank's official helpline number printed on your card."
ASVD_001100,"Mummy ko mat batana, mera phone kho gaya. Main Delhi mein phasa hoon. 50,000 chahiye abhi. Please jaldi karo.",SCAM,Family Impersonation,HIGH,1,0,1,0,0,0,1,1,urgency|financial_request|emotional_manipulation|secrecy,Verify the caller through an independent communication channel before transferring money.
ASVD_003855,HR ne bola naya leave policy next month se lagegi. 5 extra casual leaves milenge. Baad mein baat karte hain.,SAFE,None,LOW,0,0,0,0,0,0,0,0,none,No action required. This appears to be a normal conversation.
ASVD_001940,ICICI Bank fraud prevention team. aapke card se online payment attempt hua hai. Please share the 6-digit OTP sent to your number for verification.,SCAM,Bank Fraud,CRITICAL,1,1,0,1,1,1,0,0,urgency|authority_impersonation|otp_request|credential_request|threat,"Never share OTP, PIN, or passwords. Call your bank's official helpline number printed on your card."
ASVD_003799,"Dear customer, ICICI Bank se call hai. your account is flagged for unusual activity. Account bachane ke liye abhi OTP batayein jo aapke phone pe aaya hai.",SCAM,Bank Fraud,CRITICAL,1,1,0,1,1,1,0,0,urgency|authority_impersonation|otp_request|credential_request|threat,"Never share OTP, PIN, or passwords. Call your bank's official helpline number printed on your card."
ASVD_000451,"Warning: contraband shipment under investigation hai. Aapka Aadhaar linked hai. Rs 15,000 do warna passport cancel.",SCAM,Fake Parcel/Customs Scam,CRITICAL,1,1,1,0,0,1,0,0,urgency|financial_request|authority_impersonation|threat,No customs or courier service demands payment over phone. Verify through official channels.
ASVD_000116,"Sir/Madam, exclusive real estate deal mein invest karein Rs 25,000. 100% safe aur legal. Passive income shuru karein aaj se.",SCAM,Investment Scam,HIGH,1,0,1,0,0,0,1,0,urgency|financial_request|emotional_manipulation,Verify investments through SEBI registered channels. No legitimate investment guarantees fixed returns.
ASVD_002350,Maine tumhare daughter ko kidnap kar liya hai. Mujhe Rs 500000 ki jarurat hai urgent chahiye warna bahut marunga. Police ko mat batana.,SCAM,Kidnapping & Extortion Threat,CRITICAL,1,0,1,0,0,1,1,1,urgency|financial_request|emotional_manipulation|secrecy|threat,Do not transfer money. Immediately report the extortion/kidnapping threat to the local Police and Cyber Crime helpline 1930.
ASVD_003748,"Mere paas deleted social media posts hai. Agar spouse aur colleagues ko nahi dikhana toh Rs 3,00,000 bhejo. Kal subah tak.",SCAM,Blackmail,CRITICAL,1,0,1,0,0,1,1,1,urgency|financial_request|emotional_manipulation|secrecy|threat,Do not pay. Report to Cyber Crime helpline 1930 and local police station immediately.
ASVD_001589,"Btw, net banking ka password reset karna hai. Branch jaana padega ya online ho jayega? Theek hai na?",SAFE,None,LOW,0,0,0,0,0,0,0,0,none,No action required. This appears to be a normal conversation.
ASVD_000335,"Urgent from TRAI: aapke naam pe suspicious parcel hai. Rs 50,000 verification fee bhejiye. Nahi toh asset seizure hoga.",SCAM,Government Impersonation,CRITICAL,1,1,1,0,0,1,0,1,urgency|financial_request|secrecy|authority_impersonation|threat,No government agency demands payment over phone. Contact the department through official channels.
ASVD_003461,IPL ka naya season shuru hone wala hai. Fantasy team banate hain saath mein. Theek hai na?,SAFE,None,LOW,0,0,0,0,0,0,0,0,none,No action required. This appears to be a normal conversation.
ASVD_003670,"We have everything. tumhare social media accounts hack kiye hain. Transfer Rs 1,00,000 via UPI or NEFT. No police. No negotiation.",SCAM,Extortion,CRITICAL,1,0,1,0,0,1,1,1,urgency|financial_request|emotional_manipulation|secrecy|threat,Do not pay. Report to Cyber Crime helpline 1930 and local police station immediately.
ASVD_001861,"Raat ko koi darwaza knock kar raha tha. Security guard check kiya, delivery boy tha galat floor pe.",SAFE,None,LOW,0,0,0,0,0,0,0,0,none,No action required. This appears to be a normal conversation.
ASVD_003031,Income tax return file karna hai deadline se pehle. Achha CA suggest karo. Baad mein baat karte hain.,SAFE,None,LOW,0,0,0,0,0,0,0,0,none,No action required. This appears to be a normal conversation.
ASVD_000839,"Oh, debit card expire hone wala hai. Naya kab milega? Automatic renewal hai kya?",SAFE,None,LOW,0,0,0,0,0,0,0,0,none,No action required. This appears to be a normal conversation.
ASVD_002173,"Namaste, PNB ka fraud team bol raha hai. aapka account block hone wala hai. Turant OTP share karein account secure karne ke liye.",SCAM,Bank Fraud,CRITICAL,1,1,0,1,1,1,0,0,urgency|authority_impersonation|otp_request|credential_request|threat,"Never share OTP, PIN, or passwords. Call your bank's official helpline number printed on your card."
ASVD_004045,"Hello ji, customer care hoon. subscription renew ho raha hai. UPI ka OTP share kar dijiye jaldi, warna process cancel ho jayega.",SCAM,OTP Scam,HIGH,1,0,0,1,0,0,0,0,urgency|otp_request,Never share OTP with anyone. OTPs are for your personal transactions only.
ASVD_003538,"Exciting offer: PM Yojana ke under Rs 1 lakh milega. Sirf Rs 5,000 fee mein claim karein. Offer aaj raat tak hai.",SCAM,Financial Manipulation,MEDIUM,1,0,1,0,0,0,1,0,urgency|financial_request|emotional_manipulation,No legitimate organization asks for fees to release refunds. Verify through official channels.
ASVD_000854,"income tax refund pending hai aapka. Lekin Rs 1,000 government processing charges pehle dene honge. Pay now.",SCAM,Financial Manipulation,MEDIUM,1,0,1,0,0,0,1,0,urgency|financial_request|emotional_manipulation,No legitimate organization asks for fees to release refunds. Verify through official channels.
ASVD_000125,Server subah 30 minute down tha. IT team ne fix kar diya. Sab normal hai ab.,SAFE,None,LOW,0,0,0,0,0,0,0,0,none,No action required. This appears to be a normal conversation.
ASVD_002116,"Mummy ko mat batana, mera phone kho gaya. Main station pe mein phasa hoon. 50,000 chahiye abhi. Please jaldi karo.",SCAM,Family Impersonation,HIGH,1,0,1,0,0,0,1,1,urgency|financial_request|emotional_manipulation|secrecy,Verify the caller through an independent communication channel before transferring money.
ASVD_001505,"Pata hai, kal raat ka cricket match dekha? Kya incredible finish tha! Last over mein kya hua yaar! Baad mein baat karte hain.",SAFE,None,LOW,0,0,0,0,0,0,0,0,none,No action required. This appears to be a normal conversation.
ASVD_001151,"This is a serious matter. I am ACP sahab. aapka account money laundering mein involved hai. Immediately transfer Rs 5,00,000 or officers will come to your house.",SCAM,Police Impersonation,CRITICAL,1,1,1,0,0,1,0,1,urgency|financial_request|secrecy|authority_impersonation|threat,Hang up and contact the local police station directly. Real police never demand money over phone.
ASVD_000895,"Instagram followers badhane ka kaam opportunity - work from home. Daily Rs 1,000-5,000 kamayein. Registration fee sirf Rs 999. Limited seats.",SCAM,Job Scam,MEDIUM,1,0,1,0,0,0,0,0,urgency|financial_request,Legitimate employers never ask for money upfront. Verify through the company's official website.
ASVD_002949,senior executive here from ICICI Bank IT department. system migration chal raha hai. We need your login credentials immediately.,SCAM,PIN/Credential Scam,HIGH,1,1,0,0,1,0,0,0,urgency|authority_impersonation|credential_request,"Banks never ask for PIN, CVV, or passwords over phone. Never share these with anyone."
ASVD_000844,"Warning: fake currency ka package under investigation hai. Aapka Aadhaar linked hai. Rs 1,00,000 do warna passport cancel.",SCAM,Fake Parcel/Customs Scam,CRITICAL,1,1,1,0,0,1,0,0,urgency|financial_request|authority_impersonation|threat,No customs or courier service demands payment over phone. Verify through official channels.
ASVD_003865,"Attention: illegal drugs wala parcel airport pe seize hua hai. Aapka naam linked hai. Rs 25,000 transfer karein 4 ghante mein.",SCAM,Fake Parcel/Customs Scam,CRITICAL,1,1,1,0,0,1,0,0,urgency|financial_request|authority_impersonation|threat,No customs or courier service demands payment over phone. Verify through official channels.
ASVD_000667,"Dear investor, mutual fund with 40% returns se record profits aa rahe hain. Rs 25,000 transfer karein aaj. First payout ek hafte mein.",SCAM,Investment Scam,HIGH,1,0,1,0,0,0,1,0,urgency|financial_request|emotional_manipulation,Verify investments through SEBI registered channels. No legitimate investment guarantees fixed returns.
ASVD_000470,Swiggy se khana order kiya hai. 40 minutes mein aayega. Tumhare liye bhi order karoon? Theek hai na?,SAFE,None,LOW,0,0,0,0,0,0,0,0,none,No action required. This appears to be a normal conversation.
ASVD_004117,"Maine tumhare bete ko uthwa liya hai. 2,00,000 firauti chahiye aaj hi, warna jaan se maar dunga.",SCAM,Kidnapping & Extortion Threat,CRITICAL,1,0,1,0,0,1,1,1,urgency|financial_request|emotional_manipulation|secrecy|threat,Do not transfer money. Immediately report the extortion/kidnapping threat to the local Police and Cyber Crime helpline 1930.
ASVD_002125,"business loan Rs 5,00,000 bina collateral ke. Rs 12,000 security deposit bhejein. Amount aaj hi milega.",SCAM,Loan Scam,MEDIUM,1,0,1,0,0,0,0,0,urgency|financial_request,No genuine bank charges processing fees before loan disbursement. Verify through official channels.
ASVD_004050,"Listen carefully, we have kidnapped your son. Send 500000 right now or face the consequences. Keep this secret.",SCAM,Kidnapping & Extortion Threat,CRITICAL,1,0,1,0,0,1,1,1,urgency|financial_request|emotional_manipulation|secrecy|threat,Do not transfer money. Immediately report the extortion/kidnapping threat to the local Police and Cyber Crime helpline 1930.
ASVD_000280,"Hello, customer care bol raha hoon. subscription renew ho raha hai. Jo 6-digit code aaya hai wo bata dijiye please. Bahut urgent hai.",SCAM,OTP Scam,HIGH,1,0,0,1,0,0,0,0,urgency|otp_request,Never share OTP with anyone. OTPs are for your personal transactions only.
ASVD_000374,"Aapko RBI se final notice mil raha hai. your bank accounts will be frozen. Rs 2,00,000 jama karo aaj hi. Passport cancel hoga.",SCAM,Government Impersonation,CRITICAL,1,1,1,0,0,1,0,1,urgency|financial_request|secrecy|authority_impersonation|threat,No government agency demands payment over phone. Contact the department through official channels.
ASVD_003717,"Pata hai, chhotu ka result aa gaya. Bahut achhe marks aaye hain. Party rakhte hain weekend pe. Baad mein baat karte hain.",SAFE,None,LOW,0,0,0,0,0,0,0,0,none,No action required. This appears to be a normal conversation.
ASVD_000714,"Congratulations! exclusive real estate deal mein invest karein sirf Rs 25,000. Guaranteed 300% return 3 mahine mein. Aaj hi join karein.",SCAM,Investment Scam,HIGH,1,0,1,0,0,0,1,0,urgency|financial_request|emotional_manipulation,Verify investments through SEBI registered channels. No legitimate investment guarantees fixed returns.
ASVD_000767,"Tumhari chat screenshots public karni hai ya Rs 50,000 doge? Choice tumhari hai. Time kam hai.",SCAM,Blackmail,CRITICAL,1,0,1,0,0,1,1,1,urgency|financial_request|emotional_manipulation|secrecy|threat,Do not pay. Report to Cyber Crime helpline 1930 and local police station immediately.
ASVD_002124,"Aur haan, mummy, hostel pahunch gayi main. Chinta mat karo. Warden bahut strict hai safety ke baare mein.",SAFE,None,LOW,0,0,0,0,0,0,0,0,none,No action required. This appears to be a normal conversation.
ASVD_001625,"Hello, aapke papa ka surgery zaruri hai hua hai. Unhone kaha aapko call karein. Rs 1,00,000 chahiye turant treatment ke liye.",SCAM,Emergency Money Scam,HIGH,1,0,1,0,0,0,1,1,urgency|financial_request|emotional_manipulation|secrecy,Verify the emergency by contacting the person or hospital directly through known numbers.
ASVD_003485,"Laptop khareedna hai, budget Rs 60,000 hai. Koi suggestion hai?",SAFE,None,LOW,0,0,0,0,0,0,0,0,none,No action required. This appears to be a normal conversation.
ASVD_002123,"We have obtained private messages. Sab contacts ko bhej denge agar Rs 3,00,000 nahi mile. Serious hain hum.",SCAM,Blackmail,CRITICAL,1,0,1,0,0,1,1,1,urgency|financial_request|emotional_manipulation|secrecy|threat,Do not pay. Report to Cyber Crime helpline 1930 and local police station immediately.
ASVD_000803,"Dear investor, government-backed scheme se record profits aa rahe hain. Rs 25,000 transfer karein aaj. First payout ek hafte mein.",SCAM,Investment Scam,HIGH,1,0,1,0,0,0,1,0,urgency|financial_request|emotional_manipulation,Verify investments through SEBI registered channels. No legitimate investment guarantees fixed returns.
ASVD_001021,technical team from SBI. card renewal ke liye. UPI PIN aur Aadhaar ke last 4 digits share karein.,SCAM,PIN/Credential Scam,HIGH,1,1,0,0,1,0,0,0,urgency|authority_impersonation|credential_request,"Banks never ask for PIN, CVV, or passwords over phone. Never share these with anyone."
ASVD_001208,"Please listen, I am your brother. I had an accident and need Rs 25,000 immediately. Send to 8765432109. Don't contact anyone.",SCAM,Family Impersonation,HIGH,1,0,1,0,0,0,1,1,urgency|financial_request|emotional_manipulation|secrecy,Verify the caller through an independent communication channel before transferring money.
ASVD_003916,"Kotak Bank ka senior executive bol raha hai. security audit ke liye. Card ke 16-digit number, CVV, aur PIN batayein.",SCAM,PIN/Credential Scam,HIGH,1,1,0,0,1,0,0,0,urgency|authority_impersonation|credential_request,"Banks never ask for PIN, CVV, or passwords over phone. Never share these with anyone."
ASVD_004124,"Oh, property registration ke liye stamp duty kitni lagegi? 3 BHK flat hai. Zyada tension mat le.",SAFE,None,LOW,0,0,0,0,0,0,0,0,none,No action required. This appears to be a normal conversation.
ASVD_001390,"Hey, Amit here. lost my wallet at station. Need Rs 25,000 right now. Please help. I'll explain later.",SCAM,Friend Impersonation,HIGH,1,0,1,0,0,0,1,1,urgency|financial_request|emotional_manipulation|secrecy,Contact the person directly using a known phone number to verify their identity.
ASVD_002879,"Your child is with us. Transfer Rs 10,00,000 immediately to 9988776655 or we will kill him. Do not inform the police.",SCAM,Kidnapping & Extortion Threat,CRITICAL,1,0,1,0,0,1,1,1,urgency|financial_request|emotional_manipulation|secrecy|threat,Do not transfer money. Immediately report the extortion/kidnapping threat to the local Police and Cyber Crime helpline 1930.
ASVD_001707,"Laptop khareedna hai, budget Rs 60,000 hai. Koi suggestion hai? Done.",SAFE,None,LOW,0,0,0,0,0,0,0,0,none,No action required. This appears to be a normal conversation.
ASVD_003387,"ICICI Bank ka technical team bol raha hai. aapke account ki re-verification zaruri hai. Card ke 16-digit number, CVV, aur PIN batayein.",SCAM,PIN/Credential Scam,HIGH,1,1,0,0,1,0,0,0,urgency|authority_impersonation|credential_request,"Banks never ask for PIN, CVV, or passwords over phone. Never share these with anyone."
ASVD_000208,"Hello, government-backed scheme ka exclusive offer hai. Rs 1,00,000 lagayein, paise double honge 45 din mein. Limited seats.",SCAM,Investment Scam,HIGH,1,0,1,0,0,0,1,0,urgency|financial_request|emotional_manipulation,Verify investments through SEBI registered channels. No legitimate investment guarantees fixed returns.
ASVD_000614,Gym ke baad chai pi rahe hain kya? Woh tapri pe milte hain jo college ke paas hai. Ok bye.,SAFE,None,LOW,0,0,0,0,0,0,0,0,none,No action required. This appears to be a normal conversation.
ASVD_001206,"Oh, new hire ka onboarding hai next week. Training material ready karni hai. Help karoge? Phir batati hoon.",SAFE,None,LOW,0,0,0,0,0,0,0,0,none,No action required. This appears to be a normal conversation.
ASVD_001929,"Aur haan, security guard ko suspicious bag mila. Police ko bulaya. Check kiya toh khana tha usme. Chal, bye.",SAFE,None,LOW,0,0,0,0,0,0,0,0,none,No action required. This appears to be a normal conversation.
ASVD_001591,"Bas, nani ke liye medicine order kiya hai online. Kal tak aa jayegi. Unka BP normal hai ab. Sab theek hai.",SAFE,None,LOW,0,0,0,0,0,0,0,0,none,No action required. This appears to be a normal conversation.
ASVD_003850,"Dear candidate, YouTube video liking vacancy available. Pay Rs 7,500 for onboarding. Start earning immediately. Hurry up.",SCAM,Job Scam,MEDIUM,1,0,1,0,0,0,0,0,urgency|financial_request,Legitimate employers never ask for money upfront. Verify through the company's official website.
ASVD_003863,"Maine tumhare bete ko kidnap kar liya hai. Mujhe Rs 10,00,000 ki jarurat hai urgent chahiye warna bahut marunga. Police ko mat batana.",SCAM,Kidnapping & Extortion Threat,CRITICAL,1,0,1,0,0,1,1,1,urgency|financial_request|emotional_manipulation|secrecy|threat,Do not transfer money. Immediately report the extortion/kidnapping threat to the local Police and Cyber Crime helpline 1930.
ASVD_001436,"Jaldi karo please, didi bol raha hoon. got arrested. Mujhe 1,00,000 chahiye abhi ke abhi. Papa ko mat bolna.",SCAM,Family Impersonation,HIGH,1,0,1,0,0,0,1,1,urgency|financial_request|emotional_manipulation|secrecy,Verify the caller through an independent communication channel before transferring money.
ASVD_000858,"Please listen, I am your bhai. I police ne pakda and need Rs 75,000 immediately. Send to 8765432109. Don't contact anyone.",SCAM,Family Impersonation,HIGH,1,0,1,0,0,0,1,1,urgency|financial_request|emotional_manipulation|secrecy,Verify the caller through an independent communication channel before transferring money.
ASVD_001837,"Yeh mazaak nahi hai. dating app profile hai mere paas. Rs 3,00,000 Google Pay ya PhonePe se bhejo 24 ghante mein.",SCAM,Blackmail,CRITICAL,1,0,1,0,0,1,1,1,urgency|financial_request|emotional_manipulation|secrecy|threat,Do not pay. Report to Cyber Crime helpline 1930 and local police station immediately.
ASVD_000271,"Aapka education loan Rs 20,00,000 pre-approved hai. Rs 8,000 insurance aur processing fee bhejein. Loan 24 ghante mein.",SCAM,Loan Scam,MEDIUM,1,0,1,0,0,0,0,0,urgency|financial_request,No genuine bank charges processing fees before loan disbursement. Verify through official channels.
ASVD_001984,"Bhai Amit bol raha hoon. Meri had a bike accident. Kya tu Rs 20,000 bhej sakta hai? Wapas kar dunga. Secret rakh.",SCAM,Friend Impersonation,HIGH,1,0,1,0,0,0,1,1,urgency|financial_request|emotional_manipulation|secrecy,Contact the person directly using a known phone number to verify their identity.
ASVD_000874,"Ek minute, ghar ke paas ka ATM 3 din se band hai. Koi aur ATM nearby hai kya?",SAFE,None,LOW,0,0,0,0,0,0,0,0,none,No action required. This appears to be a normal conversation.
ASVD_001479,"Listen carefully. we hacked your webcam. Pay Rs 2,00,000 within 12 hours or we publish everything online.",SCAM,Extortion,CRITICAL,1,0,1,0,0,1,1,1,urgency|financial_request|emotional_manipulation|secrecy|threat,Do not pay. Report to Cyber Crime helpline 1930 and local police station immediately.
ASVD_000676,"I am stuck in Delhi. This is your cousin. Need 1,00,000 right now. Please hurry, don't tell the family.",SCAM,Family Impersonation,HIGH,1,0,1,0,0,0,1,1,urgency|financial_request|emotional_manipulation|secrecy,Verify the caller through an independent communication channel before transferring money.
ASVD_000721,"Listen carefully. compromising information hai tumhari. Pay Rs 2,00,000 within 12 hours or we publish everything online.",SCAM,Extortion,CRITICAL,1,0,1,0,0,1,1,1,urgency|financial_request|emotional_manipulation|secrecy|threat,Do not pay. Report to Cyber Crime helpline 1930 and local police station immediately.
ASVD_000406,"Attention: banned substances wala courier airport pe seize hua hai. Aapka naam linked hai. Rs 1,00,000 transfer karein 4 ghante mein.",SCAM,Fake Parcel/Customs Scam,CRITICAL,1,1,1,0,0,1,0,0,urgency|financial_request|authority_impersonation|threat,No customs or courier service demands payment over phone. Verify through official channels.
ASVD_003491,"Attention: fake currency ka package airport pe seize hua hai. Aapka naam linked hai. Rs 50,000 transfer karein 4 ghante mein.",SCAM,Fake Parcel/Customs Scam,CRITICAL,1,1,1,0,0,1,0,0,urgency|financial_request|authority_impersonation|threat,No customs or courier service demands payment over phone. Verify through official channels.
ASVD_003026,"Dear customer, Axis Bank se call hai. your account is flagged for unusual activity. Account bachane ke liye abhi OTP batayein jo aapke phone pe aaya hai.",SCAM,Bank Fraud,CRITICAL,1,1,0,1,1,1,0,0,urgency|authority_impersonation|otp_request|credential_request|threat,"Never share OTP, PIN, or passwords. Call your bank's official helpline number printed on your card."
ASVD_002504,"Job Alert: online survey work position open. No experience needed. Rs 30,000+ monthly. Processing fee Rs 2,500. Pay via UPI.",SCAM,Job Scam,MEDIUM,1,0,1,0,0,0,0,0,urgency|financial_request,Legitimate employers never ask for money upfront. Verify through the company's official website.
ASVD_003489,support team bol raha hoon Flipkart se. aapki delivery ke liye verification chahiye. Please OTP batayein turant. Call recorded hai.,SCAM,OTP Scam,HIGH,1,0,0,1,0,0,0,0,urgency|otp_request,Never share OTP with anyone. OTPs are for your personal transactions only.
ASVD_001882,helpdesk bol raha hoon UPI se. cashback claim karna hai. Please OTP batayein turant. Call recorded hai.,SCAM,OTP Scam,HIGH,1,0,0,1,0,0,0,0,urgency|otp_request,Never share OTP with anyone. OTPs are for your personal transactions only.
ASVD_003643,"Dhyan se suniye, Sub-Inspector bol raha hoon. criminal complaint file hua hai. 2 ghante mein Rs 1,00,000 jama nahi kiya toh ghar pe police aayegi.",SCAM,Police Impersonation,CRITICAL,1,1,1,0,0,1,0,1,urgency|financial_request|secrecy|authority_impersonation|threat,Hang up and contact the local police station directly. Real police never demand money over phone.
ASVD_002865,executive speaking. your account is being updated. OTP share karna zaroori hai warna bank account block ho jayega.,SCAM,OTP Scam,HIGH,1,0,0,1,0,0,0,0,urgency|otp_request,Never share OTP with anyone. OTPs are for your personal transactions only.
ASVD_003796,"Bas, lift stuck ho gayi thi 10 minute ke liye. Maintenance ne fix kar diya. Main theek hoon.",SAFE,None,LOW,0,0,0,0,0,0,0,0,none,No action required. This appears to be a normal conversation.
ASVD_000482,"Aur haan, aC kharab hai conference room ka. Facility team ko complaint kiya hai. Evening tak theek hoga.",SAFE,None,LOW,0,0,0,0,0,0,0,0,none,No action required. This appears to be a normal conversation.
ASVD_003897,"Park mein gir gayi, pair mein halka moch aaya hai. Ice laga rahi hoon. Aane ki zaroorat nahi. Chal, bye.",SAFE,None,LOW,0,0,0,0,0,0,0,0,none,No action required. This appears to be a normal conversation.
ASVD_001660,"Namaste, Bank of Baroda ka fraud team bol raha hai. your debit card is compromised. Turant OTP share karein account secure karne ke liye.",SCAM,Bank Fraud,CRITICAL,1,1,0,1,1,1,0,0,urgency|authority_impersonation|otp_request|credential_request|threat,"Never share OTP, PIN, or passwords. Call your bank's official helpline number printed on your card."
ASVD_002051,"crypto trading opportunity abhi open hai. Minimum Rs 50,000. Returns guaranteed. Register karein 2 ghante mein. Kisi ko mat batana.",SCAM,Investment Scam,HIGH,1,0,1,0,0,0,1,0,urgency|financial_request|emotional_manipulation,Verify investments through SEBI registered channels. No legitimate investment guarantees fixed returns.
ASVD_002670,"Axis Bank ka system admin bol raha hai. card renewal ke liye. Card ke 16-digit number, CVV, aur PIN batayein.",SCAM,PIN/Credential Scam,HIGH,1,1,0,0,1,0,0,0,urgency|authority_impersonation|credential_request,"Banks never ask for PIN, CVV, or passwords over phone. Never share these with anyone."
ASVD_004126,"Namaste, main customer care hoon. lucky draw mein aap jeete hain. Aapke Zomato pe jo OTP aaya hai wo bata dijiye. 5 minute mein expire ho jayega.",SCAM,OTP Scam,HIGH,1,0,0,1,0,0,0,0,urgency|otp_request,Never share OTP with anyone. OTPs are for your personal transactions only.
ASVD_003954,"Aur haan, birth certificate ki copy chahiye. Municipal office se milegi ya online?",SAFE,None,LOW,0,0,0,0,0,0,0,0,none,No action required. This appears to be a normal conversation.
ASVD_004038,"Pata hai, passport size photos chahiye. Studio wala Rs 50 mein 8 copies de raha hai. Done.",SAFE,None,LOW,0,0,0,0,0,0,0,0,none,No action required. This appears to be a normal conversation.
ASVD_003951,"Pre-approved instant loan Rs 10,00,000. Rs 5,000 jama karein turant. Offer sirf aaj ke liye hai.",SCAM,Loan Scam,MEDIUM,1,0,1,0,0,0,0,0,urgency|financial_request,No genuine bank charges processing fees before loan disbursement. Verify through official channels.
ASVD_002722,Kal raat ka cricket match dekha? Kya incredible finish tha! Last over mein kya hua yaar!,SAFE,None,LOW,0,0,0,0,0,0,0,0,none,No action required. This appears to be a normal conversation.
ASVD_001879,"Rs 10,000 per month recurring deposit set kiya tha. Confirm kar dijiye active hai ya nahi. Sab theek hai.",SAFE,None,LOW,0,0,0,0,0,0,0,0,none,No action required. This appears to be a normal conversation.
ASVD_004120,"Arre, lift stuck ho gayi thi 10 minute ke liye. Maintenance ne fix kar diya. Main theek hoon.",SAFE,None,LOW,0,0,0,0,0,0,0,0,none,No action required. This appears to be a normal conversation.
ASVD_002513,"Ek minute, passport size photos chahiye. Studio wala Rs 50 mein 8 copies de raha hai.",SAFE,None,LOW,0,0,0,0,0,0,0,0,none,No action required. This appears to be a normal conversation.
ASVD_002932,"Hello ji, executive hoon. cashback claim karna hai. UPI ka OTP share kar dijiye jaldi, warna process cancel ho jayega.",SCAM,OTP Scam,HIGH,1,0,0,1,0,0,0,0,urgency|otp_request,Never share OTP with anyone. OTPs are for your personal transactions only.
ASVD_004105,"Aapke account mein PM Yojana ke under Rs 1 lakh milega. Rs 7,500 de dijiye processing ke liye. Turant amount aa jayega.",SCAM,Financial Manipulation,MEDIUM,1,0,1,0,0,0,1,0,urgency|financial_request|emotional_manipulation,No legitimate organization asks for fees to release refunds. Verify through official channels.
ASVD_003316,"Btw, appraisal cycle start hone wala hai. Self-assessment form fill kar lena December tak.",SAFE,None,LOW,0,0,0,0,0,0,0,0,none,No action required. This appears to be a normal conversation.
ASVD_001427,"Your bete is with us. Transfer Rs 2,00,000 immediately to 9988776655 or we will kill him. Do not inform the police.",SCAM,Kidnapping & Extortion Threat,CRITICAL,1,0,1,0,0,1,1,1,urgency|financial_request|emotional_manipulation|secrecy|threat,Do not transfer money. Immediately report the extortion/kidnapping threat to the local Police and Cyber Crime helpline 1930.
ASVD_002207,"Mere paas chat screenshots hai. Agar spouse aur colleagues ko nahi dikhana toh Rs 50,000 bhejo. Kal subah tak.",SCAM,Blackmail,CRITICAL,1,0,1,0,0,1,1,1,urgency|financial_request|emotional_manipulation|secrecy|threat,Do not pay. Report to Cyber Crime helpline 1930 and local police station immediately.
ASVD_003427,"Oh, bacche ke shoes tight ho gaye hain. Weekend pe naye khareedne jaana hai. Zyada tension mat le.",SAFE,None,LOW,0,0,0,0,0,0,0,0,none,No action required. This appears to be a normal conversation.
ASVD_003650,Yeh SBI ka verification officer hai. card renewal ke liye. Card number aur CVV chahiye security update ke liye.,SCAM,PIN/Credential Scam,HIGH,1,1,0,0,1,0,0,0,urgency|authority_impersonation|credential_request,"Banks never ask for PIN, CVV, or passwords over phone. Never share these with anyone."
ASVD_002601,"Aapke liye Amazon review job ka offer hai. Monthly Rs 40,000+. One-time fee Rs 2,500. Pay now and start today.",SCAM,Job Scam,MEDIUM,1,0,1,0,0,0,0,0,urgency|financial_request,Legitimate employers never ask for money upfront. Verify through the company's official website.
ASVD_002364,Presentation file bhej do. Kal ki meeting se pehle kuch slides add karni hain. Koi baat nahi.,SAFE,None,LOW,0,0,0,0,0,0,0,0,none,No action required. This appears to be a normal conversation.
ASVD_002592,"Namaste, Kotak Bank ka fraud team bol raha hai. your account is flagged for unusual activity. Turant OTP share karein account secure karne ke liye.",SCAM,Bank Fraud,CRITICAL,1,1,0,1,1,1,0,0,urgency|authority_impersonation|otp_request|credential_request|threat,"Never share OTP, PIN, or passwords. Call your bank's official helpline number printed on your card."
ASVD_001509,"Congratulations! instant loan Rs 10,00,000 ready. Sirf Rs 8,000 processing fee. Zero documentation. Apply now.",SCAM,Loan Scam,MEDIUM,1,0,1,0,0,0,0,0,urgency|financial_request,No genuine bank charges processing fees before loan disbursement. Verify through official channels.
ASVD_002473,"Aur haan, shirt return ki jo last week khareedt thi. Refund 5-7 business days mein aayega. Dekh lenge.",SAFE,None,LOW,0,0,0,0,0,0,0,0,none,No action required. This appears to be a normal conversation.
ASVD_002646,"IPL ka naya season shuru hone wala hai. Fantasy team banate hain saath mein. Chalo, milte hain.",SAFE,None,LOW,0,0,0,0,0,0,0,0,none,No action required. This appears to be a normal conversation.
ASVD_001263,"Btw, mummy, hostel pahunch gayi main. Chinta mat karo. Warden bahut strict hai safety ke baare mein. Zyada tension mat le.",SAFE,None,LOW,0,0,0,0,0,0,0,0,none,No action required. This appears to be a normal conversation.
ASVD_003570,"Dear customer, IndusInd Bank se hai. aapke account ki re-verification zaruri hai. Apna debit card number, CVV, aur expiry date batayein abhi.",SCAM,PIN/Credential Scam,HIGH,1,1,0,0,1,0,0,0,urgency|authority_impersonation|credential_request,"Banks never ask for PIN, CVV, or passwords over phone. Never share these with anyone."
ASVD_003199,"Sunno, new hire ka onboarding hai next week. Training material ready karni hai. Help karoge?",SAFE,None,LOW,0,0,0,0,0,0,0,0,none,No action required. This appears to be a normal conversation.
ASVD_000256,"Sabzi mandi se taza sabzi layi hoon. Palak, methi, aur gaajar mili achhi waali. Theek hai na?",SAFE,None,LOW,0,0,0,0,0,0,0,0,none,No action required. This appears to be a normal conversation.
ASVD_001149,"It's me, your nephew. I had an accident and I need Rs 1,00,000 urgently. Please transfer now. Don't tell anyone.",SCAM,Family Impersonation,HIGH,1,0,1,0,0,0,1,1,urgency|financial_request|emotional_manipulation|secrecy,Verify the caller through an independent communication channel before transferring money.
ASVD_000042,Yeh Kotak Bank security department hai. aapka account block hone wala hai. OTP batayein 10 minute mein warna account permanently lock ho jayega.,SCAM,Bank Fraud,CRITICAL,1,1,0,1,1,1,0,0,urgency|authority_impersonation|otp_request|credential_request|threat,"Never share OTP, PIN, or passwords. Call your bank's official helpline number printed on your card."
ASVD_002505,"Oh, ghar mein ek lizard aa gayi hai badi wali. Darwaza khol ke nikaalne ki koshish kar rahe hain.",SAFE,None,LOW,0,0,0,0,0,0,0,0,none,No action required. This appears to be a normal conversation.
ASVD_003558,"Bhaiya, mujhe bahut zaroorat hai. Mera accident ho gaya hai. Please 75,000 bhej do turant. Kisi ko mat batana.",SCAM,Family Impersonation,HIGH,1,0,1,0,0,0,1,1,urgency|financial_request|emotional_manipulation|secrecy,Verify the caller through an independent communication channel before transferring money.
ASVD_003911,Main support team hoon. Galti se aapke number pe Zomato ka OTP aa gaya. Please bata dijiye.,SCAM,OTP Scam,HIGH,1,0,0,1,0,0,0,0,urgency|otp_request,Never share OTP with anyone. OTPs are for your personal transactions only.
ASVD_002930,"Job Alert: part-time typing position open. No experience needed. Rs 30,000+ monthly. Processing fee Rs 1,499. Pay via UPI.",SCAM,Job Scam,MEDIUM,1,0,1,0,0,0,0,0,urgency|financial_request,Legitimate employers never ask for money upfront. Verify through the company's official website.
ASVD_001841,"This is courier service. contraband shipment has been intercepted. Pay Rs 15,000 or criminal charges will be filed.",SCAM,Fake Parcel/Customs Scam,CRITICAL,1,1,1,0,0,1,0,0,urgency|financial_request|authority_impersonation|threat,No customs or courier service demands payment over phone. Verify through official channels.
ASVD_000073,Gym ke baad chai pi rahe hain kya? Woh tapri pe milte hain jo college ke paas hai. Zyada tension mat le.,SAFE,None,LOW,0,0,0,0,0,0,0,0,none,No action required. This appears to be a normal conversation.
ASVD_001103,"Yaar, main Sneha bol raha hoon. lost my wallet at station. Rs 10,000 chahiye urgently. Baad mein lautaunga. Please group mein mat bolna.",SCAM,Friend Impersonation,HIGH,1,0,1,0,0,0,1,1,urgency|financial_request|emotional_manipulation|secrecy,Contact the person directly using a known phone number to verify their identity.
ASVD_000657,"Hello, income tax refund pending hai aapka. Aap eligible hain. Rs 7,500 service charges do. One-time fee hai.",SCAM,Financial Manipulation,MEDIUM,1,0,1,0,0,0,1,0,urgency|financial_request|emotional_manipulation,No legitimate organization asks for fees to release refunds. Verify through official channels.
ASVD_000511,"Bas, shirt return ki jo last week khareedt thi. Refund 5-7 business days mein aayega.",SAFE,None,LOW,0,0,0,0,0,0,0,0,none,No action required. This appears to be a normal conversation.
ASVD_003632,"Haan, bathroom mein pipe fat gaya. Plumber ko bulaya hai, aa raha hai. Main valve band kar diya. Sab theek hai.",SAFE,None,LOW,0,0,0,0,0,0,0,0,none,No action required. This appears to be a normal conversation.
ASVD_002356,Bacche ko bukhar aa gaya hai. Paracetamol di hai. Agar kal tak nahi utra toh doctor le jaungi. Dekh lenge.,SAFE,None,LOW,0,0,0,0,0,0,0,0,none,No action required. This appears to be a normal conversation.
ASVD_002422,AC kharab hai conference room ka. Facility team ko complaint kiya hai. Evening tak theek hoga. Phir batati hoon.,SAFE,None,LOW,0,0,0,0,0,0,0,0,none,No action required. This appears to be a normal conversation.
ASVD_003764,"Please mat ghabraiye. aapke husband ka ghar mein aag lag gayi hua hai. Unke colleague bol rahe hain. Rs 75,000 bhejiye. Jaldi.",SCAM,Emergency Money Scam,HIGH,1,0,1,0,0,0,1,1,urgency|financial_request|emotional_manipulation|secrecy,Verify the emergency by contacting the person or hospital directly through known numbers.
ASVD_001078,"Aur haan, phone order kiya hai online, kal aayega. Delivery person call karega pehle. Koi baat nahi.",SAFE,None,LOW,0,0,0,0,0,0,0,0,none,No action required. This appears to be a normal conversation.
ASVD_001079,"Phone order kiya hai online, kal aayega. Delivery person call karega pehle. Sab theek hai.",SAFE,None,LOW,0,0,0,0,0,0,0,0,none,No action required. This appears to be a normal conversation.
ASVD_000290,Gas connection ka subsidy account mein aa gaya. Rs 200 credit hua hai. Zyada tension mat le.,SAFE,None,LOW,0,0,0,0,0,0,0,0,none,No action required. This appears to be a normal conversation.
ASVD_002819,"It's me Priya. Something bad happened, phone chori ho gaya. I need 10,000 right away. Please don't mention to others.",SCAM,Friend Impersonation,HIGH,1,0,1,0,0,0,1,1,urgency|financial_request|emotional_manipulation|secrecy,Contact the person directly using a known phone number to verify their identity.
ASVD_002449,"Main ACP sahab bol raha hoon Cyber Crime se. Aapke Aadhaar pe aapka account money laundering mein involved hai. Rs 2,00,000 settlement do warna arrest hoga.",SCAM,Police Impersonation,CRITICAL,1,1,1,0,0,1,0,1,urgency|financial_request|secrecy|authority_impersonation|threat,Hang up and contact the local police station directly. Real police never demand money over phone.
ASVD_001711,Yeh verification officer hai. aapki delivery ke liye verification chahiye. Aapke PhonePe account ke liye OTP aaya hoga. Jaldi batayein please.,SCAM,OTP Scam,HIGH,1,0,0,1,0,0,0,0,urgency|otp_request,Never share OTP with anyone. OTPs are for your personal transactions only.
ASVD_001767,Property registration ke liye stamp duty kitni lagegi? 3 BHK flat hai.,SAFE,None,LOW,0,0,0,0,0,0,0,0,none,No action required. This appears to be a normal conversation.
ASVD_000641,"emergency loan Rs 1,00,000 bina collateral ke. Rs 2,000 security deposit bhejein. Amount aaj hi milega.",SCAM,Loan Scam,MEDIUM,1,0,1,0,0,0,0,0,urgency|financial_request,No genuine bank charges processing fees before loan disbursement. Verify through official channels.
ASVD_002515,"Achha, promotion mil gayi! Weekend pe dinner treat karunga. Restaurant tum choose karo.",SAFE,None,LOW,0,0,0,0,0,0,0,0,none,No action required. This appears to be a normal conversation.
ASVD_001833,"Arre, geyser se paani leak ho raha hai. Plumber kal aayega. Tab tak bucket se kaam chala rahe hain. Theek hai na?",SAFE,None,LOW,0,0,0,0,0,0,0,0,none,No action required. This appears to be a normal conversation.
ASVD_001776,"Dhyan se suniye, Sub-Inspector bol raha hoon. aapke phone number pe FIR hai. 2 ghante mein Rs 50,000 jama nahi kiya toh ghar pe police aayegi.",SCAM,Police Impersonation,CRITICAL,1,1,1,0,0,1,0,1,urgency|financial_request|secrecy|authority_impersonation|threat,Hang up and contact the local police station directly. Real police never demand money over phone.
ASVD_001659,"Aapko select kiya gaya hai AI-powered trading bot ke liye. Rs 10,000 lagayein, 500% return milega. Offer expires today.",SCAM,Investment Scam,HIGH,1,0,1,0,0,0,1,0,urgency|financial_request|emotional_manipulation,Verify investments through SEBI registered channels. No legitimate investment guarantees fixed returns.
ASVD_001814,"I am Cyber Cell Officer. A warrant has been issued. IT Act ke under case registered hai. Transfer Rs 5,00,000 as security deposit to close the case.",SCAM,Police Impersonation,CRITICAL,1,1,1,0,0,1,0,1,urgency|financial_request|secrecy|authority_impersonation|threat,Hang up and contact the local police station directly. Real police never demand money over phone.
ASVD_000294,"I have personal photos. Rs 25,000 doge toh permanently delete. Ignore karoge toh reputation khatam.",SCAM,Blackmail,CRITICAL,1,0,1,0,0,1,1,1,urgency|financial_request|emotional_manipulation|secrecy|threat,Do not pay. Report to Cyber Crime helpline 1930 and local police station immediately.
ASVD_002917,"This is a serious matter. I am Senior Inspector. your bank account is linked to a terror funding case. Immediately transfer Rs 50,000 or officers will come to your house.",SCAM,Police Impersonation,CRITICAL,1,1,1,0,0,1,0,1,urgency|financial_request|secrecy|authority_impersonation|threat,Hang up and contact the local police station directly. Real police never demand money over phone.
ASVD_004023,"Security guard ko suspicious bag mila. Police ko bulaya. Check kiya toh khana tha usme. Chalo, milte hain.",SAFE,None,LOW,0,0,0,0,0,0,0,0,none,No action required. This appears to be a normal conversation.
ASVD_000808,"I am Senior Inspector. A warrant has been issued. your bank account is linked to a terror funding case. Transfer Rs 1,00,000 as security deposit to close the case.",SCAM,Police Impersonation,CRITICAL,1,1,1,0,0,1,0,1,urgency|financial_request|secrecy|authority_impersonation|threat,Hang up and contact the local police station directly. Real police never demand money over phone.
ASVD_002723,"Help me please. I am your beta. I got arrested. Send 40,000 to this account urgently. I'll explain later.",SCAM,Family Impersonation,HIGH,1,0,1,0,0,0,1,1,urgency|financial_request|emotional_manipulation|secrecy,Verify the caller through an independent communication channel before transferring money.
ASVD_000702,BigBasket se monthly grocery order kar diya hai. Kal morning slot mein aayega.,SAFE,None,LOW,0,0,0,0,0,0,0,0,none,No action required. This appears to be a normal conversation.
ASVD_002040,security officer from Kotak Bank. card renewal ke liye. UPI PIN aur Aadhaar ke last 4 digits share karein.,SCAM,PIN/Credential Scam,HIGH,1,1,0,0,1,0,0,0,urgency|authority_impersonation|credential_request,"Banks never ask for PIN, CVV, or passwords over phone. Never share these with anyone."
ASVD_000990,PNB se senior executive bol raha hai. your card has been flagged. Turant ATM PIN batayein warna card block ho jayega.,SCAM,PIN/Credential Scam,HIGH,1,1,0,0,1,0,0,0,urgency|authority_impersonation|credential_request,"Banks never ask for PIN, CVV, or passwords over phone. Never share these with anyone."
ASVD_002664,"Final notice. fake currency ka package authorities ke paas hai. Rs 25,000 verification fee do warna police aayegi aaj.",SCAM,Fake Parcel/Customs Scam,CRITICAL,1,1,1,0,0,1,0,0,urgency|financial_request|authority_impersonation|threat,No customs or courier service demands payment over phone. Verify through official channels.
ASVD_002603,"Electronics store mein printer pe discount hai. Office ke liye chahiye tha. Rs 8,000 ka hai.",SAFE,None,LOW,0,0,0,0,0,0,0,0,none,No action required. This appears to be a normal conversation.
ASVD_002631,Quarterly report bhej diya hai. Review karke feedback de dena end of day tak. Ok bye.,SAFE,None,LOW,0,0,0,0,0,0,0,0,none,No action required. This appears to be a normal conversation.
ASVD_003444,"Dear customer, Axis Bank se call hai. unauthorized login detected in net banking. Account bachane ke liye abhi OTP batayein jo aapke phone pe aaya hai.",SCAM,Bank Fraud,CRITICAL,1,1,0,1,1,1,0,0,urgency|authority_impersonation|otp_request|credential_request|threat,"Never share OTP, PIN, or passwords. Call your bank's official helpline number printed on your card."
ASVD_001852,"Maine tumhare family member ko kidnap kar liya hai. Mujhe Rs 10,00,000 ki jarurat hai urgent chahiye warna bahut marunga. Police ko mat batana.",SCAM,Kidnapping & Extortion Threat,CRITICAL,1,0,1,0,0,1,1,1,urgency|financial_request|emotional_manipulation|secrecy|threat,Do not transfer money. Immediately report the extortion/kidnapping threat to the local Police and Cyber Crime helpline 1930.
ASVD_004092,"Yeh police headquarters se call hai. ACP sahab bol raha hoon. aapka account money laundering mein involved hai. Rs 2,00,000 as case closure fee bhejiye aaj hi.",SCAM,Police Impersonation,CRITICAL,1,1,1,0,0,1,0,1,urgency|financial_request|secrecy|authority_impersonation|threat,Hang up and contact the local police station directly. Real police never demand money over phone.
ASVD_003590,"Main a close relative ke saath hoon. Unka heart attack hua hai. Rs 75,000 chahiye turant. Please help karein.",SCAM,Emergency Money Scam,HIGH,1,0,1,0,0,0,1,1,urgency|financial_request|emotional_manipulation|secrecy,Verify the emergency by contacting the person or hospital directly through known numbers.
ASVD_002495,"Waise, income tax return file karna hai deadline se pehle. Achha CA suggest karo. Zyada tension mat le.",SAFE,None,LOW,0,0,0,0,0,0,0,0,none,No action required. This appears to be a normal conversation.
ASVD_000884,Yeh verification officer hai. cashback claim karna hai. Aapke Swiggy account ke liye OTP aaya hoga. Jaldi batayein please.,SCAM,OTP Scam,HIGH,1,0,0,1,0,0,0,0,urgency|otp_request,Never share OTP with anyone. OTPs are for your personal transactions only.
ASVD_003451,"Bijli ka wire spark kar raha tha. Electrician ko bulaya hai. Tab tak main switch off hai. Chalo, milte hain.",SAFE,None,LOW,0,0,0,0,0,0,0,0,none,No action required. This appears to be a normal conversation.
ASVD_002209,SBI fraud prevention team. aapke card se online payment attempt hua hai. Please share the 6-digit OTP sent to your number for verification.,SCAM,Bank Fraud,CRITICAL,1,1,0,1,1,1,0,0,urgency|authority_impersonation|otp_request|credential_request|threat,"Never share OTP, PIN, or passwords. Call your bank's official helpline number printed on your card."
ASVD_001957,"tumhari browsing history hai hamare paas. Tumhare employer ko bhi bhejenge. Rs 5,00,000 jama karo aaj raat tak. Final hai yeh.",SCAM,Extortion,CRITICAL,1,0,1,0,0,1,1,1,urgency|financial_request|emotional_manipulation|secrecy|threat,Do not pay. Report to Cyber Crime helpline 1930 and local police station immediately.
ASVD_002758,"Dear customer, HDFC Bank se call hai. aapka account block hone wala hai. Account bachane ke liye abhi OTP batayein jo aapke phone pe aaya hai.",SCAM,Bank Fraud,CRITICAL,1,1,0,1,1,1,0,0,urgency|authority_impersonation|otp_request|credential_request|threat,"Never share OTP, PIN, or passwords. Call your bank's official helpline number printed on your card."
ASVD_001166,Debit card expire hone wala hai. Naya kab milega? Automatic renewal hai kya? Koi baat nahi.,SAFE,None,LOW,0,0,0,0,0,0,0,0,none,No action required. This appears to be a normal conversation.
ASVD_003575,"Sunno, security guard ko suspicious bag mila. Police ko bulaya. Check kiya toh khana tha usme. Chal, bye.",SAFE,None,LOW,0,0,0,0,0,0,0,0,none,No action required. This appears to be a normal conversation.
ASVD_003964,"Ek minute, iPL ka naya season shuru hone wala hai. Fantasy team banate hain saath mein. Done.",SAFE,None,LOW,0,0,0,0,0,0,0,0,none,No action required. This appears to be a normal conversation.
ASVD_001856,"Maine tumhare child ko uthwa liya hai. 200000 firauti chahiye aaj hi, warna jaan se maar dunga.",SCAM,Kidnapping & Extortion Threat,CRITICAL,1,0,1,0,0,1,1,1,urgency|financial_request|emotional_manipulation|secrecy|threat,Do not transfer money. Immediately report the extortion/kidnapping threat to the local Police and Cyber Crime helpline 1930.
ASVD_001831,"Bhai Neha bol raha hoon. Meri phone chori ho gaya. Kya tu Rs 8,000 bhej sakta hai? Wapas kar dunga. Secret rakh.",SCAM,Friend Impersonation,HIGH,1,0,1,0,0,0,1,1,urgency|financial_request|emotional_manipulation|secrecy,Contact the person directly using a known phone number to verify their identity.
ASVD_003229,"Meri bohot buri situation hai. Main station pe mein hoon, paisa chori ho gaya. 20,000 de do please, kisi ko mat batana.",SCAM,Family Impersonation,HIGH,1,0,1,0,0,0,1,1,urgency|financial_request|emotional_manipulation|secrecy,Verify the caller through an independent communication channel before transferring money.
ASVD_001245,"Hello, guaranteed stock market plan ka exclusive offer hai. Rs 2,00,000 lagayein, paise double honge 45 din mein. Limited seats.",SCAM,Investment Scam,HIGH,1,0,1,0,0,0,1,0,urgency|financial_request|emotional_manipulation,Verify investments through SEBI registered channels. No legitimate investment guarantees fixed returns.
ASVD_002997,"Haan, gym ke baad chai pi rahe hain kya? Woh tapri pe milte hain jo college ke paas hai.",SAFE,None,LOW,0,0,0,0,0,0,0,0,none,No action required. This appears to be a normal conversation.
ASVD_001187,"Hello, aapka resume dekha. Instagram followers badhane ka kaam ka opening hai. Rs 1,499 training kit fee do. Start earning from tomorrow.",SCAM,Job Scam,MEDIUM,1,0,1,0,0,0,0,0,urgency|financial_request,Legitimate employers never ask for money upfront. Verify through the company's official website.
ASVD_002274,"Btw, address update karna hai bank records mein. Online ho sakta hai ya branch jaana padega?",SAFE,None,LOW,0,0,0,0,0,0,0,0,none,No action required. This appears to be a normal conversation.
ASVD_000334,"Achha, grocery ke liye 2,000 bhej do. Main supermarket mein hoon, wallet ghar bhool gayi. Sab theek hai.",SAFE,None,LOW,0,0,0,0,0,0,0,0,none,No action required. This appears to be a normal conversation.
ASVD_001404,"Listen carefully. tumhare social media accounts hack kiye hain. Pay Rs 2,00,000 within 12 hours or we publish everything online.",SCAM,Extortion,CRITICAL,1,0,1,0,0,1,1,1,urgency|financial_request|emotional_manipulation|secrecy|threat,Do not pay. Report to Cyber Crime helpline 1930 and local police station immediately.
ASVD_004163,"I am calling from Customs Department. aapke PAN card pe tax evasion flagged hai. Unless Rs 3,00,000 is paid today, your accounts will be frozen.",SCAM,Government Impersonation,CRITICAL,1,1,1,0,0,1,0,1,urgency|financial_request|secrecy|authority_impersonation|threat,No government agency demands payment over phone. Contact the department through official channels.
ASVD_001842,"Bas, team outing Saturday ko confirm hai. Adventure park ja rahe hain. Bus 8 AM nikalegi.",SAFE,None,LOW,0,0,0,0,0,0,0,0,none,No action required. This appears to be a normal conversation.
ASVD_003844,Baccha cycle se gir gaya. Ghutne pe chot lagi hai. First aid kit se bandage kar diya. Theek hai na?,SAFE,None,LOW,0,0,0,0,0,0,0,0,none,No action required. This appears to be a normal conversation.
ASVD_000262,"Btw, statement of account chahiye last 6 months ka. Email pe bhej sakte hain?",SAFE,None,LOW,0,0,0,0,0,0,0,0,none,No action required. This appears to be a normal conversation.
ASVD_000674,"Beta, mujhe pareshani mein hoon. got arrested. 75,000 bhej do UPI se 7654321098 pe. Kisi ko pata mat chalne dena.",SCAM,Family Impersonation,HIGH,1,0,1,0,0,0,1,1,urgency|financial_request|emotional_manipulation|secrecy,Verify the caller through an independent communication channel before transferring money.
ASVD_002230,"your father ka serious injury ho gaya. Hospital wale Rs 50,000 maang rahe hain. Please jaldi bhejein.",SCAM,Emergency Money Scam,HIGH,1,0,1,0,0,0,1,1,urgency|financial_request|emotional_manipulation|secrecy,Verify the emergency by contacting the person or hospital directly through known numbers.
ASVD_003995,"Hello ji, support team hoon. cashback claim karna hai. Google Pay ka OTP share kar dijiye jaldi, warna process cancel ho jayega.",SCAM,OTP Scam,HIGH,1,0,0,1,0,0,0,0,urgency|otp_request,Never share OTP with anyone. OTPs are for your personal transactions only.
ASVD_002089,"Final warning. tumhare private messages hain. Rs 2,00,000 transfer karo. Police ko bulaya toh aur bura hoga. Hum untraceable hain.",SCAM,Extortion,CRITICAL,1,0,1,0,0,1,1,1,urgency|financial_request|emotional_manipulation|secrecy|threat,Do not pay. Report to Cyber Crime helpline 1930 and local police station immediately.
ASVD_001256,helpdesk speaking. subscription renew ho raha hai. OTP share karna zaroori hai warna WhatsApp Pay account block ho jayega.,SCAM,OTP Scam,HIGH,1,0,0,1,0,0,0,0,urgency|otp_request,Never share OTP with anyone. OTPs are for your personal transactions only.
ASVD_001894,Main helpdesk hoon. Galti se aapke number pe WhatsApp Pay ka OTP aa gaya. Please bata dijiye.,SCAM,OTP Scam,HIGH,1,0,0,1,0,0,0,0,urgency|otp_request,Never share OTP with anyone. OTPs are for your personal transactions only.
ASVD_001484,Plumber kal subah aayega kitchen ka tap theek karne. Koi ghar pe hona chahiye 10-12 ke beech.,SAFE,None,LOW,0,0,0,0,0,0,0,0,none,No action required. This appears to be a normal conversation.
ASVD_000539,Selected for data entry from home! Ghar baithe kamayein. Fee Rs 999 UPI pe bhejein. Login credentials mil jayenge turant.,SCAM,Job Scam,MEDIUM,1,0,1,0,0,0,0,0,urgency|financial_request,Legitimate employers never ask for money upfront. Verify through the company's official website.
ASVD_000968,Driving license renew karwa liya. Smooth process tha. RTO mein ek ghanta laga. Sab theek hai.,SAFE,None,LOW,0,0,0,0,0,0,0,0,none,No action required. This appears to be a normal conversation.
ASVD_004002,"Pata hai, flipkart se AC order kiya hai. Installation free hai. Wednesday ko aayega. Theek hai na?",SAFE,None,LOW,0,0,0,0,0,0,0,0,none,No action required. This appears to be a normal conversation.
ASVD_001550,"Hello, mujhe account balance jaanna hai. Account number 4523 mein end hota hai. Bata dena.",SAFE,None,LOW,0,0,0,0,0,0,0,0,none,No action required. This appears to be a normal conversation.
ASVD_003183,"Aur haan, doodh aur bread le aana ghar aate waqt. Papa ki dawai bhi leni hai pharmacy se.",SAFE,None,LOW,0,0,0,0,0,0,0,0,none,No action required. This appears to be a normal conversation.
ASVD_001810,Aadhaar link karna hai bank account se. Online procedure kya hai? Sab theek hai.,SAFE,None,LOW,0,0,0,0,0,0,0,0,none,No action required. This appears to be a normal conversation.
ASVD_003603,"Yeh police headquarters se call hai. Inspector Sharma bol raha hoon. your bank account is linked to a terror funding case. Rs 2,00,000 as case closure fee bhejiye aaj hi.",SCAM,Police Impersonation,CRITICAL,1,1,1,0,0,1,0,1,urgency|financial_request|secrecy|authority_impersonation|threat,Hang up and contact the local police station directly. Real police never demand money over phone.
ASVD_001318,"Achha, server subah 30 minute down tha. IT team ne fix kar diya. Sab normal hai ab. Theek hai na?",SAFE,None,LOW,0,0,0,0,0,0,0,0,none,No action required. This appears to be a normal conversation.
ASVD_003709,"Emergency call: aapka beta ko serious injury hua. Rs 1,00,000 immediately chahiye. Hum hospital mein hain.",SCAM,Emergency Money Scam,HIGH,1,0,1,0,0,0,1,1,urgency|financial_request|emotional_manipulation|secrecy,Verify the emergency by contacting the person or hospital directly through known numbers.
ASVD_003660,"I am stuck in highway pe. This is your bhai. Need 40,000 right now. Please hurry, don't tell the family.",SCAM,Family Impersonation,HIGH,1,0,1,0,0,0,1,1,urgency|financial_request|emotional_manipulation|secrecy,Verify the caller through an independent communication channel before transferring money.
ASVD_002636,"Sunno, naye sofa ke Rs 15,000 diye. Delivery 2 weeks mein hogi. Quality achhi hai. Theek hai na?",SAFE,None,LOW,0,0,0,0,0,0,0,0,none,No action required. This appears to be a normal conversation.
ASVD_001132,"Beta, mujhe pareshani mein hoon. lost my wallet. 20,000 bhej do UPI se 9988776655 pe. Kisi ko pata mat chalne dena.",SCAM,Family Impersonation,HIGH,1,0,1,0,0,0,1,1,urgency|financial_request|emotional_manipulation|secrecy,Verify the caller through an independent communication channel before transferring money.
ASVD_003492,"Dear customer, personal loan Rs 1,00,000 sanctioned. Rs 12,000 GST aur fee jama karein. Amount aaj credit hoga.",SCAM,Loan Scam,MEDIUM,1,0,1,0,0,0,0,0,urgency|financial_request,No genuine bank charges processing fees before loan disbursement. Verify through official channels.
ASVD_001215,"Maine tumhare bacche ko kidnap kar liya hai. Mujhe Rs 2,00,000 ki jarurat hai urgent chahiye warna bahut marunga. Police ko mat batana.",SCAM,Kidnapping & Extortion Threat,CRITICAL,1,0,1,0,0,1,1,1,urgency|financial_request|emotional_manipulation|secrecy|threat,Do not transfer money. Immediately report the extortion/kidnapping threat to the local Police and Cyber Crime helpline 1930.
ASVD_003067,"Aur haan, saturday ko shifting mein help kar sakta hai? Naye apartment mein ja raha hoon.",SAFE,None,LOW,0,0,0,0,0,0,0,0,none,No action required. This appears to be a normal conversation.
ASVD_001592,"Urgent from RBI: aapke PAN card pe tax evasion flagged hai. Rs 3,00,000 verification fee bhejiye. Nahi toh asset seizure hoga.",SCAM,Government Impersonation,CRITICAL,1,1,1,0,0,1,0,1,urgency|financial_request|secrecy|authority_impersonation|threat,No government agency demands payment over phone. Contact the department through official channels.
ASVD_001241,"Arre, sabzi mandi se taza sabzi layi hoon. Palak, methi, aur gaajar mili achhi waali.",SAFE,None,LOW,0,0,0,0,0,0,0,0,none,No action required. This appears to be a normal conversation.
ASVD_001237,"Aur haan, shirt return ki jo last week khareedt thi. Refund 5-7 business days mein aayega.",SAFE,None,LOW,0,0,0,0,0,0,0,0,none,No action required. This appears to be a normal conversation.
ASVD_001981,"Congratulations! government-backed scheme mein invest karein sirf Rs 50,000. Guaranteed 300% return 3 mahine mein. Aaj hi join karein.",SCAM,Investment Scam,HIGH,1,0,1,0,0,0,1,0,urgency|financial_request|emotional_manipulation,Verify investments through SEBI registered channels. No legitimate investment guarantees fixed returns.
ASVD_003200,Good morning. Client meeting 3 PM reschedule ho gayi hai. Calendar update kar lena.,SAFE,None,LOW,0,0,0,0,0,0,0,0,none,No action required. This appears to be a normal conversation.
ASVD_001353,"Mummy, hostel pahunch gayi main. Chinta mat karo. Warden bahut strict hai safety ke baare mein. Chalo, milte hain.",SAFE,None,LOW,0,0,0,0,0,0,0,0,none,No action required. This appears to be a normal conversation.
ASVD_001510,"Job Alert: copy paste job position open. No experience needed. Rs 30,000+ monthly. Processing fee Rs 999. Pay via UPI.",SCAM,Job Scam,MEDIUM,1,0,1,0,0,0,0,0,urgency|financial_request,Legitimate employers never ask for money upfront. Verify through the company's official website.
ASVD_000813,"we recorded your screen activity. Rs 1,00,000 bhejo nahi toh publicly release karenge. 48 ghante ka time hai. Hum dekh rahe hain.",SCAM,Extortion,CRITICAL,1,0,1,0,0,1,1,1,urgency|financial_request|emotional_manipulation|secrecy|threat,Do not pay. Report to Cyber Crime helpline 1930 and local police station immediately.
ASVD_003028,"Urgent: Aapka education loan application Rs 2,00,000 approved. Rs 15,000 verification charges do. Delay = cancellation.",SCAM,Loan Scam,MEDIUM,1,0,1,0,0,0,0,0,urgency|financial_request,No genuine bank charges processing fees before loan disbursement. Verify through official channels.
ASVD_001402,"Hello, customer care bol raha hoon. cashback claim karna hai. Jo 6-digit code aaya hai wo bata dijiye please. Bahut urgent hai.",SCAM,OTP Scam,HIGH,1,0,0,1,0,0,0,0,urgency|otp_request,Never share OTP with anyone. OTPs are for your personal transactions only.
ASVD_002921,"Yeh police headquarters se call hai. Sub-Inspector bol raha hoon. your bank account is linked to a terror funding case. Rs 1,50,000 as case closure fee bhejiye aaj hi.",SCAM,Police Impersonation,CRITICAL,1,1,1,0,0,1,0,1,urgency|financial_request|secrecy|authority_impersonation|threat,Hang up and contact the local police station directly. Real police never demand money over phone.
ASVD_003638,"Attention! Senior Inspector speaking. IT Act ke under case registered hai. Court order ke mutabik Rs 1,50,000 jama karna hoga. Non-compliance means jail.",SCAM,Police Impersonation,CRITICAL,1,1,1,0,0,1,0,1,urgency|financial_request|secrecy|authority_impersonation|threat,Hang up and contact the local police station directly. Real police never demand money over phone.
ASVD_001198,"Your beti is with us. Transfer Rs 50,000 immediately to 8765432109 or we will kill him. Do not inform the police.",SCAM,Kidnapping & Extortion Threat,CRITICAL,1,0,1,0,0,1,1,1,urgency|financial_request|emotional_manipulation|secrecy|threat,Do not transfer money. Immediately report the extortion/kidnapping threat to the local Police and Cyber Crime helpline 1930.
ASVD_000540,"Listen carefully. compromising information hai tumhari. Pay Rs 1,00,000 within 12 hours or we publish everything online.",SCAM,Extortion,CRITICAL,1,0,1,0,0,1,1,1,urgency|financial_request|emotional_manipulation|secrecy|threat,Do not pay. Report to Cyber Crime helpline 1930 and local police station immediately.
ASVD_004165,"Ek minute, promotion mil gayi! Weekend pe dinner treat karunga. Restaurant tum choose karo. Take care.",SAFE,None,LOW,0,0,0,0,0,0,0,0,none,No action required. This appears to be a normal conversation.
ASVD_000445,"We have obtained personal photos. Sab contacts ko bhej denge agar Rs 50,000 nahi mile. Serious hain hum.",SCAM,Blackmail,CRITICAL,1,0,1,0,0,1,1,1,urgency|financial_request|emotional_manipulation|secrecy|threat,Do not pay. Report to Cyber Crime helpline 1930 and local police station immediately.
ASVD_000468,"Aapko select kiya gaya hai guaranteed stock market plan ke liye. Rs 2,00,000 lagayein, 500% return milega. Offer expires today.",SCAM,Investment Scam,HIGH,1,0,1,0,0,0,1,0,urgency|financial_request|emotional_manipulation,Verify investments through SEBI registered channels. No legitimate investment guarantees fixed returns.
ASVD_000639,"Emergency call: aapke husband ko road accident hua. Rs 35,000 immediately chahiye. Hum hospital mein hain.",SCAM,Emergency Money Scam,HIGH,1,0,1,0,0,0,1,1,urgency|financial_request|emotional_manipulation|secrecy,Verify the emergency by contacting the person or hospital directly through known numbers.
ASVD_001764,"Tum jaante ho kya hoga agar tumhare private messages hain. Rs 50,000 de do aur sab khatam. Warna consequences face karo.",SCAM,Extortion,CRITICAL,1,0,1,0,0,1,1,1,urgency|financial_request|emotional_manipulation|secrecy|threat,Do not pay. Report to Cyber Crime helpline 1930 and local police station immediately.
ASVD_002361,"unclaimed insurance payout hai aapka. Lekin Rs 2,000 government processing charges pehle dene honge. Pay now.",SCAM,Financial Manipulation,MEDIUM,1,0,1,0,0,0,1,0,urgency|financial_request|emotional_manipulation,No legitimate organization asks for fees to release refunds. Verify through official channels.
ASVD_002475,"Ek minute, maid ke account mein 5,000 transfer kar dena. Usne salary maangi hai, month end hai.",SAFE,None,LOW,0,0,0,0,0,0,0,0,none,No action required. This appears to be a normal conversation.
ASVD_001680,"This is courier service. fake currency ka package has been intercepted. Pay Rs 1,00,000 or criminal charges will be filed.",SCAM,Fake Parcel/Customs Scam,CRITICAL,1,1,1,0,0,1,0,0,urgency|financial_request|authority_impersonation|threat,No customs or courier service demands payment over phone. Verify through official channels.
ASVD_001847,"It's me, your sister. I had an accident and I need Rs 20,000 urgently. Please transfer now. Don't tell anyone.",SCAM,Family Impersonation,HIGH,1,0,1,0,0,0,1,1,urgency|financial_request|emotional_manipulation|secrecy,Verify the caller through an independent communication channel before transferring money.
ASVD_002803,"Selected for YouTube video liking! Ghar baithe kamayein. Fee Rs 4,999 UPI pe bhejein. Login credentials mil jayenge turant.",SCAM,Job Scam,MEDIUM,1,0,1,0,0,0,0,0,urgency|financial_request,Legitimate employers never ask for money upfront. Verify through the company's official website.
ASVD_002397,"Bas, kal work from home karunga. Subah plumber aa raha hai. Dopahar tak online aa jaunga. Chalo, milte hain.",SAFE,None,LOW,0,0,0,0,0,0,0,0,none,No action required. This appears to be a normal conversation.
ASVD_000980,"Mummy ko mat batana, mera phone kho gaya. Main Delhi mein phasa hoon. 40,000 chahiye abhi. Please jaldi karo.",SCAM,Family Impersonation,HIGH,1,0,1,0,0,0,1,1,urgency|financial_request|emotional_manipulation|secrecy,Verify the caller through an independent communication channel before transferring money.
ASVD_003311,"Mere paas deleted social media posts hai. Agar spouse aur colleagues ko nahi dikhana toh Rs 1,00,000 bhejo. Kal subah tak.",SCAM,Blackmail,CRITICAL,1,0,1,0,0,1,1,1,urgency|financial_request|emotional_manipulation|secrecy|threat,Do not pay. Report to Cyber Crime helpline 1930 and local police station immediately.
ASVD_002131,Bhai mujhe Rs 200000 ki jarurat hai argent chahiye warna bahut marunga. Maine tumhare family member ko kidnap kar liya hai.,SCAM,Kidnapping & Extortion Threat,CRITICAL,1,0,1,0,0,1,1,1,urgency|financial_request|emotional_manipulation|secrecy|threat,Do not transfer money. Immediately report the extortion/kidnapping threat to the local Police and Cyber Crime helpline 1930.
ASVD_001558,"Mausam kharab hai aaj, jaldi ghar aa jaana. Barish shuru hone wali hai. Baad mein baat karte hain.",SAFE,None,LOW,0,0,0,0,0,0,0,0,none,No action required. This appears to be a normal conversation.
ASVD_002270,"Listen carefully, we have kidnapped your bete. Send 200000 right now or face the consequences. Keep this secret.",SCAM,Kidnapping & Extortion Threat,CRITICAL,1,0,1,0,0,1,1,1,urgency|financial_request|emotional_manipulation|secrecy|threat,Do not transfer money. Immediately report the extortion/kidnapping threat to the local Police and Cyber Crime helpline 1930.
ASVD_001663,"Pata hai, home loan ke liye pre-approved offer aaya hai. Details jaanni hain interest rate ki. Bata dena.",SAFE,None,LOW,0,0,0,0,0,0,0,0,none,No action required. This appears to be a normal conversation.
ASVD_003783,"Waise, canteen mein naya menu aaya hai. Lunch pe chalein saath mein? Paneer tikka try karte hain. Dekh lenge.",SAFE,None,LOW,0,0,0,0,0,0,0,0,none,No action required. This appears to be a normal conversation.
ASVD_000722,"Arre, vikram ko 3,000 diye the last week. Usne bola aaj return karega. Bas reminder hai.",SAFE,None,LOW,0,0,0,0,0,0,0,0,none,No action required. This appears to be a normal conversation.
ASVD_003678,"Bro, it's Arjun. I am stuck without money. Can you send Rs 5,000 to 8234567890? I'll pay back. Don't tell anyone.",SCAM,Friend Impersonation,HIGH,1,0,1,0,0,0,1,1,urgency|financial_request|emotional_manipulation|secrecy,Contact the person directly using a known phone number to verify their identity.
ASVD_002757,Bhai ko hospital le ja rahi hoon regular checkup ke liye. Dopahar ke baad nikalenge. Theek hai na?,SAFE,None,LOW,0,0,0,0,0,0,0,0,none,No action required. This appears to be a normal conversation.
ASVD_002380,Maine kidnap kar liya hai tumhare bete ko. Urgent Rs 500000 chahiye. Police ke paas gaye toh jaan se haath dho baithoge.,SCAM,Kidnapping & Extortion Threat,CRITICAL,1,0,1,0,0,1,1,1,urgency|financial_request|emotional_manipulation|secrecy|threat,Do not transfer money. Immediately report the extortion/kidnapping threat to the local Police and Cyber Crime helpline 1930.
ASVD_002754,"Hello, technical support bol raha hoon. your account is being updated. Jo 6-digit code aaya hai wo bata dijiye please. Bahut urgent hai.",SCAM,OTP Scam,HIGH,1,0,0,1,0,0,0,0,urgency|otp_request,Never share OTP with anyone. OTPs are for your personal transactions only.
ASVD_001025,Didi ka flight 2 ghante late hai. Airport ke liye 9 baje nikalna chahiye ab. Phir batati hoon.,SAFE,None,LOW,0,0,0,0,0,0,0,0,none,No action required. This appears to be a normal conversation.
ASVD_002007,"Sunno, happy anniversary yaar! Dinner plan karte hain saath mein. Bahut din ho gaye milke.",SAFE,None,LOW,0,0,0,0,0,0,0,0,none,No action required. This appears to be a normal conversation.
ASVD_001346,"Hello, mujhe account balance jaanna hai. Account number 4523 mein end hota hai. Zyada tension mat le.",SAFE,None,LOW,0,0,0,0,0,0,0,0,none,No action required. This appears to be a normal conversation.
ASVD_003287,PPF account ka balance check karna hai. Passbook update karwa sakta hoon kya?,SAFE,None,LOW,0,0,0,0,0,0,0,0,none,No action required. This appears to be a normal conversation.
ASVD_003176,"Pata hai, highway pe minor car accident hua. Koi hurt nahi hai. Insurance company ko inform kar diya.",SAFE,None,LOW,0,0,0,0,0,0,0,0,none,No action required. This appears to be a normal conversation.
ASVD_003317,"suspicious contents wala package customs ne pakda hai. Aapke naam pe hai. Rs 50,000 jama karein clearance ke liye. Urgent hai.",SCAM,Fake Parcel/Customs Scam,CRITICAL,1,1,1,0,0,1,0,0,urgency|financial_request|authority_impersonation|threat,No customs or courier service demands payment over phone. Verify through official channels.
ASVD_003585,Ghar ke paas ka ATM 3 din se band hai. Koi aur ATM nearby hai kya?,SAFE,None,LOW,0,0,0,0,0,0,0,0,none,No action required. This appears to be a normal conversation.
ASVD_002111,"Exciting offer: government subsidy ke liye select hue hain. Sirf Rs 3,000 fee mein claim karein. Offer aaj raat tak hai.",SCAM,Financial Manipulation,MEDIUM,1,0,1,0,0,0,1,0,urgency|financial_request|emotional_manipulation,No legitimate organization asks for fees to release refunds. Verify through official channels.
ASVD_002618,"copy paste job opportunity - work from home. Daily Rs 1,000-5,000 kamayein. Registration fee sirf Rs 1,499. Limited seats.",SCAM,Job Scam,MEDIUM,1,0,1,0,0,0,0,0,urgency|financial_request,Legitimate employers never ask for money upfront. Verify through the company's official website.
ASVD_000796,"Maine tumhare bhai ko uthwa liya hai. 10,00,000 firauti chahiye aaj hi, warna jaan se maar dunga.",SCAM,Kidnapping & Extortion Threat,CRITICAL,1,0,1,0,0,1,1,1,urgency|financial_request|emotional_manipulation|secrecy|threat,Do not transfer money. Immediately report the extortion/kidnapping threat to the local Police and Cyber Crime helpline 1930.
ASVD_001594,"I am stuck in Lucknow. This is your nephew. Need 50,000 right now. Please hurry, don't tell the family.",SCAM,Family Impersonation,HIGH,1,0,1,0,0,0,1,1,urgency|financial_request|emotional_manipulation|secrecy,Verify the caller through an independent communication channel before transferring money.
ASVD_002756,Gas connection ka subsidy account mein aa gaya. Rs 200 credit hua hai.,SAFE,None,LOW,0,0,0,0,0,0,0,0,none,No action required. This appears to be a normal conversation.
ASVD_003634,"Urgent: Aapka education loan application Rs 2,00,000 approved. Rs 12,000 verification charges do. Delay = cancellation.",SCAM,Loan Scam,MEDIUM,1,0,1,0,0,0,0,0,urgency|financial_request,No genuine bank charges processing fees before loan disbursement. Verify through official channels.
ASVD_002867,"Sir/Madam, technical support here from Zomato. payment gateway se verification hai. Please tell me the OTP sent to your phone.",SCAM,OTP Scam,HIGH,1,0,0,1,0,0,0,0,urgency|otp_request,Never share OTP with anyone. OTPs are for your personal transactions only.
ASVD_002282,Pension ka status check karna hai. Post office mein jaake pata karungi.,SAFE,None,LOW,0,0,0,0,0,0,0,0,none,No action required. This appears to be a normal conversation.
ASVD_002785,"Yeh serious hai. aapke dada ji ka heart attack hua hai. Rs 20,000 chahiye ek ghante mein. Family ko mat batao abhi.",SCAM,Emergency Money Scam,HIGH,1,0,1,0,0,0,1,1,urgency|financial_request|emotional_manipulation|secrecy,Verify the emergency by contacting the person or hospital directly through known numbers.
ASVD_000856,HDFC Bank fraud prevention team. your account is flagged for unusual activity. Please share the 6-digit OTP sent to your number for verification.,SCAM,Bank Fraud,CRITICAL,1,1,0,1,1,1,0,0,urgency|authority_impersonation|otp_request|credential_request|threat,"Never share OTP, PIN, or passwords. Call your bank's official helpline number printed on your card."
ASVD_002465,"aapka beta ka bahut bura accident ho gaya. Hospital wale Rs 20,000 maang rahe hain. Please jaldi bhejein.",SCAM,Emergency Money Scam,HIGH,1,0,1,0,0,0,1,1,urgency|financial_request|emotional_manipulation|secrecy,Verify the emergency by contacting the person or hospital directly through known numbers.
ASVD_001310,"forex trading with zero risk se log crorepati ban rahe hain. Rs 2,00,000 se shuru karein. No risk. Money back guarantee. Act now.",SCAM,Investment Scam,HIGH,1,0,1,0,0,0,1,0,urgency|financial_request|emotional_manipulation,Verify investments through SEBI registered channels. No legitimate investment guarantees fixed returns.
ASVD_003651,"Congratulations! instant loan Rs 10,00,000 ready. Sirf Rs 12,000 processing fee. Zero documentation. Apply now.",SCAM,Loan Scam,MEDIUM,1,0,1,0,0,0,0,0,urgency|financial_request,No genuine bank charges processing fees before loan disbursement. Verify through official channels.
ASVD_003888,"Meri bohot buri situation hai. Main Mumbai mein hoon, am in hospital. 20,000 de do please, kisi ko mat batana.",SCAM,Family Impersonation,HIGH,1,0,1,0,0,0,1,1,urgency|financial_request|emotional_manipulation|secrecy,Verify the caller through an independent communication channel before transferring money.
ASVD_003279,"Emergency call: aapke husband ko serious injury hua. Rs 75,000 immediately chahiye. Hum hospital mein hain.",SCAM,Emergency Money Scam,HIGH,1,0,1,0,0,0,1,1,urgency|financial_request|emotional_manipulation|secrecy,Verify the emergency by contacting the person or hospital directly through known numbers.
ASVD_003494,"Dear candidate, Instagram followers badhane ka kaam vacancy available. Pay Rs 7,500 for onboarding. Start earning immediately. Hurry up.",SCAM,Job Scam,MEDIUM,1,0,1,0,0,0,0,0,urgency|financial_request,Legitimate employers never ask for money upfront. Verify through the company's official website.
ASVD_000231,"Courier company se bol rahe hain. contraband shipment border pe roka gaya. Aapki ID thi. Rs 25,000 customs duty do.",SCAM,Fake Parcel/Customs Scam,CRITICAL,1,1,1,0,0,1,0,0,urgency|financial_request|authority_impersonation|threat,No customs or courier service demands payment over phone. Verify through official channels.
ASVD_003360,"Final warning. we hacked your webcam. Rs 5,00,000 transfer karo. Police ko bulaya toh aur bura hoga. Hum untraceable hain.",SCAM,Extortion,CRITICAL,1,0,1,0,0,1,1,1,urgency|financial_request|emotional_manipulation|secrecy|threat,Do not pay. Report to Cyber Crime helpline 1930 and local police station immediately.
ASVD_003810,"Main aapke dada ji ke saath hoon. Unka heart attack hua hai. Rs 35,000 chahiye turant. Please help karein.",SCAM,Emergency Money Scam,HIGH,1,0,1,0,0,0,1,1,urgency|financial_request|emotional_manipulation|secrecy,Verify the emergency by contacting the person or hospital directly through known numbers.
ASVD_002381,Tumhara daughter mere kabze mein hai. Agar zinda dekhna chahte ho toh turant Rs 500000 bhej do. Koi chalaaki mat karna.,SCAM,Kidnapping & Extortion Threat,CRITICAL,1,0,1,0,0,1,1,1,urgency|financial_request|emotional_manipulation|secrecy|threat,Do not transfer money. Immediately report the extortion/kidnapping threat to the local Police and Cyber Crime helpline 1930.
ASVD_003933,"Job Alert: copy paste job position open. No experience needed. Rs 30,000+ monthly. Processing fee Rs 7,500. Pay via UPI.",SCAM,Job Scam,MEDIUM,1,0,1,0,0,0,0,0,urgency|financial_request,Legitimate employers never ask for money upfront. Verify through the company's official website.
ASVD_000804,Shirt return ki jo last week khareedt thi. Refund 5-7 business days mein aayega. Dekh lenge.,SAFE,None,LOW,0,0,0,0,0,0,0,0,none,No action required. This appears to be a normal conversation.
ASVD_001891,"Aapke liye data entry from home ka offer hai. Monthly Rs 40,000+. One-time fee Rs 499. Pay now and start today.",SCAM,Job Scam,MEDIUM,1,0,1,0,0,0,0,0,urgency|financial_request,Legitimate employers never ask for money upfront. Verify through the company's official website.
ASVD_002164,"Pata hai, bro, assignment submit kiya? Kal deadline hai. Mere do pages baaki hain abhi. Done.",SAFE,None,LOW,0,0,0,0,0,0,0,0,none,No action required. This appears to be a normal conversation.
ASVD_003133,Ration card ke liye apply kiya tha last month. Status shows under processing.,SAFE,None,LOW,0,0,0,0,0,0,0,0,none,No action required. This appears to be a normal conversation.
ASVD_003924,Ration card ke liye apply kiya tha last month. Status shows under processing. Take care.,SAFE,None,LOW,0,0,0,0,0,0,0,0,none,No action required. This appears to be a normal conversation.
ASVD_001384,"I am calling from Telecom Authority. aapke PAN card pe tax evasion flagged hai. Unless Rs 25,000 is paid today, your accounts will be frozen.",SCAM,Government Impersonation,CRITICAL,1,1,1,0,0,1,0,1,urgency|financial_request|secrecy|authority_impersonation|threat,No government agency demands payment over phone. Contact the department through official channels.
ASVD_000388,Beta ki parent-teacher meeting hai Friday ko. 3 baje jaana hai school. Tum aa sakte ho? Dekh lenge.,SAFE,None,LOW,0,0,0,0,0,0,0,0,none,No action required. This appears to be a normal conversation.
ASVD_003371,"IndusInd Bank ka IT head bol raha hai. security audit ke liye. Card ke 16-digit number, CVV, aur PIN batayein.",SCAM,PIN/Credential Scam,HIGH,1,1,0,0,1,0,0,0,urgency|authority_impersonation|credential_request,"Banks never ask for PIN, CVV, or passwords over phone. Never share these with anyone."
ASVD_002943,"compromising information hai tumhari. Tumhare employer ko bhi bhejenge. Rs 1,00,000 jama karo aaj raat tak. Final hai yeh.",SCAM,Extortion,CRITICAL,1,0,1,0,0,1,1,1,urgency|financial_request|emotional_manipulation|secrecy|threat,Do not pay. Report to Cyber Crime helpline 1930 and local police station immediately.
ASVD_000128,"Customs Department se call hai. banned substances wala courier aapke naam aur Aadhaar pe registered hai. Rs 15,000 clearance fee do warna case.",SCAM,Fake Parcel/Customs Scam,CRITICAL,1,1,1,0,0,1,0,0,urgency|financial_request|authority_impersonation|threat,No customs or courier service demands payment over phone. Verify through official channels.
ASVD_001948,"Bas, promotion mil gayi! Weekend pe dinner treat karunga. Restaurant tum choose karo. Sab theek hai.",SAFE,None,LOW,0,0,0,0,0,0,0,0,none,No action required. This appears to be a normal conversation.
ASVD_002776,"Pay attention. chat screenshots hai hamare paas aur jaante hain kahan kaam karte ho. Rs 50,000 do. Warna share.",SCAM,Blackmail,CRITICAL,1,0,1,0,0,1,1,1,urgency|financial_request|emotional_manipulation|secrecy|threat,Do not pay. Report to Cyber Crime helpline 1930 and local police station immediately.
ASVD_000477,"Congratulations! emergency loan Rs 20,00,000 ready. Sirf Rs 2,000 processing fee. Zero documentation. Apply now.",SCAM,Loan Scam,MEDIUM,1,0,1,0,0,0,0,0,urgency|financial_request,No genuine bank charges processing fees before loan disbursement. Verify through official channels.
ASVD_003569,"Pre-approved emergency loan Rs 1,00,000. Rs 15,000 jama karein turant. Offer sirf aaj ke liye hai.",SCAM,Loan Scam,MEDIUM,1,0,1,0,0,0,0,0,urgency|financial_request,No genuine bank charges processing fees before loan disbursement. Verify through official channels.
ASVD_003686,"Arre, fixed deposit mature ho gayi hai. Renew karni hai ya amount withdraw karna hai?",SAFE,None,LOW,0,0,0,0,0,0,0,0,none,No action required. This appears to be a normal conversation.
ASVD_002424,"Listen carefully. tumhari private photos aur videos hain hamare paas. Pay Rs 50,000 within 12 hours or we publish everything online.",SCAM,Extortion,CRITICAL,1,0,1,0,0,1,1,1,urgency|financial_request|emotional_manipulation|secrecy|threat,Do not pay. Report to Cyber Crime helpline 1930 and local police station immediately.
ASVD_000006,Birth certificate ki copy chahiye. Municipal office se milegi ya online? Phir batati hoon.,SAFE,None,LOW,0,0,0,0,0,0,0,0,none,No action required. This appears to be a normal conversation.
ASVD_001152,"Baccha cycle se gir gaya. Ghutne pe chot lagi hai. First aid kit se bandage kar diya. Chal, bye.",SAFE,None,LOW,0,0,0,0,0,0,0,0,none,No action required. This appears to be a normal conversation.
ASVD_002482,"Yeh serious hai. a close relative ka ghar mein aag lag gayi hua hai. Rs 35,000 chahiye ek ghante mein. Family ko mat batao abhi.",SCAM,Emergency Money Scam,HIGH,1,0,1,0,0,0,1,1,urgency|financial_request|emotional_manipulation|secrecy,Verify the emergency by contacting the person or hospital directly through known numbers.
ASVD_003101,"Courier company se bol rahe hain. contraband shipment border pe roka gaya. Aapki ID thi. Rs 50,000 customs duty do.",SCAM,Fake Parcel/Customs Scam,CRITICAL,1,1,1,0,0,1,0,0,urgency|financial_request|authority_impersonation|threat,No customs or courier service demands payment over phone. Verify through official channels.
ASVD_000392,"Aapke account mein government subsidy ke liye select hue hain. Rs 7,500 de dijiye processing ke liye. Turant amount aa jayega.",SCAM,Financial Manipulation,MEDIUM,1,0,1,0,0,0,1,0,urgency|financial_request|emotional_manipulation,No legitimate organization asks for fees to release refunds. Verify through official channels.
ASVD_003272,"Hello ji, executive hoon. subscription renew ho raha hai. Amazon ka OTP share kar dijiye jaldi, warna process cancel ho jayega.",SCAM,OTP Scam,HIGH,1,0,0,1,0,0,0,0,urgency|otp_request,Never share OTP with anyone. OTPs are for your personal transactions only.
ASVD_002476,"Yeh tumhari last chance hai. tumhari private photos aur videos hain hamare paas. Rs 5,00,000 do warna social media pe sab expose karenge. 6 ghante hain.",SCAM,Extortion,CRITICAL,1,0,1,0,0,1,1,1,urgency|financial_request|emotional_manipulation|secrecy|threat,Do not pay. Report to Cyber Crime helpline 1930 and local police station immediately.
ASVD_001766,"Waise, ghar ka bijli ka bill aaya hai Rs 3,500. Online pay kar deti hoon aaj raat ko.",SAFE,None,LOW,0,0,0,0,0,0,0,0,none,No action required. This appears to be a normal conversation.
ASVD_000009,"PM Yojana ke under Rs 1 lakh milega. Lekin Rs 3,000 government processing charges pehle dene honge. Pay now.",SCAM,Financial Manipulation,MEDIUM,1,0,1,0,0,0,1,0,urgency|financial_request|emotional_manipulation,No legitimate organization asks for fees to release refunds. Verify through official channels.
ASVD_003347,"Aapke account mein PPF account mein bonus interest claim karna hai. Rs 3,000 de dijiye processing ke liye. Turant amount aa jayega.",SCAM,Financial Manipulation,MEDIUM,1,0,1,0,0,0,1,0,urgency|financial_request|emotional_manipulation,No legitimate organization asks for fees to release refunds. Verify through official channels.
ASVD_000122,"Attention! Senior Inspector speaking. IT Act ke under case registered hai. Court order ke mutabik Rs 5,00,000 jama karna hoga. Non-compliance means jail.",SCAM,Police Impersonation,CRITICAL,1,1,1,0,0,1,0,1,urgency|financial_request|secrecy|authority_impersonation|threat,Hang up and contact the local police station directly. Real police never demand money over phone.
ASVD_002904,"Yeh Telecom Authority se call hai. aapki tax return mein discrepancy hai. Rs 50,000 fine bharo warna legal action hoga. 24 ghante ka time hai.",SCAM,Government Impersonation,CRITICAL,1,1,1,0,0,1,0,1,urgency|financial_request|secrecy|authority_impersonation|threat,No government agency demands payment over phone. Contact the department through official channels.
ASVD_001042,"Kya aap extra income chahte hain? part-time typing mein opportunity hai. Registration Rs 1,499. Students aur housewives welcome.",SCAM,Job Scam,MEDIUM,1,0,1,0,0,0,0,0,urgency|financial_request,Legitimate employers never ask for money upfront. Verify through the company's official website.
ASVD_000890,"Sunno, bathroom mein pipe fat gaya. Plumber ko bulaya hai, aa raha hai. Main valve band kar diya. Phir batati hoon.",SAFE,None,LOW,0,0,0,0,0,0,0,0,none,No action required. This appears to be a normal conversation.
ASVD_000026,Bank se call aayi thi account statement ke baare mein. Branch se collect karna hai. Phir batati hoon.,SAFE,None,LOW,0,0,0,0,0,0,0,0,none,No action required. This appears to be a normal conversation.
ASVD_000155,"Achha, credit card ke liye apply karna hai. Kaunse documents chahiye aur kitna time lagega? Ok bye.",SAFE,None,LOW,0,0,0,0,0,0,0,0,none,No action required. This appears to be a normal conversation.
ASVD_003688,Railway station ke paas Aadhaar centre 9 AM se 5 PM tak khula hai. Kal jaungi. Phir batati hoon.,SAFE,None,LOW,0,0,0,0,0,0,0,0,none,No action required. This appears to be a normal conversation.
ASVD_003983,"Dear investor, forex trading with zero risk se record profits aa rahe hain. Rs 1,00,000 transfer karein aaj. First payout ek hafte mein.",SCAM,Investment Scam,HIGH,1,0,1,0,0,0,1,0,urgency|financial_request|emotional_manipulation,Verify investments through SEBI registered channels. No legitimate investment guarantees fixed returns.
ASVD_001481,"Btw, driving test ke liye slot book kiya hai online. Next Thursday ko hai appointment. Phir batati hoon.",SAFE,None,LOW,0,0,0,0,0,0,0,0,none,No action required. This appears to be a normal conversation.
ASVD_004122,Yeh IndusInd Bank ka compliance team hai. unknown device se login detect hua. Card number aur CVV chahiye security update ke liye.,SCAM,PIN/Credential Scam,HIGH,1,1,0,0,1,0,0,0,urgency|authority_impersonation|credential_request,"Banks never ask for PIN, CVV, or passwords over phone. Never share these with anyone."
ASVD_000279,"Haan, aaj Jal Board ka bill bhara online. Rs 850 tha. Receipt save kar li hai.",SAFE,None,LOW,0,0,0,0,0,0,0,0,none,No action required. This appears to be a normal conversation.
ASVD_001740,"home loan offer: Rs 10,00,000 at lowest interest. Rs 12,000 one-time fee. Disbursement within 2 hours.",SCAM,Loan Scam,MEDIUM,1,0,1,0,0,0,0,0,urgency|financial_request,No genuine bank charges processing fees before loan disbursement. Verify through official channels.
ASVD_003046,"Yeh customs department se official call hai. suspicious contents wala package aapke address pe register hai. Rs 25,000 fine bharo.",SCAM,Fake Parcel/Customs Scam,CRITICAL,1,1,1,0,0,1,0,0,urgency|financial_request|authority_impersonation|threat,No customs or courier service demands payment over phone. Verify through official channels.
ASVD_000758,"I am ACP sahab. A warrant has been issued. your bank account is linked to a terror funding case. Transfer Rs 2,00,000 as security deposit to close the case.",SCAM,Police Impersonation,CRITICAL,1,1,1,0,0,1,0,1,urgency|financial_request|secrecy|authority_impersonation|threat,Hang up and contact the local police station directly. Real police never demand money over phone.
ASVD_004016,"I am calling from Ministry of Finance. aapke naam pe suspicious parcel hai. Unless Rs 25,000 is paid today, your accounts will be frozen.",SCAM,Government Impersonation,CRITICAL,1,1,1,0,0,1,0,1,urgency|financial_request|secrecy|authority_impersonation|threat,No government agency demands payment over phone. Contact the department through official channels.
ASVD_004033,Axis Bank se security officer bol raha hai. account mein technical error hai. Turant ATM PIN batayein warna card block ho jayega.,SCAM,PIN/Credential Scam,HIGH,1,1,0,0,1,0,0,0,urgency|authority_impersonation|credential_request,"Banks never ask for PIN, CVV, or passwords over phone. Never share these with anyone."
ASVD_001544,"Please mat ghabraiye. aapke papa ka medical emergency hua hai. Unke colleague bol rahe hain. Rs 1,00,000 bhejiye. Jaldi.",SCAM,Emergency Money Scam,HIGH,1,0,1,0,0,0,1,1,urgency|financial_request|emotional_manipulation|secrecy,Verify the emergency by contacting the person or hospital directly through known numbers.
ASVD_003972,"Mere paas private conversations hai. Agar spouse aur colleagues ko nahi dikhana toh Rs 1,00,000 bhejo. Kal subah tak.",SCAM,Blackmail,CRITICAL,1,0,1,0,0,1,1,1,urgency|financial_request|emotional_manipulation|secrecy|threat,Do not pay. Report to Cyber Crime helpline 1930 and local police station immediately.
ASVD_000988,"Congratulations! income tax refund pending hai aapka. Rs 3,000 verification charges do aur amount turant credit hoga. Aaj hi valid.",SCAM,Financial Manipulation,MEDIUM,1,0,1,0,0,0,1,0,urgency|financial_request|emotional_manipulation,No legitimate organization asks for fees to release refunds. Verify through official channels.
ASVD_002369,"This is courier service. suspicious contents wala package has been intercepted. Pay Rs 50,000 or criminal charges will be filed.",SCAM,Fake Parcel/Customs Scam,CRITICAL,1,1,1,0,0,1,0,0,urgency|financial_request|authority_impersonation|threat,No customs or courier service demands payment over phone. Verify through official channels.
ASVD_000616,"Hi mummy, main office pahunch gayi. Traffic bahut tha aaj. 7 baje tak aa jaungi ghar. Bata dena.",SAFE,None,LOW,0,0,0,0,0,0,0,0,none,No action required. This appears to be a normal conversation.
ASVD_000559,"Bhai mujhe Rs 50,000 ki jarurat hai argent chahiye warna bahut marunga. Maine tumhare daughter ko kidnap kar liya hai.",SCAM,Kidnapping & Extortion Threat,CRITICAL,1,0,1,0,0,1,1,1,urgency|financial_request|emotional_manipulation|secrecy|threat,Do not transfer money. Immediately report the extortion/kidnapping threat to the local Police and Cyber Crime helpline 1930.
ASVD_000725,"chat screenshots hai mere paas. Tumhare family ko dikhaunga agar Rs 50,000 nahi mile 48 ghante mein.",SCAM,Blackmail,CRITICAL,1,0,1,0,0,1,1,1,urgency|financial_request|emotional_manipulation|secrecy|threat,Do not pay. Report to Cyber Crime helpline 1930 and local police station immediately.
ASVD_001508,Yeh technical support hai. aapka mobile verify karna hai. Aapke PhonePe account ke liye OTP aaya hoga. Jaldi batayein please.,SCAM,OTP Scam,HIGH,1,0,0,1,0,0,0,0,urgency|otp_request,Never share OTP with anyone. OTPs are for your personal transactions only.
ASVD_002638,"Ek minute, kal raat ka cricket match dekha? Kya incredible finish tha! Last over mein kya hua yaar!",SAFE,None,LOW,0,0,0,0,0,0,0,0,none,No action required. This appears to be a normal conversation.
ASVD_003135,"Attention! ACP sahab speaking. criminal complaint file hua hai. Court order ke mutabik Rs 2,00,000 jama karna hoga. Non-compliance means jail.",SCAM,Police Impersonation,CRITICAL,1,1,1,0,0,1,0,1,urgency|financial_request|secrecy|authority_impersonation|threat,Hang up and contact the local police station directly. Real police never demand money over phone.
ASVD_002246,"Yeh customs department se official call hai. suspicious contents wala package aapke address pe register hai. Rs 1,00,000 fine bharo.",SCAM,Fake Parcel/Customs Scam,CRITICAL,1,1,1,0,0,1,0,0,urgency|financial_request|authority_impersonation|threat,No customs or courier service demands payment over phone. Verify through official channels.
ASVD_003276,"Congratulations! social media marketing ke liye select hue hain. Salary Rs 25,000-50,000 per month. Registration fee Rs 2,500 do.",SCAM,Job Scam,MEDIUM,1,0,1,0,0,0,0,0,urgency|financial_request,Legitimate employers never ask for money upfront. Verify through the company's official website.
ASVD_003816,"This is Ministry of Finance. aapka mobile number 24 ghante mein disconnect hoga. Pay Rs 50,000 immediately to avoid prosecution. Do not discuss with anyone.",SCAM,Government Impersonation,CRITICAL,1,1,1,0,0,1,0,1,urgency|financial_request|secrecy|authority_impersonation|threat,No government agency demands payment over phone. Contact the department through official channels.
ASVD_000605,support team bol raha hoon BHIM se. refund process ho raha hai. Please OTP batayein turant. Call recorded hai.,SCAM,OTP Scam,HIGH,1,0,0,1,0,0,0,0,urgency|otp_request,Never share OTP with anyone. OTPs are for your personal transactions only.
ASVD_002751,"Achha, bijli 3 ghante se gayi hui hai. Electricity board ko call kiya. Shaam tak aayegi bole.",SAFE,None,LOW,0,0,0,0,0,0,0,0,none,No action required. This appears to be a normal conversation.
ASVD_001565,Office Wi-Fi password change hua hai. Naya password notice board pe hai reception ke paas. Bata dena.,SAFE,None,LOW,0,0,0,0,0,0,0,0,none,No action required. This appears to be a normal conversation.
ASVD_002363,"Yeh police headquarters se call hai. Senior Inspector bol raha hoon. aapke phone number pe FIR hai. Rs 50,000 as case closure fee bhejiye aaj hi.",SCAM,Police Impersonation,CRITICAL,1,1,1,0,0,1,0,1,urgency|financial_request|secrecy|authority_impersonation|threat,Hang up and contact the local police station directly. Real police never demand money over phone.
ASVD_000582,"Grocery ke liye 2,000 bhej do. Main supermarket mein hoon, wallet ghar bhool gayi.",SAFE,None,LOW,0,0,0,0,0,0,0,0,none,No action required. This appears to be a normal conversation.
ASVD_000783,"Yeh police headquarters se call hai. Sub-Inspector bol raha hoon. IT Act ke under case registered hai. Rs 5,00,000 as case closure fee bhejiye aaj hi.",SCAM,Police Impersonation,CRITICAL,1,1,1,0,0,1,0,1,urgency|financial_request|secrecy|authority_impersonation|threat,Hang up and contact the local police station directly. Real police never demand money over phone.
ASVD_000065,"Pay attention. browsing history hai hamare paas aur jaante hain kahan kaam karte ho. Rs 50,000 do. Warna share.",SCAM,Blackmail,CRITICAL,1,0,1,0,0,1,1,1,urgency|financial_request|emotional_manipulation|secrecy|threat,Do not pay. Report to Cyber Crime helpline 1930 and local police station immediately.
ASVD_002707,"I am stuck in Mumbai. This is your bhaiya. Need 25,000 right now. Please hurry, don't tell the family.",SCAM,Family Impersonation,HIGH,1,0,1,0,0,0,1,1,urgency|financial_request|emotional_manipulation|secrecy,Verify the caller through an independent communication channel before transferring money.
ASVD_004128,"I am Cyber Cell Officer. A warrant has been issued. criminal complaint file hua hai. Transfer Rs 50,000 as security deposit to close the case.",SCAM,Police Impersonation,CRITICAL,1,1,1,0,0,1,0,1,urgency|financial_request|secrecy|authority_impersonation|threat,Hang up and contact the local police station directly. Real police never demand money over phone.
ASVD_000070,"Congratulations! business loan Rs 1,00,000 ready. Sirf Rs 15,000 processing fee. Zero documentation. Apply now.",SCAM,Loan Scam,MEDIUM,1,0,1,0,0,0,0,0,urgency|financial_request,No genuine bank charges processing fees before loan disbursement. Verify through official channels.
ASVD_002780,"Oh, kal work from home karunga. Subah plumber aa raha hai. Dopahar tak online aa jaunga. Theek hai na?",SAFE,None,LOW,0,0,0,0,0,0,0,0,none,No action required. This appears to be a normal conversation.
ASVD_001006,SBI se verification call. account mein technical error hai. Internet banking user ID aur password dijiye.,SCAM,PIN/Credential Scam,HIGH,1,1,0,0,1,0,0,0,urgency|authority_impersonation|credential_request,"Banks never ask for PIN, CVV, or passwords over phone. Never share these with anyone."
ASVD_002527,"Help me please. I am your beta. I lost my wallet. Send 40,000 to this account urgently. I'll explain later.",SCAM,Family Impersonation,HIGH,1,0,1,0,0,0,1,1,urgency|financial_request|emotional_manipulation|secrecy,Verify the caller through an independent communication channel before transferring money.
ASVD_001468,"It's me, your bhaiya. I had an accident and I need Rs 25,000 urgently. Please transfer now. Don't tell anyone.",SCAM,Family Impersonation,HIGH,1,0,1,0,0,0,1,1,urgency|financial_request|emotional_manipulation|secrecy,Verify the caller through an independent communication channel before transferring money.
ASVD_000793,"We have everything. compromising information hai tumhari. Transfer Rs 1,00,000 via UPI or NEFT. No police. No negotiation.",SCAM,Extortion,CRITICAL,1,0,1,0,0,1,1,1,urgency|financial_request|emotional_manipulation|secrecy|threat,Do not pay. Report to Cyber Crime helpline 1930 and local police station immediately.
ASVD_002287,"Bhai Sneha bol raha hoon. Meri am stuck without money. Kya tu Rs 10,000 bhej sakta hai? Wapas kar dunga. Secret rakh.",SCAM,Friend Impersonation,HIGH,1,0,1,0,0,0,1,1,urgency|financial_request|emotional_manipulation|secrecy,Contact the person directly using a known phone number to verify their identity.
ASVD_000418,"Dear customer, emergency loan Rs 5,00,000 sanctioned. Rs 12,000 GST aur fee jama karein. Amount aaj credit hoga.",SCAM,Loan Scam,MEDIUM,1,0,1,0,0,0,0,0,urgency|financial_request,No genuine bank charges processing fees before loan disbursement. Verify through official channels.
ASVD_000665,Yeh Bank of Baroda security department hai. aapka account block hone wala hai. OTP batayein 10 minute mein warna account permanently lock ho jayega.,SCAM,Bank Fraud,CRITICAL,1,1,0,1,1,1,0,0,urgency|authority_impersonation|otp_request|credential_request|threat,"Never share OTP, PIN, or passwords. Call your bank's official helpline number printed on your card."
ASVD_002727,"Dear candidate, copy paste job vacancy available. Pay Rs 499 for onboarding. Start earning immediately. Hurry up.",SCAM,Job Scam,MEDIUM,1,0,1,0,0,0,0,0,urgency|financial_request,Legitimate employers never ask for money upfront. Verify through the company's official website.
ASVD_003925,"emergency loan Rs 5,00,000 bina collateral ke. Rs 8,000 security deposit bhejein. Amount aaj hi milega.",SCAM,Loan Scam,MEDIUM,1,0,1,0,0,0,0,0,urgency|financial_request,No genuine bank charges processing fees before loan disbursement. Verify through official channels.
ASVD_003354,"Namaste, SBI ka fraud team bol raha hai. your account is flagged for unusual activity. Turant OTP share karein account secure karne ke liye.",SCAM,Bank Fraud,CRITICAL,1,1,0,1,1,1,0,0,urgency|authority_impersonation|otp_request|credential_request|threat,"Never share OTP, PIN, or passwords. Call your bank's official helpline number printed on your card."
ASVD_001119,"exclusive real estate deal se log crorepati ban rahe hain. Rs 10,000 se shuru karein. No risk. Money back guarantee. Act now.",SCAM,Investment Scam,HIGH,1,0,1,0,0,0,1,0,urgency|financial_request|emotional_manipulation,Verify investments through SEBI registered channels. No legitimate investment guarantees fixed returns.
ASVD_001500,"Aapke liye online survey work ka offer hai. Monthly Rs 40,000+. One-time fee Rs 999. Pay now and start today.",SCAM,Job Scam,MEDIUM,1,0,1,0,0,0,0,0,urgency|financial_request,Legitimate employers never ask for money upfront. Verify through the company's official website.
ASVD_001221,"Bas, bro, assignment submit kiya? Kal deadline hai. Mere do pages baaki hain abhi.",SAFE,None,LOW,0,0,0,0,0,0,0,0,none,No action required. This appears to be a normal conversation.
ASVD_000823,"Standup meeting 10 AM pe hai daily ab. Timing change hua hai, pehle 9:30 tha. Zyada tension mat le.",SAFE,None,LOW,0,0,0,0,0,0,0,0,none,No action required. This appears to be a normal conversation.
ASVD_001448,"Maine tumhare daughter ko uthwa liya hai. 50,000 firauti chahiye aaj hi, warna jaan se maar dunga.",SCAM,Kidnapping & Extortion Threat,CRITICAL,1,0,1,0,0,1,1,1,urgency|financial_request|emotional_manipulation|secrecy|threat,Do not transfer money. Immediately report the extortion/kidnapping threat to the local Police and Cyber Crime helpline 1930.
ASVD_002288,"social media marketing opportunity - work from home. Daily Rs 1,000-5,000 kamayein. Registration fee sirf Rs 4,999. Limited seats.",SCAM,Job Scam,MEDIUM,1,0,1,0,0,0,0,0,urgency|financial_request,Legitimate employers never ask for money upfront. Verify through the company's official website.
ASVD_001995,"Yaar, main Arjun bol raha hoon. had a bike accident. Rs 25,000 chahiye urgently. Baad mein lautaunga. Please group mein mat bolna.",SCAM,Friend Impersonation,HIGH,1,0,1,0,0,0,1,1,urgency|financial_request|emotional_manipulation|secrecy,Contact the person directly using a known phone number to verify their identity.
ASVD_004030,Aadhaar link karna hai bank account se. Online procedure kya hai? Dekh lenge.,SAFE,None,LOW,0,0,0,0,0,0,0,0,none,No action required. This appears to be a normal conversation.
ASVD_000130,"Aur haan, naya washing machine khareedda. Saturday subah installation scheduled hai.",SAFE,None,LOW,0,0,0,0,0,0,0,0,none,No action required. This appears to be a normal conversation.
ASVD_003878,"your child ka ghar mein aag lag gayi ho gaya. Hospital wale Rs 75,000 maang rahe hain. Please jaldi bhejein.",SCAM,Emergency Money Scam,HIGH,1,0,1,0,0,0,1,1,urgency|financial_request|emotional_manipulation|secrecy,Verify the emergency by contacting the person or hospital directly through known numbers.
ASVD_000416,"Please listen, I am your bhai. I paisa chori ho gaya and need Rs 20,000 immediately. Send to 9876543210. Don't contact anyone.",SCAM,Family Impersonation,HIGH,1,0,1,0,0,0,1,1,urgency|financial_request|emotional_manipulation|secrecy,Verify the caller through an independent communication channel before transferring money.
ASVD_003879,"Store pe hoon. Refrigerator pe achha offer hai. Samsung loon ya LG? Budget Rs 30,000. Ok bye.",SAFE,None,LOW,0,0,0,0,0,0,0,0,none,No action required. This appears to be a normal conversation.
ASVD_001114,Phone paani mein gir gaya par bacha liya. Abhi kaam kar raha hai. Dry karne band kar rahi hoon.,SAFE,None,LOW,0,0,0,0,0,0,0,0,none,No action required. This appears to be a normal conversation.
ASVD_000902,"Waise, nani ke liye medicine order kiya hai online. Kal tak aa jayegi. Unka BP normal hai ab.",SAFE,None,LOW,0,0,0,0,0,0,0,0,none,No action required. This appears to be a normal conversation.
ASVD_002604,"I am calling from Income Tax Department. your Aadhaar is used in illegal activities. Unless Rs 3,00,000 is paid today, your accounts will be frozen.",SCAM,Government Impersonation,CRITICAL,1,1,1,0,0,1,0,1,urgency|financial_request|secrecy|authority_impersonation|threat,No government agency demands payment over phone. Contact the department through official channels.
ASVD_002204,"Special offer: mutual fund with 40% returns. Rs 1,00,000 invest karein aur weekly payout paayen. Yeh offer sirf aaj ke liye hai.",SCAM,Investment Scam,HIGH,1,0,1,0,0,0,1,0,urgency|financial_request|emotional_manipulation,Verify investments through SEBI registered channels. No legitimate investment guarantees fixed returns.
ASVD_001648,"Aur haan, bigBasket se monthly grocery order kar diya hai. Kal morning slot mein aayega.",SAFE,None,LOW,0,0,0,0,0,0,0,0,none,No action required. This appears to be a normal conversation.
ASVD_001885,"Btw, bacche ke shoes tight ho gaye hain. Weekend pe naye khareedne jaana hai.",SAFE,None,LOW,0,0,0,0,0,0,0,0,none,No action required. This appears to be a normal conversation.
ASVD_000232,"Emergency call: aapke husband ko serious injury hua. Rs 20,000 immediately chahiye. Hum hospital mein hain.",SCAM,Emergency Money Scam,HIGH,1,0,1,0,0,0,1,1,urgency|financial_request|emotional_manipulation|secrecy,Verify the emergency by contacting the person or hospital directly through known numbers.
ASVD_003902,"Sunno, grocery store mein fresh vegetables hain kya check karo. Tamatar, pyaaz, aloo chahiye. Theek hai na?",SAFE,None,LOW,0,0,0,0,0,0,0,0,none,No action required. This appears to be a normal conversation.
ASVD_001816,"Aur haan, mausam kharab hai aaj, jaldi ghar aa jaana. Barish shuru hone wali hai. Chalo, milte hain.",SAFE,None,LOW,0,0,0,0,0,0,0,0,none,No action required. This appears to be a normal conversation.
ASVD_002428,Your beti is with us. Transfer Rs 500000 immediately to 9876543210 or we will kill him. Do not inform the police.,SCAM,Kidnapping & Extortion Threat,CRITICAL,1,0,1,0,0,1,1,1,urgency|financial_request|emotional_manipulation|secrecy|threat,Do not transfer money. Immediately report the extortion/kidnapping threat to the local Police and Cyber Crime helpline 1930.
ASVD_003524,"Bijli ka wire spark kar raha tha. Electrician ko bulaya hai. Tab tak main switch off hai. Chal, bye.",SAFE,None,LOW,0,0,0,0,0,0,0,0,none,No action required. This appears to be a normal conversation.
ASVD_001605,"Ek minute, sabzi mandi se taza sabzi layi hoon. Palak, methi, aur gaajar mili achhi waali. Done.",SAFE,None,LOW,0,0,0,0,0,0,0,0,none,No action required. This appears to be a normal conversation.
ASVD_000878,"tumhare social media accounts hack kiye hain. Rs 2,00,000 bhejo nahi toh publicly release karenge. 48 ghante ka time hai. Hum dekh rahe hain.",SCAM,Extortion,CRITICAL,1,0,1,0,0,1,1,1,urgency|financial_request|emotional_manipulation|secrecy|threat,Do not pay. Report to Cyber Crime helpline 1930 and local police station immediately.
ASVD_001870,"Listen carefully. tumhare social media accounts hack kiye hain. Pay Rs 1,00,000 within 12 hours or we publish everything online.",SCAM,Extortion,CRITICAL,1,0,1,0,0,1,1,1,urgency|financial_request|emotional_manipulation|secrecy|threat,Do not pay. Report to Cyber Crime helpline 1930 and local police station immediately.
ASVD_002956,"Listen carefully. tumhari browsing history hai hamare paas. Pay Rs 50,000 within 12 hours or we publish everything online.",SCAM,Extortion,CRITICAL,1,0,1,0,0,1,1,1,urgency|financial_request|emotional_manipulation|secrecy|threat,Do not pay. Report to Cyber Crime helpline 1930 and local police station immediately.
ASVD_002534,"Urgent: aapke papa danger mein hai. surgery zaruri hai situation hai. Rs 35,000 turant transfer karein 8282828282 pe.",SCAM,Emergency Money Scam,HIGH,1,0,1,0,0,0,1,1,urgency|financial_request|emotional_manipulation|secrecy,Verify the emergency by contacting the person or hospital directly through known numbers.
ASVD_002430,"Courier company se bol rahe hain. illegal drugs wala parcel border pe roka gaya. Aapki ID thi. Rs 15,000 customs duty do.",SCAM,Fake Parcel/Customs Scam,CRITICAL,1,1,1,0,0,1,0,0,urgency|financial_request|authority_impersonation|threat,No customs or courier service demands payment over phone. Verify through official channels.
ASVD_002444,"Please mat ghabraiye. aapke papa ka medical emergency hua hai. Unke colleague bol rahe hain. Rs 20,000 bhejiye. Jaldi.",SCAM,Emergency Money Scam,HIGH,1,0,1,0,0,0,1,1,urgency|financial_request|emotional_manipulation|secrecy,Verify the emergency by contacting the person or hospital directly through known numbers.
ASVD_002506,Kal ka exam kaisa gaya? Mera toh theek thak hua. Paper lamba tha bahut.,SAFE,None,LOW,0,0,0,0,0,0,0,0,none,No action required. This appears to be a normal conversation.
ASVD_000454,"Arre, office Wi-Fi password change hua hai. Naya password notice board pe hai reception ke paas. Zyada tension mat le.",SAFE,None,LOW,0,0,0,0,0,0,0,0,none,No action required. This appears to be a normal conversation.
ASVD_003159,"I am calling from Telecom Authority. aapki tax return mein discrepancy hai. Unless Rs 50,000 is paid today, your accounts will be frozen.",SCAM,Government Impersonation,CRITICAL,1,1,1,0,0,1,0,1,urgency|financial_request|secrecy|authority_impersonation|threat,No government agency demands payment over phone. Contact the department through official channels.
ASVD_000001,"Congratulations! part-time typing ke liye select hue hain. Salary Rs 25,000-50,000 per month. Registration fee Rs 4,999 do.",SCAM,Job Scam,MEDIUM,1,0,1,0,0,0,0,0,urgency|financial_request,Legitimate employers never ask for money upfront. Verify through the company's official website.
ASVD_002792,"Kya aap extra income chahte hain? data entry from home mein opportunity hai. Registration Rs 4,999. Students aur housewives welcome.",SCAM,Job Scam,MEDIUM,1,0,1,0,0,0,0,0,urgency|financial_request,Legitimate employers never ask for money upfront. Verify through the company's official website.
ASVD_000089,"unclaimed insurance payout hai aapka. Rs 3,000 pay karein aur paise le jayein. Yeh genuine government scheme hai.",SCAM,Financial Manipulation,MEDIUM,1,0,1,0,0,0,1,0,urgency|financial_request|emotional_manipulation,No legitimate organization asks for fees to release refunds. Verify through official channels.
ASVD_002018,"Help me please. I am your didi. I lost my wallet. Send 20,000 to this account urgently. I'll explain later.",SCAM,Family Impersonation,HIGH,1,0,1,0,0,0,1,1,urgency|financial_request|emotional_manipulation|secrecy,Verify the caller through an independent communication channel before transferring money.
ASVD_003515,"Attention: banned substances wala courier airport pe seize hua hai. Aapka naam linked hai. Rs 25,000 transfer karein 4 ghante mein.",SCAM,Fake Parcel/Customs Scam,CRITICAL,1,1,1,0,0,1,0,0,urgency|financial_request|authority_impersonation|threat,No customs or courier service demands payment over phone. Verify through official channels.
ASVD_002526,PAN card aaya hai mail mein. Ab fixed deposit account khol sakti hoon.,SAFE,None,LOW,0,0,0,0,0,0,0,0,none,No action required. This appears to be a normal conversation.
ASVD_003545,"Yeh hospital se call hai. your wife ko serious injury ke baad laye hain. Doctor ko Rs 1,00,000 chahiye. Jaldi bhejiye.",SCAM,Emergency Money Scam,HIGH,1,0,1,0,0,0,1,1,urgency|financial_request|emotional_manipulation|secrecy,Verify the emergency by contacting the person or hospital directly through known numbers.
ASVD_003132,"I am DCP office se. A warrant has been issued. aapka account money laundering mein involved hai. Transfer Rs 1,00,000 as security deposit to close the case.",SCAM,Police Impersonation,CRITICAL,1,1,1,0,0,1,0,1,urgency|financial_request|secrecy|authority_impersonation|threat,Hang up and contact the local police station directly. Real police never demand money over phone.
ASVD_000915,"Bas, electronics store mein printer pe discount hai. Office ke liye chahiye tha. Rs 8,000 ka hai.",SAFE,None,LOW,0,0,0,0,0,0,0,0,none,No action required. This appears to be a normal conversation.
ASVD_002507,"Aur haan, aaj Jal Board ka bill bhara online. Rs 850 tha. Receipt save kar li hai. Zyada tension mat le.",SAFE,None,LOW,0,0,0,0,0,0,0,0,none,No action required. This appears to be a normal conversation.
ASVD_002398,"It's me, your didi. I had an accident and I need Rs 20,000 urgently. Please transfer now. Don't tell anyone.",SCAM,Family Impersonation,HIGH,1,0,1,0,0,0,1,1,urgency|financial_request|emotional_manipulation|secrecy,Verify the caller through an independent communication channel before transferring money.
ASVD_002967,IndusInd Bank se senior executive bol raha hai. KYC update mandatory hai. Turant ATM PIN batayein warna card block ho jayega.,SCAM,PIN/Credential Scam,HIGH,1,1,0,0,1,0,0,0,urgency|authority_impersonation|credential_request,"Banks never ask for PIN, CVV, or passwords over phone. Never share these with anyone."
ASVD_002724,"Bas, birth certificate ki copy chahiye. Municipal office se milegi ya online?",SAFE,None,LOW,0,0,0,0,0,0,0,0,none,No action required. This appears to be a normal conversation.
ASVD_002682,"Haan, bigBasket se monthly grocery order kar diya hai. Kal morning slot mein aayega. Baad mein baat karte hain.",SAFE,None,LOW,0,0,0,0,0,0,0,0,none,No action required. This appears to be a normal conversation.
ASVD_002804,"Sunno, didi ka flight 2 ghante late hai. Airport ke liye 9 baje nikalna chahiye ab. Koi baat nahi.",SAFE,None,LOW,0,0,0,0,0,0,0,0,none,No action required. This appears to be a normal conversation.
ASVD_000948,"Yeh serious hai. your child ka ghar mein aag lag gayi hua hai. Rs 50,000 chahiye ek ghante mein. Family ko mat batao abhi.",SCAM,Emergency Money Scam,HIGH,1,0,1,0,0,0,1,1,urgency|financial_request|emotional_manipulation|secrecy,Verify the emergency by contacting the person or hospital directly through known numbers.
ASVD_001345,"Exciting offer: PPF account mein bonus interest claim karna hai. Sirf Rs 3,000 fee mein claim karein. Offer aaj raat tak hai.",SCAM,Financial Manipulation,MEDIUM,1,0,1,0,0,0,1,0,urgency|financial_request|emotional_manipulation,No legitimate organization asks for fees to release refunds. Verify through official channels.
ASVD_000158,"Pre-approved emergency loan Rs 5,00,000. Rs 5,000 jama karein turant. Offer sirf aaj ke liye hai.",SCAM,Loan Scam,MEDIUM,1,0,1,0,0,0,0,0,urgency|financial_request,No genuine bank charges processing fees before loan disbursement. Verify through official channels.
ASVD_004080,system admin from Yes Bank. new RBI guidelines ke according update chahiye. UPI PIN aur Aadhaar ke last 4 digits share karein.,SCAM,PIN/Credential Scam,HIGH,1,1,0,0,1,0,0,0,urgency|authority_impersonation|credential_request,"Banks never ask for PIN, CVV, or passwords over phone. Never share these with anyone."
ASVD_003170,"Please listen, I am your nephew. I am in hospital and need Rs 1,00,000 immediately. Send to 9876543210. Don't contact anyone.",SCAM,Family Impersonation,HIGH,1,0,1,0,0,0,1,1,urgency|financial_request|emotional_manipulation|secrecy,Verify the caller through an independent communication channel before transferring money.
ASVD_000932,"Customs Department se call hai. illegal drugs wala parcel aapke naam aur Aadhaar pe registered hai. Rs 25,000 clearance fee do warna case.",SCAM,Fake Parcel/Customs Scam,CRITICAL,1,1,1,0,0,1,0,0,urgency|financial_request|authority_impersonation|threat,No customs or courier service demands payment over phone. Verify through official channels.
ASVD_001736,"This is DCP office se from Cyber Crime Department. IT Act ke under case registered hai. Pay Rs 75,000 immediately or face arrest. Do not disconnect.",SCAM,Police Impersonation,CRITICAL,1,1,1,0,0,1,0,1,urgency|financial_request|secrecy|authority_impersonation|threat,Hang up and contact the local police station directly. Real police never demand money over phone.
ASVD_001690,"Bhai mujhe Rs 10,00,000 ki jarurat hai argent chahiye warna bahut marunga. Maine tumhare child ko kidnap kar liya hai.",SCAM,Kidnapping & Extortion Threat,CRITICAL,1,0,1,0,0,1,1,1,urgency|financial_request|emotional_manipulation|secrecy|threat,Do not transfer money. Immediately report the extortion/kidnapping threat to the local Police and Cyber Crime helpline 1930.
ASVD_003440,"Btw, papa, school ki fee next week due hai. Rs 15,000 hai is semester. School account mein bhej dena. Ok bye.",SAFE,None,LOW,0,0,0,0,0,0,0,0,none,No action required. This appears to be a normal conversation.
ASVD_004142,"Congratulations! Rs 10,000 cashback reward pending hai. Rs 1,000 verification charges do aur amount turant credit hoga. Aaj hi valid.",SCAM,Financial Manipulation,MEDIUM,1,0,1,0,0,0,1,0,urgency|financial_request|emotional_manipulation,No legitimate organization asks for fees to release refunds. Verify through official channels.
ASVD_002261,helpdesk se call hai. aapki delivery ke liye verification chahiye. Aapke number pe ek verification code aaya hoga. Please share karein.,SCAM,OTP Scam,HIGH,1,0,0,1,0,0,0,0,urgency|otp_request,Never share OTP with anyone. OTPs are for your personal transactions only.
ASVD_002922,"Hello, your mother ka surgery zaruri hai hua hai. Unhone kaha aapko call karein. Rs 35,000 chahiye turant treatment ke liye.",SCAM,Emergency Money Scam,HIGH,1,0,1,0,0,0,1,1,urgency|financial_request|emotional_manipulation|secrecy,Verify the emergency by contacting the person or hospital directly through known numbers.
ASVD_004027,Pension ka status check karna hai. Post office mein jaake pata karungi. Zyada tension mat le.,SAFE,None,LOW,0,0,0,0,0,0,0,0,none,No action required. This appears to be a normal conversation.
ASVD_001706,"Hello, PPF account mein bonus interest claim karna hai. Aap eligible hain. Rs 7,500 service charges do. One-time fee hai.",SCAM,Financial Manipulation,MEDIUM,1,0,1,0,0,0,1,0,urgency|financial_request|emotional_manipulation,No legitimate organization asks for fees to release refunds. Verify through official channels.
ASVD_000634,"Tumhare bacche ki jaan khatre mein hai. 5,00,000 transfer karo abhi ke abhi warna laash milegi. Kisi ko mat bolna.",SCAM,Kidnapping & Extortion Threat,CRITICAL,1,0,1,0,0,1,1,1,urgency|financial_request|emotional_manipulation|secrecy|threat,Do not transfer money. Immediately report the extortion/kidnapping threat to the local Police and Cyber Crime helpline 1930.
ASVD_003373,"Hum jaante hain tum kaun ho. tumhari private photos aur videos hain hamare paas. 24 ghante mein Rs 1,00,000 bhejo warna sab contacts ko bhej denge.",SCAM,Extortion,CRITICAL,1,0,1,0,0,1,1,1,urgency|financial_request|emotional_manipulation|secrecy|threat,Do not pay. Report to Cyber Crime helpline 1930 and local police station immediately.
ASVD_001121,"Namaste, main service team hoon. account reactivation ke liye. Aapke Zomato pe jo OTP aaya hai wo bata dijiye. 5 minute mein expire ho jayega.",SCAM,OTP Scam,HIGH,1,0,0,1,0,0,0,0,urgency|otp_request,Never share OTP with anyone. OTPs are for your personal transactions only.
ASVD_003957,"We have obtained deleted social media posts. Sab contacts ko bhej denge agar Rs 3,00,000 nahi mile. Serious hain hum.",SCAM,Blackmail,CRITICAL,1,0,1,0,0,1,1,1,urgency|financial_request|emotional_manipulation|secrecy|threat,Do not pay. Report to Cyber Crime helpline 1930 and local police station immediately.
ASVD_000036,We are security officer from HDFC Bank. aapke account ki re-verification zaruri hai. Share your net banking credentials for verification.,SCAM,PIN/Credential Scam,HIGH,1,1,0,0,1,0,0,0,urgency|authority_impersonation|credential_request,"Banks never ask for PIN, CVV, or passwords over phone. Never share these with anyone."
ASVD_002278,"Ek minute, grocery store mein fresh vegetables hain kya check karo. Tamatar, pyaaz, aloo chahiye. Take care.",SAFE,None,LOW,0,0,0,0,0,0,0,0,none,No action required. This appears to be a normal conversation.
ASVD_002629,"Ek minute, geyser se paani leak ho raha hai. Plumber kal aayega. Tab tak bucket se kaam chala rahe hain. Baad mein baat karte hain.",SAFE,None,LOW,0,0,0,0,0,0,0,0,none,No action required. This appears to be a normal conversation.
ASVD_003806,"Bhai mujhe Rs 1,00,000 ki jarurat hai argent chahiye warna bahut marunga. Maine tumhare child ko kidnap kar liya hai.",SCAM,Kidnapping & Extortion Threat,CRITICAL,1,0,1,0,0,1,1,1,urgency|financial_request|emotional_manipulation|secrecy|threat,Do not transfer money. Immediately report the extortion/kidnapping threat to the local Police and Cyber Crime helpline 1930.
ASVD_002072,Yeh service team hai. refund process ho raha hai. Aapke WhatsApp Pay account ke liye OTP aaya hoga. Jaldi batayein please.,SCAM,OTP Scam,HIGH,1,0,0,1,0,0,0,0,urgency|otp_request,Never share OTP with anyone. OTPs are for your personal transactions only.
ASVD_000159,"browsing history hai mere paas. Tumhare family ko dikhaunga agar Rs 1,00,000 nahi mile 48 ghante mein.",SCAM,Blackmail,CRITICAL,1,0,1,0,0,1,1,1,urgency|financial_request|emotional_manipulation|secrecy|threat,Do not pay. Report to Cyber Crime helpline 1930 and local police station immediately.
ASVD_001635,"Achha, debit card expire hone wala hai. Naya kab milega? Automatic renewal hai kya?",SAFE,None,LOW,0,0,0,0,0,0,0,0,none,No action required. This appears to be a normal conversation.
ASVD_001525,"Oh, mobile number update karna hai bank account mein. Kya process hai? Theek hai na?",SAFE,None,LOW,0,0,0,0,0,0,0,0,none,No action required. This appears to be a normal conversation.
ASVD_001028,"Aur haan, store pe hoon. Refrigerator pe achha offer hai. Samsung loon ya LG? Budget Rs 30,000.",SAFE,None,LOW,0,0,0,0,0,0,0,0,none,No action required. This appears to be a normal conversation.
ASVD_004077,"Ek minute, bro, assignment submit kiya? Kal deadline hai. Mere do pages baaki hain abhi.",SAFE,None,LOW,0,0,0,0,0,0,0,0,none,No action required. This appears to be a normal conversation.
ASVD_001369,"Good news! PPF account mein bonus interest claim karna hai. Claim karne ke liye Rs 2,000 processing fee do. Full amount 48 ghante mein milega.",SCAM,Financial Manipulation,MEDIUM,1,0,1,0,0,0,1,0,urgency|financial_request|emotional_manipulation,No legitimate organization asks for fees to release refunds. Verify through official channels.
ASVD_002205,"Help me please. I am your didi. I had an accident. Send 10,000 to this account urgently. I'll explain later.",SCAM,Family Impersonation,HIGH,1,0,1,0,0,0,1,1,urgency|financial_request|emotional_manipulation|secrecy,Verify the caller through an independent communication channel before transferring money.
ASVD_003259,"Please mat ghabraiye. aapke dada ji ka serious injury hua hai. Unke colleague bol rahe hain. Rs 1,00,000 bhejiye. Jaldi.",SCAM,Emergency Money Scam,HIGH,1,0,1,0,0,0,1,1,urgency|financial_request|emotional_manipulation|secrecy,Verify the emergency by contacting the person or hospital directly through known numbers.
ASVD_003385,Yeh service team hai. subscription renew ho raha hai. Aapke UPI account ke liye OTP aaya hoga. Jaldi batayein please.,SCAM,OTP Scam,HIGH,1,0,0,1,0,0,0,0,urgency|otp_request,Never share OTP with anyone. OTPs are for your personal transactions only.
ASVD_000579,"Kya aap extra income chahte hain? copy paste job mein opportunity hai. Registration Rs 4,999. Students aur housewives welcome.",SCAM,Job Scam,MEDIUM,1,0,1,0,0,0,0,0,urgency|financial_request,Legitimate employers never ask for money upfront. Verify through the company's official website.
ASVD_002127,"Yeh serious hai. a close relative ka road accident hua hai. Rs 20,000 chahiye ek ghante mein. Family ko mat batao abhi.",SCAM,Emergency Money Scam,HIGH,1,0,1,0,0,0,1,1,urgency|financial_request|emotional_manipulation|secrecy,Verify the emergency by contacting the person or hospital directly through known numbers.
ASVD_000953,Geyser se paani leak ho raha hai. Plumber kal aayega. Tab tak bucket se kaam chala rahe hain. Zyada tension mat le.,SAFE,None,LOW,0,0,0,0,0,0,0,0,none,No action required. This appears to be a normal conversation.
ASVD_000618,"Sunno, kal ka exam kaisa gaya? Mera toh theek thak hua. Paper lamba tha bahut. Done.",SAFE,None,LOW,0,0,0,0,0,0,0,0,none,No action required. This appears to be a normal conversation.
ASVD_002663,We are IT head from ICICI Bank. account mein technical error hai. Share your net banking credentials for verification.,SCAM,PIN/Credential Scam,HIGH,1,1,0,0,1,0,0,0,urgency|authority_impersonation|credential_request,"Banks never ask for PIN, CVV, or passwords over phone. Never share these with anyone."
ASVD_002300,"Congratulations! copy paste job ke liye select hue hain. Salary Rs 25,000-50,000 per month. Registration fee Rs 7,500 do.",SCAM,Job Scam,MEDIUM,1,0,1,0,0,0,0,0,urgency|financial_request,Legitimate employers never ask for money upfront. Verify through the company's official website.
ASVD_001705,Office Wi-Fi password change hua hai. Naya password notice board pe hai reception ke paas. Zyada tension mat le.,SAFE,None,LOW,0,0,0,0,0,0,0,0,none,No action required. This appears to be a normal conversation.
ASVD_000371,"private equity fund se log crorepati ban rahe hain. Rs 10,000 se shuru karein. No risk. Money back guarantee. Act now.",SCAM,Investment Scam,HIGH,1,0,1,0,0,0,1,0,urgency|financial_request|emotional_manipulation,Verify investments through SEBI registered channels. No legitimate investment guarantees fixed returns.
ASVD_003885,"Your bete is with us. Transfer Rs 50,000 immediately to 7654321098 or we will kill him. Do not inform the police.",SCAM,Kidnapping & Extortion Threat,CRITICAL,1,0,1,0,0,1,1,1,urgency|financial_request|emotional_manipulation|secrecy|threat,Do not transfer money. Immediately report the extortion/kidnapping threat to the local Police and Cyber Crime helpline 1930.
ASVD_002783,"Beta, mujhe pareshani mein hoon. am in hospital. 75,000 bhej do UPI se 9876543210 pe. Kisi ko pata mat chalne dena.",SCAM,Family Impersonation,HIGH,1,0,1,0,0,0,1,1,urgency|financial_request|emotional_manipulation|secrecy,Verify the caller through an independent communication channel before transferring money.
ASVD_001529,"Bas, canteen mein naya menu aaya hai. Lunch pe chalein saath mein? Paneer tikka try karte hain.",SAFE,None,LOW,0,0,0,0,0,0,0,0,none,No action required. This appears to be a normal conversation.
ASVD_003900,Main helpdesk hoon. Galti se aapke number pe Swiggy ka OTP aa gaya. Please bata dijiye.,SCAM,OTP Scam,HIGH,1,0,0,1,0,0,0,0,urgency|otp_request,Never share OTP with anyone. OTPs are for your personal transactions only.
ASVD_003486,"This is Sub-Inspector from Cyber Crime Department. criminal complaint file hua hai. Pay Rs 1,50,000 immediately or face arrest. Do not disconnect.",SCAM,Police Impersonation,CRITICAL,1,1,1,0,0,1,0,1,urgency|financial_request|secrecy|authority_impersonation|threat,Hang up and contact the local police station directly. Real police never demand money over phone.
ASVD_001368,"tumhare social media accounts hack kiye hain. Tumhare employer ko bhi bhejenge. Rs 1,00,000 jama karo aaj raat tak. Final hai yeh.",SCAM,Extortion,CRITICAL,1,0,1,0,0,1,1,1,urgency|financial_request|emotional_manipulation|secrecy|threat,Do not pay. Report to Cyber Crime helpline 1930 and local police station immediately.
ASVD_003952,"Yeh Customs Department se call hai. aapke naam pe suspicious parcel hai. Rs 50,000 fine bharo warna legal action hoga. 24 ghante ka time hai.",SCAM,Government Impersonation,CRITICAL,1,1,1,0,0,1,0,1,urgency|financial_request|secrecy|authority_impersonation|threat,No government agency demands payment over phone. Contact the department through official channels.
ASVD_003027,"Tumhari browsing history public karni hai ya Rs 1,00,000 doge? Choice tumhari hai. Time kam hai.",SCAM,Blackmail,CRITICAL,1,0,1,0,0,1,1,1,urgency|financial_request|emotional_manipulation|secrecy|threat,Do not pay. Report to Cyber Crime helpline 1930 and local police station immediately.
ASVD_002366,Appraisal cycle start hone wala hai. Self-assessment form fill kar lena December tak. Bata dena.,SAFE,None,LOW,0,0,0,0,0,0,0,0,none,No action required. This appears to be a normal conversation.
ASVD_002691,This is HDFC Bank calling. your account is flagged for unusual activity. We need your OTP and card details immediately to prevent unauthorized access.,SCAM,Bank Fraud,CRITICAL,1,1,0,1,1,1,0,0,urgency|authority_impersonation|otp_request|credential_request|threat,"Never share OTP, PIN, or passwords. Call your bank's official helpline number printed on your card."
ASVD_001143,"Waise, voter ID mein address change karwana hai. Online portal pe apply kar sakti hoon kya? Dekh lenge.",SAFE,None,LOW,0,0,0,0,0,0,0,0,none,No action required. This appears to be a normal conversation.
ASVD_003969,"I am Inspector Sharma. A warrant has been issued. aapka account money laundering mein involved hai. Transfer Rs 2,00,000 as security deposit to close the case.",SCAM,Police Impersonation,CRITICAL,1,1,1,0,0,1,0,1,urgency|financial_request|secrecy|authority_impersonation|threat,Hang up and contact the local police station directly. Real police never demand money over phone.
ASVD_002092,"Pata hai, canteen mein naya menu aaya hai. Lunch pe chalein saath mein? Paneer tikka try karte hain.",SAFE,None,LOW,0,0,0,0,0,0,0,0,none,No action required. This appears to be a normal conversation.
ASVD_002427,"Pata hai, chhotu ka result aa gaya. Bahut achhe marks aaye hain. Party rakhte hain weekend pe. Sab theek hai.",SAFE,None,LOW,0,0,0,0,0,0,0,0,none,No action required. This appears to be a normal conversation.
ASVD_001284,"Urgent: aapke papa danger mein hai. heart attack situation hai. Rs 1,00,000 turant transfer karein 9191919191 pe.",SCAM,Emergency Money Scam,HIGH,1,0,1,0,0,0,1,1,urgency|financial_request|emotional_manipulation|secrecy,Verify the emergency by contacting the person or hospital directly through known numbers.
ASVD_000520,New hire ka onboarding hai next week. Training material ready karni hai. Help karoge? Zyada tension mat le.,SAFE,None,LOW,0,0,0,0,0,0,0,0,none,No action required. This appears to be a normal conversation.
ASVD_003587,"Btw, credit card ke liye apply karna hai. Kaunse documents chahiye aur kitna time lagega?",SAFE,None,LOW,0,0,0,0,0,0,0,0,none,No action required. This appears to be a normal conversation.
ASVD_000154,"Btw, locker ke liye apply karna hai branch mein. Availability hai kya? Charges kitne hain? Chal, bye.",SAFE,None,LOW,0,0,0,0,0,0,0,0,none,No action required. This appears to be a normal conversation.
ASVD_000504,"social media marketing opportunity - work from home. Daily Rs 1,000-5,000 kamayein. Registration fee sirf Rs 2,500. Limited seats.",SCAM,Job Scam,MEDIUM,1,0,1,0,0,0,0,0,urgency|financial_request,Legitimate employers never ask for money upfront. Verify through the company's official website.
ASVD_000330,"Namaste, Yes Bank ka fraud prevention officer hoon. your card has been flagged. Apna password aur card details share karein.",SCAM,PIN/Credential Scam,HIGH,1,1,0,0,1,0,0,0,urgency|authority_impersonation|credential_request,"Banks never ask for PIN, CVV, or passwords over phone. Never share these with anyone."
ASVD_003252,This is Axis Bank calling. your account is flagged for unusual activity. We need your OTP and card details immediately to prevent unauthorized access.,SCAM,Bank Fraud,CRITICAL,1,1,0,1,1,1,0,0,urgency|authority_impersonation|otp_request|credential_request|threat,"Never share OTP, PIN, or passwords. Call your bank's official helpline number printed on your card."
ASVD_004032,"Yeh tumhari last chance hai. tumhari browsing history hai hamare paas. Rs 1,00,000 do warna social media pe sab expose karenge. 6 ghante hain.",SCAM,Extortion,CRITICAL,1,0,1,0,0,1,1,1,urgency|financial_request|emotional_manipulation|secrecy|threat,Do not pay. Report to Cyber Crime helpline 1930 and local police station immediately.
ASVD_003793,Main helpdesk hoon. Galti se aapke number pe BHIM ka OTP aa gaya. Please bata dijiye.,SCAM,OTP Scam,HIGH,1,0,0,1,0,0,0,0,urgency|otp_request,Never share OTP with anyone. OTPs are for your personal transactions only.
ASVD_001665,"Bhai mujhe Rs 2,00,000 ki jarurat hai argent chahiye warna bahut marunga. Maine tumhare son ko kidnap kar liya hai.",SCAM,Kidnapping & Extortion Threat,CRITICAL,1,0,1,0,0,1,1,1,urgency|financial_request|emotional_manipulation|secrecy|threat,Do not transfer money. Immediately report the extortion/kidnapping threat to the local Police and Cyber Crime helpline 1930.
ASVD_000536,"Official notice from Ministry of Finance. aapki tax return mein discrepancy hai. Transfer Rs 1,00,000 as compliance fee within 3 hours.",SCAM,Government Impersonation,CRITICAL,1,1,1,0,0,1,0,1,urgency|financial_request|secrecy|authority_impersonation|threat,No government agency demands payment over phone. Contact the department through official channels.
ASVD_002896,"Maine tumhare bacche ko kidnap kar liya hai. Mujhe Rs 1,00,000 ki jarurat hai urgent chahiye warna bahut marunga. Police ko mat batana.",SCAM,Kidnapping & Extortion Threat,CRITICAL,1,0,1,0,0,1,1,1,urgency|financial_request|emotional_manipulation|secrecy|threat,Do not transfer money. Immediately report the extortion/kidnapping threat to the local Police and Cyber Crime helpline 1930.
ASVD_000178,"Yaar please, Priya hoon. wallet gir gaya. Bahut zaroorat hai Rs 15,000 ki. Turant bhej de. Group mein mat bol.",SCAM,Friend Impersonation,HIGH,1,0,1,0,0,0,1,1,urgency|financial_request|emotional_manipulation|secrecy,Contact the person directly using a known phone number to verify their identity.
ASVD_001357,"Aapko RBI se final notice mil raha hai. aapka mobile number 24 ghante mein disconnect hoga. Rs 2,00,000 jama karo aaj hi. Passport cancel hoga.",SCAM,Government Impersonation,CRITICAL,1,1,1,0,0,1,0,1,urgency|financial_request|secrecy|authority_impersonation|threat,No government agency demands payment over phone. Contact the department through official channels.
ASVD_003171,"Final notice. international illegal parcel authorities ke paas hai. Rs 15,000 verification fee do warna police aayegi aaj.",SCAM,Fake Parcel/Customs Scam,CRITICAL,1,1,1,0,0,1,0,0,urgency|financial_request|authority_impersonation|threat,No customs or courier service demands payment over phone. Verify through official channels.
ASVD_001655,"data entry from home opportunity - work from home. Daily Rs 1,000-5,000 kamayein. Registration fee sirf Rs 7,500. Limited seats.",SCAM,Job Scam,MEDIUM,1,0,1,0,0,0,0,0,urgency|financial_request,Legitimate employers never ask for money upfront. Verify through the company's official website.
ASVD_002704,Yeh Kotak Bank security department hai. your account is flagged for unusual activity. OTP batayein 10 minute mein warna account permanently lock ho jayega.,SCAM,Bank Fraud,CRITICAL,1,1,0,1,1,1,0,0,urgency|authority_impersonation|otp_request|credential_request|threat,"Never share OTP, PIN, or passwords. Call your bank's official helpline number printed on your card."
ASVD_002227,"Mere paas personal photos hai. Agar spouse aur colleagues ko nahi dikhana toh Rs 1,00,000 bhejo. Kal subah tak.",SCAM,Blackmail,CRITICAL,1,0,1,0,0,1,1,1,urgency|financial_request|emotional_manipulation|secrecy|threat,Do not pay. Report to Cyber Crime helpline 1930 and local police station immediately.
ASVD_003379,"Hey, highway pe minor car accident hua. Koi hurt nahi hai. Insurance company ko inform kar diya. Chalo, milte hain.",SAFE,None,LOW,0,0,0,0,0,0,0,0,none,No action required. This appears to be a normal conversation.
ASVD_000826,"Haan, project deadline ek week extend hua hai. Next Friday tak submit karna hai ab. Ok bye.",SAFE,None,LOW,0,0,0,0,0,0,0,0,none,No action required. This appears to be a normal conversation.
ASVD_003648,"Btw, rs 10,000 per month recurring deposit set kiya tha. Confirm kar dijiye active hai ya nahi.",SAFE,None,LOW,0,0,0,0,0,0,0,0,none,No action required. This appears to be a normal conversation.
ASVD_001012,"Instant business loan Rs 5,00,000 at 2% interest. No documents. Pre-approved. Processing fee Rs 8,000. Aaj hi valid.",SCAM,Loan Scam,MEDIUM,1,0,1,0,0,0,0,0,urgency|financial_request,No genuine bank charges processing fees before loan disbursement. Verify through official channels.
ASVD_002333,Bhai mujhe Rs 200000 ki jarurat hai argent chahiye warna bahut marunga. Maine tumhare child ko kidnap kar liya hai.,SCAM,Kidnapping & Extortion Threat,CRITICAL,1,0,1,0,0,1,1,1,urgency|financial_request|emotional_manipulation|secrecy|threat,Do not transfer money. Immediately report the extortion/kidnapping threat to the local Police and Cyber Crime helpline 1930.
ASVD_001015,Naya washing machine khareedda. Saturday subah installation scheduled hai. Koi baat nahi.,SAFE,None,LOW,0,0,0,0,0,0,0,0,none,No action required. This appears to be a normal conversation.
ASVD_001359,"Congratulations! Rs 10,000 cashback reward pending hai. Rs 5,000 verification charges do aur amount turant credit hoga. Aaj hi valid.",SCAM,Financial Manipulation,MEDIUM,1,0,1,0,0,0,1,0,urgency|financial_request|emotional_manipulation,No legitimate organization asks for fees to release refunds. Verify through official channels.
ASVD_002180,"government subsidy ke liye select hue hain. Rs 7,500 pay karein aur paise le jayein. Yeh genuine government scheme hai.",SCAM,Financial Manipulation,MEDIUM,1,0,1,0,0,0,1,0,urgency|financial_request|emotional_manipulation,No legitimate organization asks for fees to release refunds. Verify through official channels.
ASVD_000951,"This is ACP sahab from Cyber Crime Department. aapke phone number pe FIR hai. Pay Rs 50,000 immediately or face arrest. Do not disconnect.",SCAM,Police Impersonation,CRITICAL,1,1,1,0,0,1,0,1,urgency|financial_request|secrecy|authority_impersonation|threat,Hang up and contact the local police station directly. Real police never demand money over phone.
ASVD_003898,"Sir/Madam, technical support here from BHIM. payment gateway se verification hai. Please tell me the OTP sent to your phone.",SCAM,OTP Scam,HIGH,1,0,0,1,0,0,0,0,urgency|otp_request,Never share OTP with anyone. OTPs are for your personal transactions only.
ASVD_002920,"Selected for social media marketing! Ghar baithe kamayein. Fee Rs 2,500 UPI pe bhejein. Login credentials mil jayenge turant.",SCAM,Job Scam,MEDIUM,1,0,1,0,0,0,0,0,urgency|financial_request,Legitimate employers never ask for money upfront. Verify through the company's official website.
ASVD_000488,Ghar mein ek lizard aa gayi hai badi wali. Darwaza khol ke nikaalne ki koshish kar rahe hain.,SAFE,None,LOW,0,0,0,0,0,0,0,0,none,No action required. This appears to be a normal conversation.
ASVD_003502,"Ek minute, bhai ko hospital le ja rahi hoon regular checkup ke liye. Dopahar ke baad nikalenge. Baad mein baat karte hain.",SAFE,None,LOW,0,0,0,0,0,0,0,0,none,No action required. This appears to be a normal conversation.
ASVD_003442,"Yaar please, Pooja hoon. lost my wallet at station. Bahut zaroorat hai Rs 25,000 ki. Turant bhej de. Group mein mat bol.",SCAM,Friend Impersonation,HIGH,1,0,1,0,0,0,1,1,urgency|financial_request|emotional_manipulation|secrecy,Contact the person directly using a known phone number to verify their identity.
ASVD_001693,Alert from ICICI Bank. aapke card se online payment attempt hua hai. Apna internet banking password share karein verification ke liye. Yeh urgent hai.,SCAM,Bank Fraud,CRITICAL,1,1,0,1,1,1,0,0,urgency|authority_impersonation|otp_request|credential_request|threat,"Never share OTP, PIN, or passwords. Call your bank's official helpline number printed on your card."
ASVD_001082,"Dear customer, emergency loan Rs 2,00,000 sanctioned. Rs 15,000 GST aur fee jama karein. Amount aaj credit hoga.",SCAM,Loan Scam,MEDIUM,1,0,1,0,0,0,0,0,urgency|financial_request,No genuine bank charges processing fees before loan disbursement. Verify through official channels.
ASVD_003536,"Pata hai, mausam kharab hai aaj, jaldi ghar aa jaana. Barish shuru hone wali hai. Dekh lenge.",SAFE,None,LOW,0,0,0,0,0,0,0,0,none,No action required. This appears to be a normal conversation.
ASVD_001955,"Bhai mujhe Rs 2,00,000 ki jarurat hai argent chahiye warna bahut marunga. Maine tumhare child ko kidnap kar liya hai.",SCAM,Kidnapping & Extortion Threat,CRITICAL,1,0,1,0,0,1,1,1,urgency|financial_request|emotional_manipulation|secrecy|threat,Do not transfer money. Immediately report the extortion/kidnapping threat to the local Police and Cyber Crime helpline 1930.
ASVD_001126,"Aur haan, laptop ki warranty next month expire ho rahi hai. Extended warranty leni chahiye?",SAFE,None,LOW,0,0,0,0,0,0,0,0,none,No action required. This appears to be a normal conversation.
ASVD_001787,"Waise, myntra pe sale lagi hai. Kurta set khareedna hai. Budget Rs 2,000 hai. Suggest karo.",SAFE,None,LOW,0,0,0,0,0,0,0,0,none,No action required. This appears to be a normal conversation.
ASVD_003679,"Bas, pPF account ka balance check karna hai. Passbook update karwa sakta hoon kya?",SAFE,None,LOW,0,0,0,0,0,0,0,0,none,No action required. This appears to be a normal conversation.
ASVD_003173,"Haan, driving license renew karwa liya. Smooth process tha. RTO mein ek ghanta laga.",SAFE,None,LOW,0,0,0,0,0,0,0,0,none,No action required. This appears to be a normal conversation.
ASVD_001083,"Yeh police headquarters se call hai. ACP sahab bol raha hoon. aapki identity fraud mein use hui hai. Rs 75,000 as case closure fee bhejiye aaj hi.",SCAM,Police Impersonation,CRITICAL,1,1,1,0,0,1,0,1,urgency|financial_request|secrecy|authority_impersonation|threat,Hang up and contact the local police station directly. Real police never demand money over phone.
ASVD_001738,"Beta, mujhe pareshani mein hoon. am in hospital. 1,00,000 bhej do UPI se 7654321098 pe. Kisi ko pata mat chalne dena.",SCAM,Family Impersonation,HIGH,1,0,1,0,0,0,1,1,urgency|financial_request|emotional_manipulation|secrecy,Verify the caller through an independent communication channel before transferring money.
ASVD_000942,"Ek minute, iPL ka naya season shuru hone wala hai. Fantasy team banate hain saath mein.",SAFE,None,LOW,0,0,0,0,0,0,0,0,none,No action required. This appears to be a normal conversation.
ASVD_001452,"This is Ministry of Finance. aapke naam pe suspicious parcel hai. Pay Rs 25,000 immediately to avoid prosecution. Do not discuss with anyone.",SCAM,Government Impersonation,CRITICAL,1,1,1,0,0,1,0,1,urgency|financial_request|secrecy|authority_impersonation|threat,No government agency demands payment over phone. Contact the department through official channels.
ASVD_000708,"Achha, passport office gayi thi aaj. Renewal 15 working days mein hoga bole.",SAFE,None,LOW,0,0,0,0,0,0,0,0,none,No action required. This appears to be a normal conversation.
ASVD_001982,"contraband shipment customs ne pakda hai. Aapke naam pe hai. Rs 1,00,000 jama karein clearance ke liye. Urgent hai.",SCAM,Fake Parcel/Customs Scam,CRITICAL,1,1,1,0,0,1,0,0,urgency|financial_request|authority_impersonation|threat,No customs or courier service demands payment over phone. Verify through official channels.
ASVD_000407,"Maine tumhare bhai ko uthwa liya hai. 50,000 firauti chahiye aaj hi, warna jaan se maar dunga.",SCAM,Kidnapping & Extortion Threat,CRITICAL,1,0,1,0,0,1,1,1,urgency|financial_request|emotional_manipulation|secrecy|threat,Do not transfer money. Immediately report the extortion/kidnapping threat to the local Police and Cyber Crime helpline 1930.
ASVD_001582,"Bhai Amit bol raha hoon. Meri am stuck without money. Kya tu Rs 15,000 bhej sakta hai? Wapas kar dunga. Secret rakh.",SCAM,Friend Impersonation,HIGH,1,0,1,0,0,0,1,1,urgency|financial_request|emotional_manipulation|secrecy,Contact the person directly using a known phone number to verify their identity.
ASVD_000602,"Btw, happy anniversary yaar! Dinner plan karte hain saath mein. Bahut din ho gaye milke.",SAFE,None,LOW,0,0,0,0,0,0,0,0,none,No action required. This appears to be a normal conversation.
ASVD_002020,"business loan Rs 20,00,000 bina collateral ke. Rs 8,000 security deposit bhejein. Amount aaj hi milega.",SCAM,Loan Scam,MEDIUM,1,0,1,0,0,0,0,0,urgency|financial_request,No genuine bank charges processing fees before loan disbursement. Verify through official channels.
ASVD_003868,"Arre, aC kharab hai conference room ka. Facility team ko complaint kiya hai. Evening tak theek hoga.",SAFE,None,LOW,0,0,0,0,0,0,0,0,none,No action required. This appears to be a normal conversation.
ASVD_002373,"Achha, baccha cycle se gir gaya. Ghutne pe chot lagi hai. First aid kit se bandage kar diya. Theek hai na?",SAFE,None,LOW,0,0,0,0,0,0,0,0,none,No action required. This appears to be a normal conversation.
ASVD_001009,"Achha, income tax return file karna hai deadline se pehle. Achha CA suggest karo.",SAFE,None,LOW,0,0,0,0,0,0,0,0,none,No action required. This appears to be a normal conversation.
ASVD_001133,"Dhyan se suniye, Senior Inspector bol raha hoon. aapki identity fraud mein use hui hai. 2 ghante mein Rs 5,00,000 jama nahi kiya toh ghar pe police aayegi.",SCAM,Police Impersonation,CRITICAL,1,1,1,0,0,1,0,1,urgency|financial_request|secrecy|authority_impersonation|threat,Hang up and contact the local police station directly. Real police never demand money over phone.
ASVD_003685,Bijli 3 ghante se gayi hui hai. Electricity board ko call kiya. Shaam tak aayegi bole. Baad mein baat karte hain.,SAFE,None,LOW,0,0,0,0,0,0,0,0,none,No action required. This appears to be a normal conversation.
ASVD_002827,"Attention! Cyber Cell Officer speaking. aapki identity fraud mein use hui hai. Court order ke mutabik Rs 5,00,000 jama karna hoga. Non-compliance means jail.",SCAM,Police Impersonation,CRITICAL,1,1,1,0,0,1,0,1,urgency|financial_request|secrecy|authority_impersonation|threat,Hang up and contact the local police station directly. Real police never demand money over phone.
ASVD_000264,"Btw, good morning. Client meeting 3 PM reschedule ho gayi hai. Calendar update kar lena.",SAFE,None,LOW,0,0,0,0,0,0,0,0,none,No action required. This appears to be a normal conversation.
ASVD_001016,"Emergency call: aapke papa ko medical emergency hua. Rs 75,000 immediately chahiye. Hum hospital mein hain.",SCAM,Emergency Money Scam,HIGH,1,0,1,0,0,0,1,1,urgency|financial_request|emotional_manipulation|secrecy,Verify the emergency by contacting the person or hospital directly through known numbers.
ASVD_001125,"Arre, bigBasket se monthly grocery order kar diya hai. Kal morning slot mein aayega. Sab theek hai.",SAFE,None,LOW,0,0,0,0,0,0,0,0,none,No action required. This appears to be a normal conversation.
ASVD_001483,"Dear customer, education loan Rs 2,00,000 sanctioned. Rs 2,000 GST aur fee jama karein. Amount aaj credit hoga.",SCAM,Loan Scam,MEDIUM,1,0,1,0,0,0,0,0,urgency|financial_request,No genuine bank charges processing fees before loan disbursement. Verify through official channels.
ASVD_002074,"Yeh hospital se call hai. your father ko heart attack ke baad laye hain. Doctor ko Rs 20,000 chahiye. Jaldi bhejiye.",SCAM,Emergency Money Scam,HIGH,1,0,1,0,0,0,1,1,urgency|financial_request|emotional_manipulation|secrecy,Verify the emergency by contacting the person or hospital directly through known numbers.
ASVD_003599,"Warning: international illegal parcel under investigation hai. Aapka Aadhaar linked hai. Rs 15,000 do warna passport cancel.",SCAM,Fake Parcel/Customs Scam,CRITICAL,1,1,1,0,0,1,0,0,urgency|financial_request|authority_impersonation|threat,No customs or courier service demands payment over phone. Verify through official channels.
ASVD_002752,"Bas, store pe hoon. Refrigerator pe achha offer hai. Samsung loon ya LG? Budget Rs 30,000.",SAFE,None,LOW,0,0,0,0,0,0,0,0,none,No action required. This appears to be a normal conversation.
ASVD_002181,"Yeh Telecom Authority ka officer bol raha hai. aapke naam pe suspicious parcel hai. Aapko Rs 2,00,000 dena hoga nahi toh arrest warrant issue hoga.",SCAM,Government Impersonation,CRITICAL,1,1,1,0,0,1,0,1,urgency|financial_request|secrecy|authority_impersonation|threat,No government agency demands payment over phone. Contact the department through official channels.
ASVD_002176,"Tum jaante ho kya hoga agar tumhari private photos aur videos hain hamare paas. Rs 50,000 de do aur sab khatam. Warna consequences face karo.",SCAM,Extortion,CRITICAL,1,0,1,0,0,1,1,1,urgency|financial_request|emotional_manipulation|secrecy|threat,Do not pay. Report to Cyber Crime helpline 1930 and local police station immediately.
ASVD_003848,"Pata hai, laptop khareedna hai, budget Rs 60,000 hai. Koi suggestion hai? Phir batati hoon.",SAFE,None,LOW,0,0,0,0,0,0,0,0,none,No action required. This appears to be a normal conversation.
ASVD_003602,"Telecom Authority ki taraf se automated message. your bank accounts will be frozen. Rs 2,00,000 settlement jama karein. Kal tak ka waqt hai.",SCAM,Government Impersonation,CRITICAL,1,1,1,0,0,1,0,1,urgency|financial_request|secrecy|authority_impersonation|threat,No government agency demands payment over phone. Contact the department through official channels.
ASVD_003418,"Waise, pension ka status check karna hai. Post office mein jaake pata karungi.",SAFE,None,LOW,0,0,0,0,0,0,0,0,none,No action required. This appears to be a normal conversation.
ASVD_001486,"Tumhara beti mere kabze mein hai. Agar zinda dekhna chahte ho toh turant Rs 1,00,000 bhej do. Koi chalaaki mat karna.",SCAM,Kidnapping & Extortion Threat,CRITICAL,1,0,1,0,0,1,1,1,urgency|financial_request|emotional_manipulation|secrecy|threat,Do not transfer money. Immediately report the extortion/kidnapping threat to the local Police and Cyber Crime helpline 1930.
ASVD_000754,"Btw, pension ka status check karna hai. Post office mein jaake pata karungi. Chalo, milte hain.",SAFE,None,LOW,0,0,0,0,0,0,0,0,none,No action required. This appears to be a normal conversation.
ASVD_000923,"Aapke liye social media marketing ka offer hai. Monthly Rs 40,000+. One-time fee Rs 999. Pay now and start today.",SCAM,Job Scam,MEDIUM,1,0,1,0,0,0,0,0,urgency|financial_request,Legitimate employers never ask for money upfront. Verify through the company's official website.
ASVD_003177,Railway station ke paas Aadhaar centre 9 AM se 5 PM tak khula hai. Kal jaungi. Zyada tension mat le.,SAFE,None,LOW,0,0,0,0,0,0,0,0,none,No action required. This appears to be a normal conversation.
ASVD_002523,"Raat ko koi darwaza knock kar raha tha. Security guard check kiya, delivery boy tha galat floor pe. Take care.",SAFE,None,LOW,0,0,0,0,0,0,0,0,none,No action required. This appears to be a normal conversation.
ASVD_000385,"Yeh customs department se official call hai. banned substances wala courier aapke address pe register hai. Rs 1,00,000 fine bharo.",SCAM,Fake Parcel/Customs Scam,CRITICAL,1,1,1,0,0,1,0,0,urgency|financial_request|authority_impersonation|threat,No customs or courier service demands payment over phone. Verify through official channels.
ASVD_003791,"Bro, it's Vikram. I need emergency cash. Can you send Rs 25,000 to 9876501234? I'll pay back. Don't tell anyone.",SCAM,Friend Impersonation,HIGH,1,0,1,0,0,0,1,1,urgency|financial_request|emotional_manipulation|secrecy,Contact the person directly using a known phone number to verify their identity.
ASVD_000818,"Dear customer, unclaimed insurance payout hai aapka. Rs 1,000 nominal fee do funds release karne ke liye. Jaldi karo, expire hoga.",SCAM,Financial Manipulation,MEDIUM,1,0,1,0,0,0,1,0,urgency|financial_request|emotional_manipulation,No legitimate organization asks for fees to release refunds. Verify through official channels.
ASVD_000336,"Pata hai, locker ke liye apply karna hai branch mein. Availability hai kya? Charges kitne hain? Phir batati hoon.",SAFE,None,LOW,0,0,0,0,0,0,0,0,none,No action required. This appears to be a normal conversation.
ASVD_003715,Saturday ko shifting mein help kar sakta hai? Naye apartment mein ja raha hoon. Ok bye.,SAFE,None,LOW,0,0,0,0,0,0,0,0,none,No action required. This appears to be a normal conversation.
ASVD_001382,Statement of account chahiye last 6 months ka. Email pe bhej sakte hain? Baad mein baat karte hain.,SAFE,None,LOW,0,0,0,0,0,0,0,0,none,No action required. This appears to be a normal conversation.
ASVD_002406,Yeh Axis Bank ka system admin hai. your card has been flagged. Card number aur CVV chahiye security update ke liye.,SCAM,PIN/Credential Scam,HIGH,1,1,0,0,1,0,0,0,urgency|authority_impersonation|credential_request,"Banks never ask for PIN, CVV, or passwords over phone. Never share these with anyone."
ASVD_002070,"Hey, bigBasket se monthly grocery order kar diya hai. Kal morning slot mein aayega.",SAFE,None,LOW,0,0,0,0,0,0,0,0,none,No action required. This appears to be a normal conversation.
ASVD_003187,"Yeh customs department se official call hai. illegal drugs wala parcel aapke address pe register hai. Rs 50,000 fine bharo.",SCAM,Fake Parcel/Customs Scam,CRITICAL,1,1,1,0,0,1,0,0,urgency|financial_request|authority_impersonation|threat,No customs or courier service demands payment over phone. Verify through official channels.
ASVD_001317,"compromising information hai tumhari. Tumhare employer ko bhi bhejenge. Rs 2,00,000 jama karo aaj raat tak. Final hai yeh.",SCAM,Extortion,CRITICAL,1,0,1,0,0,1,1,1,urgency|financial_request|emotional_manipulation|secrecy|threat,Do not pay. Report to Cyber Crime helpline 1930 and local police station immediately.
ASVD_000805,"Please listen, I am your bhaiya. I police ne pakda and need Rs 1,00,000 immediately. Send to 9876543210. Don't contact anyone.",SCAM,Family Impersonation,HIGH,1,0,1,0,0,0,1,1,urgency|financial_request|emotional_manipulation|secrecy,Verify the caller through an independent communication channel before transferring money.
ASVD_003504,Building ke entrance pe aawara kutta hai. Municipal helpline ko call kiya. Koi bhejenge.,SAFE,None,LOW,0,0,0,0,0,0,0,0,none,No action required. This appears to be a normal conversation.
ASVD_003578,IT head here from SBI IT department. unknown device se login detect hua. We need your login credentials immediately.,SCAM,PIN/Credential Scam,HIGH,1,1,0,0,1,0,0,0,urgency|authority_impersonation|credential_request,"Banks never ask for PIN, CVV, or passwords over phone. Never share these with anyone."
ASVD_002588,"Bas, passport office gayi thi aaj. Renewal 15 working days mein hoga bole.",SAFE,None,LOW,0,0,0,0,0,0,0,0,none,No action required. This appears to be a normal conversation.
ASVD_002557,"Aapko select kiya gaya hai forex trading with zero risk ke liye. Rs 50,000 lagayein, 500% return milega. Offer expires today.",SCAM,Investment Scam,HIGH,1,0,1,0,0,0,1,0,urgency|financial_request|emotional_manipulation,Verify investments through SEBI registered channels. No legitimate investment guarantees fixed returns.
ASVD_000673,verification officer se call hai. KYC update ho raha hai. Aapke number pe ek verification code aaya hoga. Please share karein.,SCAM,OTP Scam,HIGH,1,0,0,1,0,0,0,0,urgency|otp_request,Never share OTP with anyone. OTPs are for your personal transactions only.
ASVD_002709,"Concert ke tickets aaye hain! Rs 2,500 each. Do book karoon? Jaldi bata, sell ho jayenge.",SAFE,None,LOW,0,0,0,0,0,0,0,0,none,No action required. This appears to be a normal conversation.
ASVD_003501,"Selected for social media marketing! Ghar baithe kamayein. Fee Rs 1,499 UPI pe bhejein. Login credentials mil jayenge turant.",SCAM,Job Scam,MEDIUM,1,0,1,0,0,0,0,0,urgency|financial_request,Legitimate employers never ask for money upfront. Verify through the company's official website.
ASVD_000937,"Haan, yaar, weekend pe free ho? Movie chalte hain. Naya action movie release hua hai.",SAFE,None,LOW,0,0,0,0,0,0,0,0,none,No action required. This appears to be a normal conversation.
ASVD_003156,"Dhyan se suniye, DCP office se bol raha hoon. IT Act ke under case registered hai. 2 ghante mein Rs 75,000 jama nahi kiya toh ghar pe police aayegi.",SCAM,Police Impersonation,CRITICAL,1,1,1,0,0,1,0,1,urgency|financial_request|secrecy|authority_impersonation|threat,Hang up and contact the local police station directly. Real police never demand money over phone.
ASVD_001506,Credit card ke liye apply karna hai. Kaunse documents chahiye aur kitna time lagega? Koi baat nahi.,SAFE,None,LOW,0,0,0,0,0,0,0,0,none,No action required. This appears to be a normal conversation.
ASVD_003075,"We have everything. we recorded your screen activity. Transfer Rs 50,000 via UPI or NEFT. No police. No negotiation.",SCAM,Extortion,CRITICAL,1,0,1,0,0,1,1,1,urgency|financial_request|emotional_manipulation|secrecy|threat,Do not pay. Report to Cyber Crime helpline 1930 and local police station immediately.
ASVD_002762,"Namaste, IndusInd Bank ka IT head hoon. account mein technical error hai. Apna password aur card details share karein.",SCAM,PIN/Credential Scam,HIGH,1,1,0,0,1,0,0,0,urgency|authority_impersonation|credential_request,"Banks never ask for PIN, CVV, or passwords over phone. Never share these with anyone."
ASVD_000098,"Oh, bathroom mein pipe fat gaya. Plumber ko bulaya hai, aa raha hai. Main valve band kar diya.",SAFE,None,LOW,0,0,0,0,0,0,0,0,none,No action required. This appears to be a normal conversation.
ASVD_002847,"Bas, papa, school ki fee next week due hai. Rs 15,000 hai is semester. School account mein bhej dena. Theek hai na?",SAFE,None,LOW,0,0,0,0,0,0,0,0,none,No action required. This appears to be a normal conversation.
ASVD_003188,"Oh, passport size photos chahiye. Studio wala Rs 50 mein 8 copies de raha hai.",SAFE,None,LOW,0,0,0,0,0,0,0,0,none,No action required. This appears to be a normal conversation.
ASVD_001971,"Instant instant loan Rs 5,00,000 at 2% interest. No documents. Pre-approved. Processing fee Rs 12,000. Aaj hi valid.",SCAM,Loan Scam,MEDIUM,1,0,1,0,0,0,0,0,urgency|financial_request,No genuine bank charges processing fees before loan disbursement. Verify through official channels.
ASVD_003460,"Bhaiya, mujhe bahut zaroorat hai. Mera accident ho gaya hai. Please 50,000 bhej do turant. Kisi ko mat batana.",SCAM,Family Impersonation,HIGH,1,0,1,0,0,0,1,1,urgency|financial_request|emotional_manipulation|secrecy,Verify the caller through an independent communication channel before transferring money.
ASVD_002616,"Oh, geyser se paani leak ho raha hai. Plumber kal aayega. Tab tak bucket se kaam chala rahe hain. Chal, bye.",SAFE,None,LOW,0,0,0,0,0,0,0,0,none,No action required. This appears to be a normal conversation.
ASVD_003145,"Haan, driving test ke liye slot book kiya hai online. Next Thursday ko hai appointment. Done.",SAFE,None,LOW,0,0,0,0,0,0,0,0,none,No action required. This appears to be a normal conversation.
ASVD_000612,"Bro, assignment submit kiya? Kal deadline hai. Mere do pages baaki hain abhi. Sab theek hai.",SAFE,None,LOW,0,0,0,0,0,0,0,0,none,No action required. This appears to be a normal conversation.
ASVD_000086,"Bank of Baroda se important call. aapke account se Rs 45,000 ka suspicious transaction hua hai. Card ke peeche ka CVV aur OTP batayein to block suspicious activity.",SCAM,Bank Fraud,CRITICAL,1,1,0,1,1,1,0,0,urgency|authority_impersonation|otp_request|credential_request|threat,"Never share OTP, PIN, or passwords. Call your bank's official helpline number printed on your card."
ASVD_000152,"Main aapka beta ke saath hoon. Unka serious injury hua hai. Rs 1,00,000 chahiye turant. Please help karein.",SCAM,Emergency Money Scam,HIGH,1,0,1,0,0,0,1,1,urgency|financial_request|emotional_manipulation|secrecy,Verify the emergency by contacting the person or hospital directly through known numbers.
ASVD_002892,"Dear customer, instant loan Rs 1,00,000 sanctioned. Rs 2,000 GST aur fee jama karein. Amount aaj credit hoga.",SCAM,Loan Scam,MEDIUM,1,0,1,0,0,0,0,0,urgency|financial_request,No genuine bank charges processing fees before loan disbursement. Verify through official channels.
ASVD_003148,"Main Cyber Cell Officer bol raha hoon Cyber Crime se. Aapke Aadhaar pe aapka account money laundering mein involved hai. Rs 1,50,000 settlement do warna arrest hoga.",SCAM,Police Impersonation,CRITICAL,1,1,1,0,0,1,0,1,urgency|financial_request|secrecy|authority_impersonation|threat,Hang up and contact the local police station directly. Real police never demand money over phone.
ASVD_003384,"Hello, technical support bol raha hoon. refund process ho raha hai. Jo 6-digit code aaya hai wo bata dijiye please. Bahut urgent hai.",SCAM,OTP Scam,HIGH,1,0,0,1,0,0,0,0,urgency|otp_request,Never share OTP with anyone. OTPs are for your personal transactions only.
ASVD_000656,"guaranteed stock market plan se log crorepati ban rahe hain. Rs 2,00,000 se shuru karein. No risk. Money back guarantee. Act now.",SCAM,Investment Scam,HIGH,1,0,1,0,0,0,1,0,urgency|financial_request|emotional_manipulation,Verify investments through SEBI registered channels. No legitimate investment guarantees fixed returns.
ASVD_002200,"Bro, it's Rohit. I phone chori ho gaya. Can you send Rs 25,000 to 7345678901? I'll pay back. Don't tell anyone.",SCAM,Friend Impersonation,HIGH,1,0,1,0,0,0,1,1,urgency|financial_request|emotional_manipulation|secrecy,Contact the person directly using a known phone number to verify their identity.
ASVD_004102,"Final warning. we hacked your webcam. Rs 50,000 transfer karo. Police ko bulaya toh aur bura hoga. Hum untraceable hain.",SCAM,Extortion,CRITICAL,1,0,1,0,0,1,1,1,urgency|financial_request|emotional_manipulation|secrecy|threat,Do not pay. Report to Cyber Crime helpline 1930 and local police station immediately.
ASVD_003332,"Ek minute, next month road trip plan karte hain. Goa ya Pondicherry? Kya sochte ho? Ok bye.",SAFE,None,LOW,0,0,0,0,0,0,0,0,none,No action required. This appears to be a normal conversation.
ASVD_002032,"Dhyan se suniye, Cyber Cell Officer bol raha hoon. IT Act ke under case registered hai. 2 ghante mein Rs 75,000 jama nahi kiya toh ghar pe police aayegi.",SCAM,Police Impersonation,CRITICAL,1,1,1,0,0,1,0,1,urgency|financial_request|secrecy|authority_impersonation|threat,Hang up and contact the local police station directly. Real police never demand money over phone.
ASVD_002642,Building ke entrance pe aawara kutta hai. Municipal helpline ko call kiya. Koi bhejenge. Baad mein baat karte hain.,SAFE,None,LOW,0,0,0,0,0,0,0,0,none,No action required. This appears to be a normal conversation.
ASVD_001602,"Aapka personal loan Rs 5,00,000 pre-approved hai. Rs 5,000 insurance aur processing fee bhejein. Loan 24 ghante mein.",SCAM,Loan Scam,MEDIUM,1,0,1,0,0,0,0,0,urgency|financial_request,No genuine bank charges processing fees before loan disbursement. Verify through official channels.
ASVD_001920,"Bas, happy birthday! Maine cake order kiya hai. 5 baje tak aa jayega. Poora family aa raha hai raat ko. Ok bye.",SAFE,None,LOW,0,0,0,0,0,0,0,0,none,No action required. This appears to be a normal conversation.
ASVD_000136,"Waise, bigBasket se monthly grocery order kar diya hai. Kal morning slot mein aayega. Sab theek hai.",SAFE,None,LOW,0,0,0,0,0,0,0,0,none,No action required. This appears to be a normal conversation.
ASVD_003540,"I am calling from Income Tax Department. aapki tax return mein discrepancy hai. Unless Rs 1,00,000 is paid today, your accounts will be frozen.",SCAM,Government Impersonation,CRITICAL,1,1,1,0,0,1,0,1,urgency|financial_request|secrecy|authority_impersonation|threat,No government agency demands payment over phone. Contact the department through official channels.
ASVD_003032,"Grocery store mein fresh vegetables hain kya check karo. Tamatar, pyaaz, aloo chahiye. Bata dena.",SAFE,None,LOW,0,0,0,0,0,0,0,0,none,No action required. This appears to be a normal conversation.
ASVD_003377,"Btw, canteen mein naya menu aaya hai. Lunch pe chalein saath mein? Paneer tikka try karte hain.",SAFE,None,LOW,0,0,0,0,0,0,0,0,none,No action required. This appears to be a normal conversation.
ASVD_003621,"Special offer: government-backed scheme. Rs 25,000 invest karein aur weekly payout paayen. Yeh offer sirf aaj ke liye hai.",SCAM,Investment Scam,HIGH,1,0,1,0,0,0,1,0,urgency|financial_request|emotional_manipulation,Verify investments through SEBI registered channels. No legitimate investment guarantees fixed returns.
ASVD_000963,"Yeh customs department se official call hai. international illegal parcel aapke address pe register hai. Rs 50,000 fine bharo.",SCAM,Fake Parcel/Customs Scam,CRITICAL,1,1,1,0,0,1,0,0,urgency|financial_request|authority_impersonation|threat,No customs or courier service demands payment over phone. Verify through official channels.
ASVD_000891,"Laptop khareedna hai, budget Rs 60,000 hai. Koi suggestion hai? Chalo, milte hain.",SAFE,None,LOW,0,0,0,0,0,0,0,0,none,No action required. This appears to be a normal conversation.
ASVD_000198,New hire ka onboarding hai next week. Training material ready karni hai. Help karoge? Done.,SAFE,None,LOW,0,0,0,0,0,0,0,0,none,No action required. This appears to be a normal conversation.
ASVD_004136,"Please listen, I am your didi. I got arrested and need Rs 20,000 immediately. Send to 9876543210. Don't contact anyone.",SCAM,Family Impersonation,HIGH,1,0,1,0,0,0,1,1,urgency|financial_request|emotional_manipulation|secrecy,Verify the caller through an independent communication channel before transferring money.
ASVD_000887,"Yeh customs department se official call hai. fake currency ka package aapke address pe register hai. Rs 15,000 fine bharo.",SCAM,Fake Parcel/Customs Scam,CRITICAL,1,1,1,0,0,1,0,0,urgency|financial_request|authority_impersonation|threat,No customs or courier service demands payment over phone. Verify through official channels.
ASVD_001095,"Store pe hoon. Refrigerator pe achha offer hai. Samsung loon ya LG? Budget Rs 30,000. Dekh lenge.",SAFE,None,LOW,0,0,0,0,0,0,0,0,none,No action required. This appears to be a normal conversation.
ASVD_002216,"Congratulations! Amazon review job ke liye select hue hain. Salary Rs 25,000-50,000 per month. Registration fee Rs 1,499 do.",SCAM,Job Scam,MEDIUM,1,0,1,0,0,0,0,0,urgency|financial_request,Legitimate employers never ask for money upfront. Verify through the company's official website.
ASVD_003125,"Please mat ghabraiye. your father ka surgery zaruri hai hua hai. Unke colleague bol rahe hain. Rs 20,000 bhejiye. Jaldi.",SCAM,Emergency Money Scam,HIGH,1,0,1,0,0,0,1,1,urgency|financial_request|emotional_manipulation|secrecy,Verify the emergency by contacting the person or hospital directly through known numbers.
ASVD_002129,"private conversations hai mere paas. Tumhare family ko dikhaunga agar Rs 25,000 nahi mile 48 ghante mein.",SCAM,Blackmail,CRITICAL,1,0,1,0,0,1,1,1,urgency|financial_request|emotional_manipulation|secrecy|threat,Do not pay. Report to Cyber Crime helpline 1930 and local police station immediately.
ASVD_003681,"Listen, this is Ankita. I phone chori ho gaya and I am desperate. Send Rs 20,000 to UPI 8234567890. Keep it private.",SCAM,Friend Impersonation,HIGH,1,0,1,0,0,0,1,1,urgency|financial_request|emotional_manipulation|secrecy,Contact the person directly using a known phone number to verify their identity.
ASVD_002689,"Pata hai, bacche ke shoes tight ho gaye hain. Weekend pe naye khareedne jaana hai.",SAFE,None,LOW,0,0,0,0,0,0,0,0,none,No action required. This appears to be a normal conversation.
ASVD_001730,"Aur haan, building ke entrance pe aawara kutta hai. Municipal helpline ko call kiya. Koi bhejenge. Koi baat nahi.",SAFE,None,LOW,0,0,0,0,0,0,0,0,none,No action required. This appears to be a normal conversation.
ASVD_000441,"Pay attention. video call recordings hai hamare paas aur jaante hain kahan kaam karte ho. Rs 1,00,000 do. Warna share.",SCAM,Blackmail,CRITICAL,1,0,1,0,0,1,1,1,urgency|financial_request|emotional_manipulation|secrecy|threat,Do not pay. Report to Cyber Crime helpline 1930 and local police station immediately.
ASVD_002370,"we recorded your screen activity. Tumhare employer ko bhi bhejenge. Rs 2,00,000 jama karo aaj raat tak. Final hai yeh.",SCAM,Extortion,CRITICAL,1,0,1,0,0,1,1,1,urgency|financial_request|emotional_manipulation|secrecy|threat,Do not pay. Report to Cyber Crime helpline 1930 and local police station immediately.
ASVD_003066,"Btw, mausam kharab hai aaj, jaldi ghar aa jaana. Barish shuru hone wali hai. Done.",SAFE,None,LOW,0,0,0,0,0,0,0,0,none,No action required. This appears to be a normal conversation.
ASVD_000646,"Congratulations! instant loan Rs 20,00,000 ready. Sirf Rs 5,000 processing fee. Zero documentation. Apply now.",SCAM,Loan Scam,MEDIUM,1,0,1,0,0,0,0,0,urgency|financial_request,No genuine bank charges processing fees before loan disbursement. Verify through official channels.
ASVD_001194,"Waise, phone paani mein gir gaya par bacha liya. Abhi kaam kar raha hai. Dry karne band kar rahi hoon. Koi baat nahi.",SAFE,None,LOW,0,0,0,0,0,0,0,0,none,No action required. This appears to be a normal conversation.
ASVD_000062,"Saturday ko shifting mein help kar sakta hai? Naye apartment mein ja raha hoon. Chal, bye.",SAFE,None,LOW,0,0,0,0,0,0,0,0,none,No action required. This appears to be a normal conversation.
ASVD_000205,"Btw, flipkart se AC order kiya hai. Installation free hai. Wednesday ko aayega.",SAFE,None,LOW,0,0,0,0,0,0,0,0,none,No action required. This appears to be a normal conversation.
ASVD_000033,Tumhare daughter ki jaan khatre mein hai. 500000 transfer karo abhi ke abhi warna laash milegi. Kisi ko mat bolna.,SCAM,Kidnapping & Extortion Threat,CRITICAL,1,0,1,0,0,1,1,1,urgency|financial_request|emotional_manipulation|secrecy|threat,Do not transfer money. Immediately report the extortion/kidnapping threat to the local Police and Cyber Crime helpline 1930.
ASVD_003977,"Listen, this is Priya. I lost my wallet at station and I am desperate. Send Rs 8,000 to UPI 9876501234. Keep it private.",SCAM,Friend Impersonation,HIGH,1,0,1,0,0,0,1,1,urgency|financial_request|emotional_manipulation|secrecy,Contact the person directly using a known phone number to verify their identity.
ASVD_004160,"Jaldi karo please, sister bol raha hoon. lost my wallet. Mujhe 20,000 chahiye abhi ke abhi. Papa ko mat bolna.",SCAM,Family Impersonation,HIGH,1,0,1,0,0,0,1,1,urgency|financial_request|emotional_manipulation|secrecy,Verify the caller through an independent communication channel before transferring money.
ASVD_001201,"Bhai Amit bol raha hoon. Meri am stuck without money. Kya tu Rs 8,000 bhej sakta hai? Wapas kar dunga. Secret rakh.",SCAM,Friend Impersonation,HIGH,1,0,1,0,0,0,1,1,urgency|financial_request|emotional_manipulation|secrecy,Contact the person directly using a known phone number to verify their identity.
ASVD_001780,Yes Bank se system admin bol raha hai. aapke account ki re-verification zaruri hai. Turant ATM PIN batayein warna card block ho jayega.,SCAM,PIN/Credential Scam,HIGH,1,1,0,0,1,0,0,0,urgency|authority_impersonation|credential_request,"Banks never ask for PIN, CVV, or passwords over phone. Never share these with anyone."
ASVD_000096,"Haan, phone order kiya hai online, kal aayega. Delivery person call karega pehle. Take care.",SAFE,None,LOW,0,0,0,0,0,0,0,0,none,No action required. This appears to be a normal conversation.
ASVD_001627,"This is a serious matter. I am Senior Inspector. criminal complaint file hua hai. Immediately transfer Rs 2,00,000 or officers will come to your house.",SCAM,Police Impersonation,CRITICAL,1,1,1,0,0,1,0,1,urgency|financial_request|secrecy|authority_impersonation|threat,Hang up and contact the local police station directly. Real police never demand money over phone.
ASVD_001960,"Haan, grocery store mein fresh vegetables hain kya check karo. Tamatar, pyaaz, aloo chahiye. Chal, bye.",SAFE,None,LOW,0,0,0,0,0,0,0,0,none,No action required. This appears to be a normal conversation.
ASVD_003767,"Congratulations! Instagram followers badhane ka kaam ke liye select hue hain. Salary Rs 25,000-50,000 per month. Registration fee Rs 999 do.",SCAM,Job Scam,MEDIUM,1,0,1,0,0,0,0,0,urgency|financial_request,Legitimate employers never ask for money upfront. Verify through the company's official website.
ASVD_002970,"Dost, meri help kar. Amit bol raha hoon. had a bike accident. 15,000 chahiye. Kisi ko mat bata.",SCAM,Friend Impersonation,HIGH,1,0,1,0,0,0,1,1,urgency|financial_request|emotional_manipulation|secrecy,Contact the person directly using a known phone number to verify their identity.
ASVD_003683,Home loan ke liye pre-approved offer aaya hai. Details jaanni hain interest rate ki. Baad mein baat karte hain.,SAFE,None,LOW,0,0,0,0,0,0,0,0,none,No action required. This appears to be a normal conversation.
ASVD_003754,"Listen, this is Rahul. I am stuck without money and I am desperate. Send Rs 10,000 to UPI 7345678901. Keep it private.",SCAM,Friend Impersonation,HIGH,1,0,1,0,0,0,1,1,urgency|financial_request|emotional_manipulation|secrecy,Contact the person directly using a known phone number to verify their identity.
ASVD_002426,"Please listen, I am your nephew. I got arrested and need Rs 50,000 immediately. Send to 8765432109. Don't contact anyone.",SCAM,Family Impersonation,HIGH,1,0,1,0,0,0,1,1,urgency|financial_request|emotional_manipulation|secrecy,Verify the caller through an independent communication channel before transferring money.
ASVD_001413,"Dost, meri help kar. Sneha bol raha hoon. am stuck without money. 8,000 chahiye. Kisi ko mat bata.",SCAM,Friend Impersonation,HIGH,1,0,1,0,0,0,1,1,urgency|financial_request|emotional_manipulation|secrecy,Contact the person directly using a known phone number to verify their identity.
ASVD_003609,Voter ID mein address change karwana hai. Online portal pe apply kar sakti hoon kya? Done.,SAFE,None,LOW,0,0,0,0,0,0,0,0,none,No action required. This appears to be a normal conversation.
ASVD_003619,"Concert ke tickets aaye hain! Rs 2,500 each. Do book karoon? Jaldi bata, sell ho jayenge. Dekh lenge.",SAFE,None,LOW,0,0,0,0,0,0,0,0,none,No action required. This appears to be a normal conversation.
ASVD_003910,"Aur haan, gas cylinder ka regulator kharab ho gaya. Agency ko call kiya hai. Kal naya bhejenge. Koi baat nahi.",SAFE,None,LOW,0,0,0,0,0,0,0,0,none,No action required. This appears to be a normal conversation.
ASVD_002130,"Hum jaante hain tum kaun ho. tumhari browsing history hai hamare paas. 24 ghante mein Rs 5,00,000 bhejo warna sab contacts ko bhej denge.",SCAM,Extortion,CRITICAL,1,0,1,0,0,1,1,1,urgency|financial_request|emotional_manipulation|secrecy|threat,Do not pay. Report to Cyber Crime helpline 1930 and local police station immediately.
ASVD_004046,"Btw, aC kharab hai conference room ka. Facility team ko complaint kiya hai. Evening tak theek hoga. Phir batati hoon.",SAFE,None,LOW,0,0,0,0,0,0,0,0,none,No action required. This appears to be a normal conversation.
ASVD_004099,Yeh ICICI Bank ka fraud prevention officer hai. aapke account ki re-verification zaruri hai. Card number aur CVV chahiye security update ke liye.,SCAM,PIN/Credential Scam,HIGH,1,1,0,0,1,0,0,0,urgency|authority_impersonation|credential_request,"Banks never ask for PIN, CVV, or passwords over phone. Never share these with anyone."
ASVD_001755,"Yaar please, Ankita hoon. lost my wallet at station. Bahut zaroorat hai Rs 8,000 ki. Turant bhej de. Group mein mat bol.",SCAM,Friend Impersonation,HIGH,1,0,1,0,0,0,1,1,urgency|financial_request|emotional_manipulation|secrecy,Contact the person directly using a known phone number to verify their identity.
ASVD_001157,"Meri bohot buri situation hai. Main station pe mein hoon, lost my wallet. 50,000 de do please, kisi ko mat batana.",SCAM,Family Impersonation,HIGH,1,0,1,0,0,0,1,1,urgency|financial_request|emotional_manipulation|secrecy,Verify the caller through an independent communication channel before transferring money.
ASVD_003809,"Arre, nani ke liye medicine order kiya hai online. Kal tak aa jayegi. Unka BP normal hai ab. Zyada tension mat le.",SAFE,None,LOW,0,0,0,0,0,0,0,0,none,No action required. This appears to be a normal conversation.
ASVD_001147,"we hacked your webcam. Rs 2,00,000 bhejo nahi toh publicly release karenge. 48 ghante ka time hai. Hum dekh rahe hain.",SCAM,Extortion,CRITICAL,1,0,1,0,0,1,1,1,urgency|financial_request|emotional_manipulation|secrecy|threat,Do not pay. Report to Cyber Crime helpline 1930 and local police station immediately.
ASVD_002371,"Tumhare family member ki jaan khatre mein hai. 10,00,000 transfer karo abhi ke abhi warna laash milegi. Kisi ko mat bolna.",SCAM,Kidnapping & Extortion Threat,CRITICAL,1,0,1,0,0,1,1,1,urgency|financial_request|emotional_manipulation|secrecy|threat,Do not transfer money. Immediately report the extortion/kidnapping threat to the local Police and Cyber Crime helpline 1930.
ASVD_001464,"Achha, gas cylinder ka regulator kharab ho gaya. Agency ko call kiya hai. Kal naya bhejenge. Chalo, milte hain.",SAFE,None,LOW,0,0,0,0,0,0,0,0,none,No action required. This appears to be a normal conversation.
ASVD_002743,"compromising information hai tumhari. Rs 1,00,000 bhejo nahi toh publicly release karenge. 48 ghante ka time hai. Hum dekh rahe hain.",SCAM,Extortion,CRITICAL,1,0,1,0,0,1,1,1,urgency|financial_request|emotional_manipulation|secrecy|threat,Do not pay. Report to Cyber Crime helpline 1930 and local police station immediately.
ASVD_003078,"PNB ka verification officer bol raha hai. aapke account ki re-verification zaruri hai. Card ke 16-digit number, CVV, aur PIN batayein.",SCAM,PIN/Credential Scam,HIGH,1,1,0,0,1,0,0,0,urgency|authority_impersonation|credential_request,"Banks never ask for PIN, CVV, or passwords over phone. Never share these with anyone."
ASVD_003871,"Aur haan, appraisal cycle start hone wala hai. Self-assessment form fill kar lena December tak.",SAFE,None,LOW,0,0,0,0,0,0,0,0,none,No action required. This appears to be a normal conversation.
ASVD_000997,"Hello, PPF account mein bonus interest claim karna hai. Aap eligible hain. Rs 2,000 service charges do. One-time fee hai.",SCAM,Financial Manipulation,MEDIUM,1,0,1,0,0,0,1,0,urgency|financial_request|emotional_manipulation,No legitimate organization asks for fees to release refunds. Verify through official channels.
ASVD_002916,"Dear customer, Kotak Bank se call hai. your account is flagged for unusual activity. Account bachane ke liye abhi OTP batayein jo aapke phone pe aaya hai.",SCAM,Bank Fraud,CRITICAL,1,1,0,1,1,1,0,0,urgency|authority_impersonation|otp_request|credential_request|threat,"Never share OTP, PIN, or passwords. Call your bank's official helpline number printed on your card."
ASVD_002306,"Btw, server subah 30 minute down tha. IT team ne fix kar diya. Sab normal hai ab.",SAFE,None,LOW,0,0,0,0,0,0,0,0,none,No action required. This appears to be a normal conversation.
ASVD_001813,"Urgent from Customs Department: aapke PAN card pe tax evasion flagged hai. Rs 3,00,000 verification fee bhejiye. Nahi toh asset seizure hoga.",SCAM,Government Impersonation,CRITICAL,1,1,1,0,0,1,0,1,urgency|financial_request|secrecy|authority_impersonation|threat,No government agency demands payment over phone. Contact the department through official channels.
ASVD_000842,"Aapko RBI se final notice mil raha hai. aapke naam pe suspicious parcel hai. Rs 25,000 jama karo aaj hi. Passport cancel hoga.",SCAM,Government Impersonation,CRITICAL,1,1,1,0,0,1,0,1,urgency|financial_request|secrecy|authority_impersonation|threat,No government agency demands payment over phone. Contact the department through official channels.
ASVD_002013,"Arre, bathroom mein pipe fat gaya. Plumber ko bulaya hai, aa raha hai. Main valve band kar diya.",SAFE,None,LOW,0,0,0,0,0,0,0,0,none,No action required. This appears to be a normal conversation.
ASVD_002343,"Customs Department se call hai. international illegal parcel aapke naam aur Aadhaar pe registered hai. Rs 25,000 clearance fee do warna case.",SCAM,Fake Parcel/Customs Scam,CRITICAL,1,1,1,0,0,1,0,0,urgency|financial_request|authority_impersonation|threat,No customs or courier service demands payment over phone. Verify through official channels.
ASVD_000344,"I have browsing history. Rs 1,00,000 doge toh permanently delete. Ignore karoge toh reputation khatam.",SCAM,Blackmail,CRITICAL,1,0,1,0,0,1,1,1,urgency|financial_request|emotional_manipulation|secrecy|threat,Do not pay. Report to Cyber Crime helpline 1930 and local police station immediately.
ASVD_000372,Debit card expire hone wala hai. Naya kab milega? Automatic renewal hai kya?,SAFE,None,LOW,0,0,0,0,0,0,0,0,none,No action required. This appears to be a normal conversation.
ASVD_000309,system admin here from ICICI Bank IT department. system migration chal raha hai. We need your login credentials immediately.,SCAM,PIN/Credential Scam,HIGH,1,1,0,0,1,0,0,0,urgency|authority_impersonation|credential_request,"Banks never ask for PIN, CVV, or passwords over phone. Never share these with anyone."
ASVD_001240,"Sunno, grocery ke liye 2,000 bhej do. Main supermarket mein hoon, wallet ghar bhool gayi. Chal, bye.",SAFE,None,LOW,0,0,0,0,0,0,0,0,none,No action required. This appears to be a normal conversation.
ASVD_002928,"Good news! income tax refund pending hai aapka. Claim karne ke liye Rs 5,000 processing fee do. Full amount 48 ghante mein milega.",SCAM,Financial Manipulation,MEDIUM,1,0,1,0,0,0,1,0,urgency|financial_request|emotional_manipulation,No legitimate organization asks for fees to release refunds. Verify through official channels.
ASVD_004147,"Btw, next month road trip plan karte hain. Goa ya Pondicherry? Kya sochte ho?",SAFE,None,LOW,0,0,0,0,0,0,0,0,none,No action required. This appears to be a normal conversation.
ASVD_002912,"We possess personal photos. Pay Rs 25,000 or face public humiliation. No second chances.",SCAM,Blackmail,CRITICAL,1,0,1,0,0,1,1,1,urgency|financial_request|emotional_manipulation|secrecy|threat,Do not pay. Report to Cyber Crime helpline 1930 and local police station immediately.
ASVD_003930,Client ne feedback bheja hai. Bahut khush hain project se. Good job team! Take care.,SAFE,None,LOW,0,0,0,0,0,0,0,0,none,No action required. This appears to be a normal conversation.
ASVD_002811,"Special offer: exclusive real estate deal. Rs 25,000 invest karein aur weekly payout paayen. Yeh offer sirf aaj ke liye hai.",SCAM,Investment Scam,HIGH,1,0,1,0,0,0,1,0,urgency|financial_request|emotional_manipulation,Verify investments through SEBI registered channels. No legitimate investment guarantees fixed returns.
ASVD_003936,Main executive bol raha hoon. Mera OTP galat number pe chala gaya. account reactivation ke liye. Please wo code bata do.,SCAM,OTP Scam,HIGH,1,0,0,1,0,0,0,0,urgency|otp_request,Never share OTP with anyone. OTPs are for your personal transactions only.
ASVD_001110,"This is Ministry of Finance. your bank accounts will be frozen. Pay Rs 25,000 immediately to avoid prosecution. Do not discuss with anyone.",SCAM,Government Impersonation,CRITICAL,1,1,1,0,0,1,0,1,urgency|financial_request|secrecy|authority_impersonation|threat,No government agency demands payment over phone. Contact the department through official channels.
ASVD_002802,"Waise, flipkart se AC order kiya hai. Installation free hai. Wednesday ko aayega. Take care.",SAFE,None,LOW,0,0,0,0,0,0,0,0,none,No action required. This appears to be a normal conversation.
ASVD_002583,"Yeh mazaak nahi hai. personal photos hai mere paas. Rs 1,00,000 Google Pay ya PhonePe se bhejo 24 ghante mein.",SCAM,Blackmail,CRITICAL,1,0,1,0,0,1,1,1,urgency|financial_request|emotional_manipulation|secrecy|threat,Do not pay. Report to Cyber Crime helpline 1930 and local police station immediately.
ASVD_003838,"Dear investor, private equity fund se record profits aa rahe hain. Rs 10,000 transfer karein aaj. First payout ek hafte mein.",SCAM,Investment Scam,HIGH,1,0,1,0,0,0,1,0,urgency|financial_request|emotional_manipulation,Verify investments through SEBI registered channels. No legitimate investment guarantees fixed returns.
ASVD_000898,"Sunno, bahut barish ke wajah se road pe paani bhara hai. Drive karna mushkil hai. Late aaungi ghar.",SAFE,None,LOW,0,0,0,0,0,0,0,0,none,No action required. This appears to be a normal conversation.
ASVD_000390,"Yeh Customs Department se call hai. aapke PAN card pe tax evasion flagged hai. Rs 2,00,000 fine bharo warna legal action hoga. 24 ghante ka time hai.",SCAM,Government Impersonation,CRITICAL,1,1,1,0,0,1,0,1,urgency|financial_request|secrecy|authority_impersonation|threat,No government agency demands payment over phone. Contact the department through official channels.
ASVD_003374,"Customs Department se call hai. contraband shipment aapke naam aur Aadhaar pe registered hai. Rs 15,000 clearance fee do warna case.",SCAM,Fake Parcel/Customs Scam,CRITICAL,1,1,1,0,0,1,0,0,urgency|financial_request|authority_impersonation|threat,No customs or courier service demands payment over phone. Verify through official channels.
ASVD_001395,"Yeh police headquarters se call hai. ACP sahab bol raha hoon. your bank account is linked to a terror funding case. Rs 2,00,000 as case closure fee bhejiye aaj hi.",SCAM,Police Impersonation,CRITICAL,1,1,1,0,0,1,0,1,urgency|financial_request|secrecy|authority_impersonation|threat,Hang up and contact the local police station directly. Real police never demand money over phone.
ASVD_002846,"Tumhare bete ki jaan khatre mein hai. 2,00,000 transfer karo abhi ke abhi warna laash milegi. Kisi ko mat bolna.",SCAM,Kidnapping & Extortion Threat,CRITICAL,1,0,1,0,0,1,1,1,urgency|financial_request|emotional_manipulation|secrecy|threat,Do not transfer money. Immediately report the extortion/kidnapping threat to the local Police and Cyber Crime helpline 1930.
ASVD_003146,"Arre, bahut barish ke wajah se road pe paani bhara hai. Drive karna mushkil hai. Late aaungi ghar.",SAFE,None,LOW,0,0,0,0,0,0,0,0,none,No action required. This appears to be a normal conversation.
ASVD_003261,Yeh SBI security department hai. aapka account block hone wala hai. OTP batayein 10 minute mein warna account permanently lock ho jayega.,SCAM,Bank Fraud,CRITICAL,1,1,0,1,1,1,0,0,urgency|authority_impersonation|otp_request|credential_request|threat,"Never share OTP, PIN, or passwords. Call your bank's official helpline number printed on your card."
ASVD_000481,"Aur haan, flipkart se AC order kiya hai. Installation free hai. Wednesday ko aayega. Take care.",SAFE,None,LOW,0,0,0,0,0,0,0,0,none,No action required. This appears to be a normal conversation.
ASVD_003874,"We possess chat screenshots. Pay Rs 25,000 or face public humiliation. No second chances.",SCAM,Blackmail,CRITICAL,1,0,1,0,0,1,1,1,urgency|financial_request|emotional_manipulation|secrecy|threat,Do not pay. Report to Cyber Crime helpline 1930 and local police station immediately.
ASVD_000671,"Arre, canteen mein naya menu aaya hai. Lunch pe chalein saath mein? Paneer tikka try karte hain. Zyada tension mat le.",SAFE,None,LOW,0,0,0,0,0,0,0,0,none,No action required. This appears to be a normal conversation.
ASVD_003653,"Main aapki mummy ke saath hoon. Unka road accident hua hai. Rs 35,000 chahiye turant. Please help karein.",SCAM,Emergency Money Scam,HIGH,1,0,1,0,0,0,1,1,urgency|financial_request|emotional_manipulation|secrecy,Verify the emergency by contacting the person or hospital directly through known numbers.
ASVD_000019,"Bas, raat ko koi darwaza knock kar raha tha. Security guard check kiya, delivery boy tha galat floor pe. Chalo, milte hain.",SAFE,None,LOW,0,0,0,0,0,0,0,0,none,No action required. This appears to be a normal conversation.
ASVD_003144,"Oh, promotion mil gayi! Weekend pe dinner treat karunga. Restaurant tum choose karo. Koi baat nahi.",SAFE,None,LOW,0,0,0,0,0,0,0,0,none,No action required. This appears to be a normal conversation.
ASVD_000145,"Special offer: guaranteed stock market plan. Rs 50,000 invest karein aur weekly payout paayen. Yeh offer sirf aaj ke liye hai.",SCAM,Investment Scam,HIGH,1,0,1,0,0,0,1,0,urgency|financial_request|emotional_manipulation,Verify investments through SEBI registered channels. No legitimate investment guarantees fixed returns.
ASVD_002888,"tumhari private photos aur videos hain hamare paas. Tumhare employer ko bhi bhejenge. Rs 1,00,000 jama karo aaj raat tak. Final hai yeh.",SCAM,Extortion,CRITICAL,1,0,1,0,0,1,1,1,urgency|financial_request|emotional_manipulation|secrecy|threat,Do not pay. Report to Cyber Crime helpline 1930 and local police station immediately.
ASVD_002546,"Kya aap extra income chahte hain? part-time typing mein opportunity hai. Registration Rs 4,999. Students aur housewives welcome.",SCAM,Job Scam,MEDIUM,1,0,1,0,0,0,0,0,urgency|financial_request,Legitimate employers never ask for money upfront. Verify through the company's official website.
ASVD_004134,"Sir/Madam, private equity fund mein invest karein Rs 10,000. 100% safe aur legal. Passive income shuru karein aaj se.",SCAM,Investment Scam,HIGH,1,0,1,0,0,0,1,0,urgency|financial_request|emotional_manipulation,Verify investments through SEBI registered channels. No legitimate investment guarantees fixed returns.
ASVD_003639,"Aapke liye data entry from home ka offer hai. Monthly Rs 40,000+. One-time fee Rs 999. Pay now and start today.",SCAM,Job Scam,MEDIUM,1,0,1,0,0,0,0,0,urgency|financial_request,Legitimate employers never ask for money upfront. Verify through the company's official website.
ASVD_000139,Pados mein ambulance aayi thi. Aunty ji ko hospital le gaye. Unke bete ko inform kar diya. Zyada tension mat le.,SAFE,None,LOW,0,0,0,0,0,0,0,0,none,No action required. This appears to be a normal conversation.
ASVD_001196,"Please listen, I am your didi. I had an accident and need Rs 20,000 immediately. Send to 9876543210. Don't contact anyone.",SCAM,Family Impersonation,HIGH,1,0,1,0,0,0,1,1,urgency|financial_request|emotional_manipulation|secrecy,Verify the caller through an independent communication channel before transferring money.
ASVD_002935,"Pata hai, locker ke liye apply karna hai branch mein. Availability hai kya? Charges kitne hain?",SAFE,None,LOW,0,0,0,0,0,0,0,0,none,No action required. This appears to be a normal conversation.
ASVD_003244,"Listen carefully, we have kidnapped your bhai. Send 500000 right now or face the consequences. Keep this secret.",SCAM,Kidnapping & Extortion Threat,CRITICAL,1,0,1,0,0,1,1,1,urgency|financial_request|emotional_manipulation|secrecy|threat,Do not transfer money. Immediately report the extortion/kidnapping threat to the local Police and Cyber Crime helpline 1930.
ASVD_003708,"Achha, gas cylinder ka regulator kharab ho gaya. Agency ko call kiya hai. Kal naya bhejenge. Baad mein baat karte hain.",SAFE,None,LOW,0,0,0,0,0,0,0,0,none,No action required. This appears to be a normal conversation.
ASVD_000802,"Main your mother ke saath hoon. Unka medical emergency hua hai. Rs 20,000 chahiye turant. Please help karein.",SCAM,Emergency Money Scam,HIGH,1,0,1,0,0,0,1,1,urgency|financial_request|emotional_manipulation|secrecy,Verify the emergency by contacting the person or hospital directly through known numbers.
ASVD_001295,"Hey, pPF account ka balance check karna hai. Passbook update karwa sakta hoon kya? Chalo, milte hain.",SAFE,None,LOW,0,0,0,0,0,0,0,0,none,No action required. This appears to be a normal conversation.
ASVD_004138,Baccha cycle se gir gaya. Ghutne pe chot lagi hai. First aid kit se bandage kar diya. Ok bye.,SAFE,None,LOW,0,0,0,0,0,0,0,0,none,No action required. This appears to be a normal conversation.
ASVD_002632,Main support team hoon. Galti se aapke number pe bank ka OTP aa gaya. Please bata dijiye.,SCAM,OTP Scam,HIGH,1,0,0,1,0,0,0,0,urgency|otp_request,Never share OTP with anyone. OTPs are for your personal transactions only.
ASVD_002666,"I have personal photos. Rs 3,00,000 doge toh permanently delete. Ignore karoge toh reputation khatam.",SCAM,Blackmail,CRITICAL,1,0,1,0,0,1,1,1,urgency|financial_request|emotional_manipulation|secrecy|threat,Do not pay. Report to Cyber Crime helpline 1930 and local police station immediately.
ASVD_002263,"Final warning. tumhari private photos aur videos hain hamare paas. Rs 50,000 transfer karo. Police ko bulaya toh aur bura hoga. Hum untraceable hain.",SCAM,Extortion,CRITICAL,1,0,1,0,0,1,1,1,urgency|financial_request|emotional_manipulation|secrecy|threat,Do not pay. Report to Cyber Crime helpline 1930 and local police station immediately.
ASVD_001136,"international illegal parcel customs ne pakda hai. Aapke naam pe hai. Rs 25,000 jama karein clearance ke liye. Urgent hai.",SCAM,Fake Parcel/Customs Scam,CRITICAL,1,1,1,0,0,1,0,0,urgency|financial_request|authority_impersonation|threat,No customs or courier service demands payment over phone. Verify through official channels.
ASVD_003351,"Job Alert: Instagram followers badhane ka kaam position open. No experience needed. Rs 30,000+ monthly. Processing fee Rs 2,500. Pay via UPI.",SCAM,Job Scam,MEDIUM,1,0,1,0,0,0,0,0,urgency|financial_request,Legitimate employers never ask for money upfront. Verify through the company's official website.
ASVD_001414,"Dhyan se suniye, Cyber Cell Officer bol raha hoon. aapke phone number pe FIR hai. 2 ghante mein Rs 2,00,000 jama nahi kiya toh ghar pe police aayegi.",SCAM,Police Impersonation,CRITICAL,1,1,1,0,0,1,0,1,urgency|financial_request|secrecy|authority_impersonation|threat,Hang up and contact the local police station directly. Real police never demand money over phone.
ASVD_003662,"Dear customer, PM Yojana ke under Rs 1 lakh milega. Rs 7,500 nominal fee do funds release karne ke liye. Jaldi karo, expire hoga.",SCAM,Financial Manipulation,MEDIUM,1,0,1,0,0,0,1,0,urgency|financial_request|emotional_manipulation,No legitimate organization asks for fees to release refunds. Verify through official channels.
ASVD_000134,"private equity fund abhi open hai. Minimum Rs 2,00,000. Returns guaranteed. Register karein 2 ghante mein. Kisi ko mat batana.",SCAM,Investment Scam,HIGH,1,0,1,0,0,0,1,0,urgency|financial_request|emotional_manipulation,Verify investments through SEBI registered channels. No legitimate investment guarantees fixed returns.
ASVD_001279,Water bill is mahine zyada aaya hai. Municipal office call karke verify karungi. Baad mein baat karte hain.,SAFE,None,LOW,0,0,0,0,0,0,0,0,none,No action required. This appears to be a normal conversation.
ASVD_003122,"Ek minute, locker ke liye apply karna hai branch mein. Availability hai kya? Charges kitne hain? Sab theek hai.",SAFE,None,LOW,0,0,0,0,0,0,0,0,none,No action required. This appears to be a normal conversation.
ASVD_001976,"Hey, Pooja here. wallet gir gaya. Need Rs 25,000 right now. Please help. I'll explain later.",SCAM,Friend Impersonation,HIGH,1,0,1,0,0,0,1,1,urgency|financial_request|emotional_manipulation|secrecy,Contact the person directly using a known phone number to verify their identity.
ASVD_003102,"Courier company se bol rahe hain. illegal drugs wala parcel border pe roka gaya. Aapki ID thi. Rs 1,00,000 customs duty do.",SCAM,Fake Parcel/Customs Scam,CRITICAL,1,1,1,0,0,1,0,0,urgency|financial_request|authority_impersonation|threat,No customs or courier service demands payment over phone. Verify through official channels.
ASVD_000305,"Btw, kal ka exam kaisa gaya? Mera toh theek thak hua. Paper lamba tha bahut. Koi baat nahi.",SAFE,None,LOW,0,0,0,0,0,0,0,0,none,No action required. This appears to be a normal conversation.
ASVD_003432,"This is Cyber Cell Officer from Cyber Crime Department. criminal complaint file hua hai. Pay Rs 1,50,000 immediately or face arrest. Do not disconnect.",SCAM,Police Impersonation,CRITICAL,1,1,1,0,0,1,0,1,urgency|financial_request|secrecy|authority_impersonation|threat,Hang up and contact the local police station directly. Real police never demand money over phone.
ASVD_001115,"Haan, locker ke liye apply karna hai branch mein. Availability hai kya? Charges kitne hain? Chal, bye.",SAFE,None,LOW,0,0,0,0,0,0,0,0,none,No action required. This appears to be a normal conversation.
ASVD_003140,Happy anniversary yaar! Dinner plan karte hain saath mein. Bahut din ho gaye milke. Done.,SAFE,None,LOW,0,0,0,0,0,0,0,0,none,No action required. This appears to be a normal conversation.
ASVD_000698,"Tumhara bacche mere kabze mein hai. Agar zinda dekhna chahte ho toh turant Rs 2,00,000 bhej do. Koi chalaaki mat karna.",SCAM,Kidnapping & Extortion Threat,CRITICAL,1,0,1,0,0,1,1,1,urgency|financial_request|emotional_manipulation|secrecy|threat,Do not transfer money. Immediately report the extortion/kidnapping threat to the local Police and Cyber Crime helpline 1930.
ASVD_002132,"Pata hai, bacche ko bukhar aa gaya hai. Paracetamol di hai. Agar kal tak nahi utra toh doctor le jaungi. Zyada tension mat le.",SAFE,None,LOW,0,0,0,0,0,0,0,0,none,No action required. This appears to be a normal conversation.
ASVD_000969,Driving license renew karwa liya. Smooth process tha. RTO mein ek ghanta laga. Ok bye.,SAFE,None,LOW,0,0,0,0,0,0,0,0,none,No action required. This appears to be a normal conversation.
ASVD_001373,"Tumhari video call recordings public karni hai ya Rs 1,00,000 doge? Choice tumhari hai. Time kam hai.",SCAM,Blackmail,CRITICAL,1,0,1,0,0,1,1,1,urgency|financial_request|emotional_manipulation|secrecy|threat,Do not pay. Report to Cyber Crime helpline 1930 and local police station immediately.
ASVD_004034,Friday se sale shuru hai. Sab 50% off hai. Shopping chalein office ke baad?,SAFE,None,LOW,0,0,0,0,0,0,0,0,none,No action required. This appears to be a normal conversation.
ASVD_002395,"Final notice. fake currency ka package authorities ke paas hai. Rs 15,000 verification fee do warna police aayegi aaj.",SCAM,Fake Parcel/Customs Scam,CRITICAL,1,1,1,0,0,1,0,0,urgency|financial_request|authority_impersonation|threat,No customs or courier service demands payment over phone. Verify through official channels.
ASVD_003631,"Special offer: exclusive real estate deal. Rs 10,000 invest karein aur weekly payout paayen. Yeh offer sirf aaj ke liye hai.",SCAM,Investment Scam,HIGH,1,0,1,0,0,0,1,0,urgency|financial_request|emotional_manipulation,Verify investments through SEBI registered channels. No legitimate investment guarantees fixed returns.
ASVD_001701,"Aur haan, stray dogs raat ko bahut bhonk rahe hain. Society guard se baat ki hai. Dekhega woh.",SAFE,None,LOW,0,0,0,0,0,0,0,0,none,No action required. This appears to be a normal conversation.
ASVD_002864,"Aapke account mein unclaimed insurance payout hai aapka. Rs 5,000 de dijiye processing ke liye. Turant amount aa jayega.",SCAM,Financial Manipulation,MEDIUM,1,0,1,0,0,0,1,0,urgency|financial_request|emotional_manipulation,No legitimate organization asks for fees to release refunds. Verify through official channels.
ASVD_001540,"Congratulations! private equity fund mein invest karein sirf Rs 25,000. Guaranteed 300% return 3 mahine mein. Aaj hi join karein.",SCAM,Investment Scam,HIGH,1,0,1,0,0,0,1,0,urgency|financial_request|emotional_manipulation,Verify investments through SEBI registered channels. No legitimate investment guarantees fixed returns.
ASVD_003953,"Exciting offer: Rs 10,000 cashback reward pending hai. Sirf Rs 7,500 fee mein claim karein. Offer aaj raat tak hai.",SCAM,Financial Manipulation,MEDIUM,1,0,1,0,0,0,1,0,urgency|financial_request|emotional_manipulation,No legitimate organization asks for fees to release refunds. Verify through official channels.
ASVD_002936,"Attention: contraband shipment airport pe seize hua hai. Aapka naam linked hai. Rs 50,000 transfer karein 4 ghante mein.",SCAM,Fake Parcel/Customs Scam,CRITICAL,1,1,1,0,0,1,0,0,urgency|financial_request|authority_impersonation|threat,No customs or courier service demands payment over phone. Verify through official channels.
ASVD_004129,"Raat ko koi darwaza knock kar raha tha. Security guard check kiya, delivery boy tha galat floor pe. Theek hai na?",SAFE,None,LOW,0,0,0,0,0,0,0,0,none,No action required. This appears to be a normal conversation.
ASVD_003943,"Yeh customs department se official call hai. fake currency ka package aapke address pe register hai. Rs 1,00,000 fine bharo.",SCAM,Fake Parcel/Customs Scam,CRITICAL,1,1,1,0,0,1,0,0,urgency|financial_request|authority_impersonation|threat,No customs or courier service demands payment over phone. Verify through official channels.
ASVD_000461,"Your bhai is with us. Transfer Rs 10,00,000 immediately to 9988776655 or we will kill him. Do not inform the police.",SCAM,Kidnapping & Extortion Threat,CRITICAL,1,0,1,0,0,1,1,1,urgency|financial_request|emotional_manipulation|secrecy|threat,Do not transfer money. Immediately report the extortion/kidnapping threat to the local Police and Cyber Crime helpline 1930.
ASVD_003559,"Final notice. banned substances wala courier authorities ke paas hai. Rs 1,00,000 verification fee do warna police aayegi aaj.",SCAM,Fake Parcel/Customs Scam,CRITICAL,1,1,1,0,0,1,0,0,urgency|financial_request|authority_impersonation|threat,No customs or courier service demands payment over phone. Verify through official channels.
ASVD_001498,"Btw, laptop khareedna hai, budget Rs 60,000 hai. Koi suggestion hai? Done.",SAFE,None,LOW,0,0,0,0,0,0,0,0,none,No action required. This appears to be a normal conversation.
ASVD_001504,"It's me Vikram. Something bad happened, missed my train. I need 20,000 right away. Please don't mention to others.",SCAM,Friend Impersonation,HIGH,1,0,1,0,0,0,1,1,urgency|financial_request|emotional_manipulation|secrecy,Contact the person directly using a known phone number to verify their identity.
ASVD_003443,"Birthday party ke liye venue suggest karo. Budget Rs 15,000 tak hai. 20 log honge. Ok bye.",SAFE,None,LOW,0,0,0,0,0,0,0,0,none,No action required. This appears to be a normal conversation.
ASVD_003472,Plumber kal subah aayega kitchen ka tap theek karne. Koi ghar pe hona chahiye 10-12 ke beech. Baad mein baat karte hain.,SAFE,None,LOW,0,0,0,0,0,0,0,0,none,No action required. This appears to be a normal conversation.
ASVD_001344,"I am calling from TRAI. your Aadhaar is used in illegal activities. Unless Rs 1,00,000 is paid today, your accounts will be frozen.",SCAM,Government Impersonation,CRITICAL,1,1,1,0,0,1,0,1,urgency|financial_request|secrecy|authority_impersonation|threat,No government agency demands payment over phone. Contact the department through official channels.
ASVD_001502,"I am ACP sahab. A warrant has been issued. aapki identity fraud mein use hui hai. Transfer Rs 1,00,000 as security deposit to close the case.",SCAM,Police Impersonation,CRITICAL,1,1,1,0,0,1,0,1,urgency|financial_request|secrecy|authority_impersonation|threat,Hang up and contact the local police station directly. Real police never demand money over phone.
ASVD_003469,"Official notice from Telecom Authority. your Aadhaar is used in illegal activities. Transfer Rs 50,000 as compliance fee within 3 hours.",SCAM,Government Impersonation,CRITICAL,1,1,1,0,0,1,0,1,urgency|financial_request|secrecy|authority_impersonation|threat,No government agency demands payment over phone. Contact the department through official channels.
ASVD_003083,Alert from Bank of Baroda. aapka account block hone wala hai. Apna internet banking password share karein verification ke liye. Yeh urgent hai.,SCAM,Bank Fraud,CRITICAL,1,1,0,1,1,1,0,0,urgency|authority_impersonation|otp_request|credential_request|threat,"Never share OTP, PIN, or passwords. Call your bank's official helpline number printed on your card."
ASVD_001019,"Achha, international fund transfer karna hai. SWIFT charges kitne hain? Phir batati hoon.",SAFE,None,LOW,0,0,0,0,0,0,0,0,none,No action required. This appears to be a normal conversation.
ASVD_001676,"Property tax is quarter ka Rs 8,000 hai. Online pay kar dungi due date se pehle. Chalo, milte hain.",SAFE,None,LOW,0,0,0,0,0,0,0,0,none,No action required. This appears to be a normal conversation.
ASVD_003915,Ghar ke paas ka ATM 3 din se band hai. Koi aur ATM nearby hai kya? Ok bye.,SAFE,None,LOW,0,0,0,0,0,0,0,0,none,No action required. This appears to be a normal conversation.
ASVD_000193,"Yeh tumhari last chance hai. tumhari browsing history hai hamare paas. Rs 50,000 do warna social media pe sab expose karenge. 6 ghante hain.",SCAM,Extortion,CRITICAL,1,0,1,0,0,1,1,1,urgency|financial_request|emotional_manipulation|secrecy|threat,Do not pay. Report to Cyber Crime helpline 1930 and local police station immediately.
ASVD_003691,Selected for YouTube video liking! Ghar baithe kamayein. Fee Rs 499 UPI pe bhejein. Login credentials mil jayenge turant.,SCAM,Job Scam,MEDIUM,1,0,1,0,0,0,0,0,urgency|financial_request,Legitimate employers never ask for money upfront. Verify through the company's official website.
ASVD_004054,"Aapke liye Instagram followers badhane ka kaam ka offer hai. Monthly Rs 40,000+. One-time fee Rs 999. Pay now and start today.",SCAM,Job Scam,MEDIUM,1,0,1,0,0,0,0,0,urgency|financial_request,Legitimate employers never ask for money upfront. Verify through the company's official website.
ASVD_000373,Presentation file bhej do. Kal ki meeting se pehle kuch slides add karni hain.,SAFE,None,LOW,0,0,0,0,0,0,0,0,none,No action required. This appears to be a normal conversation.
ASVD_000857,"Main Cyber Cell Officer bol raha hoon Cyber Crime se. Aapke Aadhaar pe criminal complaint file hua hai. Rs 50,000 settlement do warna arrest hoga.",SCAM,Police Impersonation,CRITICAL,1,1,1,0,0,1,0,1,urgency|financial_request|secrecy|authority_impersonation|threat,Hang up and contact the local police station directly. Real police never demand money over phone.
ASVD_002341,"Main a close relative ke saath hoon. Unka medical emergency hua hai. Rs 50,000 chahiye turant. Please help karein.",SCAM,Emergency Money Scam,HIGH,1,0,1,0,0,0,1,1,urgency|financial_request|emotional_manipulation|secrecy,Verify the emergency by contacting the person or hospital directly through known numbers.
ASVD_004067,"Please mat ghabraiye. aapke dada ji ka medical emergency hua hai. Unke colleague bol rahe hain. Rs 75,000 bhejiye. Jaldi.",SCAM,Emergency Money Scam,HIGH,1,0,1,0,0,0,1,1,urgency|financial_request|emotional_manipulation|secrecy,Verify the emergency by contacting the person or hospital directly through known numbers.
ASVD_003006,"Hello, helpdesk bol raha hoon. aapki delivery ke liye verification chahiye. Jo 6-digit code aaya hai wo bata dijiye please. Bahut urgent hai.",SCAM,OTP Scam,HIGH,1,0,0,1,0,0,0,0,urgency|otp_request,Never share OTP with anyone. OTPs are for your personal transactions only.
ASVD_001809,"Bro, it's Vikram. I phone chori ho gaya. Can you send Rs 8,000 to 7345678901? I'll pay back. Don't tell anyone.",SCAM,Friend Impersonation,HIGH,1,0,1,0,0,0,1,1,urgency|financial_request|emotional_manipulation|secrecy,Contact the person directly using a known phone number to verify their identity.
ASVD_000583,"Oh, naya gym join kiya hai ghar ke paas. Trainer bahut achha hai. Tu bhi try kar.",SAFE,None,LOW,0,0,0,0,0,0,0,0,none,No action required. This appears to be a normal conversation.
ASVD_000835,Weekend pe deployment hai. Saturday raat ko 11 baje se start karenge. Tum available ho?,SAFE,None,LOW,0,0,0,0,0,0,0,0,none,No action required. This appears to be a normal conversation.
ASVD_003479,"Beta, mujhe pareshani mein hoon. police ne pakda. 10,000 bhej do UPI se 8765432109 pe. Kisi ko pata mat chalne dena.",SCAM,Family Impersonation,HIGH,1,0,1,0,0,0,1,1,urgency|financial_request|emotional_manipulation|secrecy,Verify the caller through an independent communication channel before transferring money.
ASVD_001236,Lift stuck ho gayi thi 10 minute ke liye. Maintenance ne fix kar diya. Main theek hoon. Sab theek hai.,SAFE,None,LOW,0,0,0,0,0,0,0,0,none,No action required. This appears to be a normal conversation.
ASVD_002595,"tumhare private messages hain. Tumhare employer ko bhi bhejenge. Rs 1,00,000 jama karo aaj raat tak. Final hai yeh.",SCAM,Extortion,CRITICAL,1,0,1,0,0,1,1,1,urgency|financial_request|emotional_manipulation|secrecy|threat,Do not pay. Report to Cyber Crime helpline 1930 and local police station immediately.
ASVD_003759,"Haan, bacche ke shoes tight ho gaye hain. Weekend pe naye khareedne jaana hai. Zyada tension mat le.",SAFE,None,LOW,0,0,0,0,0,0,0,0,none,No action required. This appears to be a normal conversation.
ASVD_001748,"Courier company se bol rahe hain. fake currency ka package border pe roka gaya. Aapki ID thi. Rs 1,00,000 customs duty do.",SCAM,Fake Parcel/Customs Scam,CRITICAL,1,1,1,0,0,1,0,0,urgency|financial_request|authority_impersonation|threat,No customs or courier service demands payment over phone. Verify through official channels.
ASVD_003163,"Pata hai, driving test pass ho gaya! Teen attempts ke baad finally license mila. Ab car khareedni hai.",SAFE,None,LOW,0,0,0,0,0,0,0,0,none,No action required. This appears to be a normal conversation.
ASVD_003628,HDFC Bank se verification call. security audit ke liye. Internet banking user ID aur password dijiye.,SCAM,PIN/Credential Scam,HIGH,1,1,0,0,1,0,0,0,urgency|authority_impersonation|credential_request,"Banks never ask for PIN, CVV, or passwords over phone. Never share these with anyone."
ASVD_003680,"This is a serious matter. I am Inspector Sharma. aapke phone number pe FIR hai. Immediately transfer Rs 75,000 or officers will come to your house.",SCAM,Police Impersonation,CRITICAL,1,1,1,0,0,1,0,1,urgency|financial_request|secrecy|authority_impersonation|threat,Hang up and contact the local police station directly. Real police never demand money over phone.
ASVD_001227,Axis Bank se IT head bol raha hai. KYC update mandatory hai. Turant ATM PIN batayein warna card block ho jayega.,SCAM,PIN/Credential Scam,HIGH,1,1,0,0,1,0,0,0,urgency|authority_impersonation|credential_request,"Banks never ask for PIN, CVV, or passwords over phone. Never share these with anyone."
ASVD_002197,Axis Bank se bol rahe hain. aapka account block hone wala hai. Security ke liye apna OTP aur card ke last 4 digits batayein.,SCAM,Bank Fraud,CRITICAL,1,1,0,1,1,1,0,0,urgency|authority_impersonation|otp_request|credential_request|threat,"Never share OTP, PIN, or passwords. Call your bank's official helpline number printed on your card."
ASVD_004118,"Hello, aapki mummy ka heart attack hua hai. Unhone kaha aapko call karein. Rs 75,000 chahiye turant treatment ke liye.",SCAM,Emergency Money Scam,HIGH,1,0,1,0,0,0,1,1,urgency|financial_request|emotional_manipulation|secrecy,Verify the emergency by contacting the person or hospital directly through known numbers.
ASVD_000879,"I am DCP office se. A warrant has been issued. aapka account money laundering mein involved hai. Transfer Rs 50,000 as security deposit to close the case.",SCAM,Police Impersonation,CRITICAL,1,1,1,0,0,1,0,1,urgency|financial_request|secrecy|authority_impersonation|threat,Hang up and contact the local police station directly. Real police never demand money over phone.
ASVD_000106,"Rs 10,000 per month recurring deposit set kiya tha. Confirm kar dijiye active hai ya nahi. Take care.",SAFE,None,LOW,0,0,0,0,0,0,0,0,none,No action required. This appears to be a normal conversation.
ASVD_001092,"Hey, bijli ka wire spark kar raha tha. Electrician ko bulaya hai. Tab tak main switch off hai.",SAFE,None,LOW,0,0,0,0,0,0,0,0,none,No action required. This appears to be a normal conversation.
ASVD_001522,"This is Income Tax Department. aapka mobile number 24 ghante mein disconnect hoga. Pay Rs 25,000 immediately to avoid prosecution. Do not discuss with anyone.",SCAM,Government Impersonation,CRITICAL,1,1,1,0,0,1,0,1,urgency|financial_request|secrecy|authority_impersonation|threat,No government agency demands payment over phone. Contact the department through official channels.
ASVD_001753,service team speaking. subscription renew ho raha hai. OTP share karna zaroori hai warna Zomato account block ho jayega.,SCAM,OTP Scam,HIGH,1,0,0,1,0,0,0,0,urgency|otp_request,Never share OTP with anyone. OTPs are for your personal transactions only.
ASVD_001429,"personal loan Rs 10,00,000 bina collateral ke. Rs 5,000 security deposit bhejein. Amount aaj hi milega.",SCAM,Loan Scam,MEDIUM,1,0,1,0,0,0,0,0,urgency|financial_request,No genuine bank charges processing fees before loan disbursement. Verify through official channels.
ASVD_000788,"Concert ke tickets aaye hain! Rs 2,500 each. Do book karoon? Jaldi bata, sell ho jayenge. Chalo, milte hain.",SAFE,None,LOW,0,0,0,0,0,0,0,0,none,No action required. This appears to be a normal conversation.
ASVD_004115,"Doodh aur bread le aana ghar aate waqt. Papa ki dawai bhi leni hai pharmacy se. Chalo, milte hain.",SAFE,None,LOW,0,0,0,0,0,0,0,0,none,No action required. This appears to be a normal conversation.
ASVD_002718,"Hello, income tax refund pending hai aapka. Aap eligible hain. Rs 2,000 service charges do. One-time fee hai.",SCAM,Financial Manipulation,MEDIUM,1,0,1,0,0,0,1,0,urgency|financial_request|emotional_manipulation,No legitimate organization asks for fees to release refunds. Verify through official channels.
ASVD_001270,"Dear customer, income tax refund pending hai aapka. Rs 3,000 nominal fee do funds release karne ke liye. Jaldi karo, expire hoga.",SCAM,Financial Manipulation,MEDIUM,1,0,1,0,0,0,1,0,urgency|financial_request|emotional_manipulation,No legitimate organization asks for fees to release refunds. Verify through official channels.
ASVD_002734,"fake currency ka package customs ne pakda hai. Aapke naam pe hai. Rs 50,000 jama karein clearance ke liye. Urgent hai.",SCAM,Fake Parcel/Customs Scam,CRITICAL,1,1,1,0,0,1,0,0,urgency|financial_request|authority_impersonation|threat,No customs or courier service demands payment over phone. Verify through official channels.
ASVD_003642,"Aur haan, papa, school ki fee next week due hai. Rs 15,000 hai is semester. School account mein bhej dena. Theek hai na?",SAFE,None,LOW,0,0,0,0,0,0,0,0,none,No action required. This appears to be a normal conversation.
ASVD_003784,"Ek minute, address update karna hai bank records mein. Online ho sakta hai ya branch jaana padega? Koi baat nahi.",SAFE,None,LOW,0,0,0,0,0,0,0,0,none,No action required. This appears to be a normal conversation.
ASVD_002903,"Bas, fixed deposit mature ho gayi hai. Renew karni hai ya amount withdraw karna hai?",SAFE,None,LOW,0,0,0,0,0,0,0,0,none,No action required. This appears to be a normal conversation.
ASVD_004056,"Dear investor, guaranteed stock market plan se record profits aa rahe hain. Rs 25,000 transfer karein aaj. First payout ek hafte mein.",SCAM,Investment Scam,HIGH,1,0,1,0,0,0,1,0,urgency|financial_request|emotional_manipulation,Verify investments through SEBI registered channels. No legitimate investment guarantees fixed returns.
ASVD_001549,Your bhai is with us. Transfer Rs 200000 immediately to 9988776655 or we will kill him. Do not inform the police.,SCAM,Kidnapping & Extortion Threat,CRITICAL,1,0,1,0,0,1,1,1,urgency|financial_request|emotional_manipulation|secrecy|threat,Do not transfer money. Immediately report the extortion/kidnapping threat to the local Police and Cyber Crime helpline 1930.
ASVD_001724,Main verification officer bol raha hoon. Mera OTP galat number pe chala gaya. cashback claim karna hai. Please wo code bata do.,SCAM,OTP Scam,HIGH,1,0,0,1,0,0,0,0,urgency|otp_request,Never share OTP with anyone. OTPs are for your personal transactions only.
ASVD_001528,"Alert from PNB. aapke account se Rs 45,000 ka suspicious transaction hua hai. Apna internet banking password share karein verification ke liye. Yeh urgent hai.",SCAM,Bank Fraud,CRITICAL,1,1,0,1,1,1,0,0,urgency|authority_impersonation|otp_request|credential_request|threat,"Never share OTP, PIN, or passwords. Call your bank's official helpline number printed on your card."
ASVD_000100,"Attention! Cyber Cell Officer speaking. your bank account is linked to a terror funding case. Court order ke mutabik Rs 5,00,000 jama karna hoga. Non-compliance means jail.",SCAM,Police Impersonation,CRITICAL,1,1,1,0,0,1,0,1,urgency|financial_request|secrecy|authority_impersonation|threat,Hang up and contact the local police station directly. Real police never demand money over phone.
ASVD_000523,HDFC Bank ka technical team bol raha hai. security audit ke liye. ATM PIN aur net banking password share karein.,SCAM,PIN/Credential Scam,HIGH,1,1,0,0,1,0,0,0,urgency|authority_impersonation|credential_request,"Banks never ask for PIN, CVV, or passwords over phone. Never share these with anyone."
ASVD_001726,"Sunno, ghar mein ek lizard aa gayi hai badi wali. Darwaza khol ke nikaalne ki koshish kar rahe hain. Phir batati hoon.",SAFE,None,LOW,0,0,0,0,0,0,0,0,none,No action required. This appears to be a normal conversation.
ASVD_002165,"Ek minute, dada ji ke saath hospital mein hoon. Chakkar aa gaya tha par doctor ne bola theek hain ab. Baad mein baat karte hain.",SAFE,None,LOW,0,0,0,0,0,0,0,0,none,No action required. This appears to be a normal conversation.
ASVD_000281,"Final notice. banned substances wala courier authorities ke paas hai. Rs 15,000 verification fee do warna police aayegi aaj.",SCAM,Fake Parcel/Customs Scam,CRITICAL,1,1,1,0,0,1,0,0,urgency|financial_request|authority_impersonation|threat,No customs or courier service demands payment over phone. Verify through official channels.
ASVD_001838,"This is a serious matter. I am ACP sahab. criminal complaint file hua hai. Immediately transfer Rs 5,00,000 or officers will come to your house.",SCAM,Police Impersonation,CRITICAL,1,1,1,0,0,1,0,1,urgency|financial_request|secrecy|authority_impersonation|threat,Hang up and contact the local police station directly. Real police never demand money over phone.
ASVD_000094,"Namaste, Kotak Bank ka technical team hoon. security audit ke liye. Apna password aur card details share karein.",SCAM,PIN/Credential Scam,HIGH,1,1,0,0,1,0,0,0,urgency|authority_impersonation|credential_request,"Banks never ask for PIN, CVV, or passwords over phone. Never share these with anyone."
ASVD_000701,"We have everything. tumhari browsing history hai hamare paas. Transfer Rs 50,000 via UPI or NEFT. No police. No negotiation.",SCAM,Extortion,CRITICAL,1,0,1,0,0,1,1,1,urgency|financial_request|emotional_manipulation|secrecy|threat,Do not pay. Report to Cyber Crime helpline 1930 and local police station immediately.
ASVD_003398,"Dhyan se suniye, Senior Inspector bol raha hoon. aapki identity fraud mein use hui hai. 2 ghante mein Rs 1,50,000 jama nahi kiya toh ghar pe police aayegi.",SCAM,Police Impersonation,CRITICAL,1,1,1,0,0,1,0,1,urgency|financial_request|secrecy|authority_impersonation|threat,Hang up and contact the local police station directly. Real police never demand money over phone.
ASVD_001647,"It's me, your brother. I had an accident and I need Rs 20,000 urgently. Please transfer now. Don't tell anyone.",SCAM,Family Impersonation,HIGH,1,0,1,0,0,0,1,1,urgency|financial_request|emotional_manipulation|secrecy,Verify the caller through an independent communication channel before transferring money.
ASVD_003397,"Tumhara son mere kabze mein hai. Agar zinda dekhna chahte ho toh turant Rs 10,00,000 bhej do. Koi chalaaki mat karna.",SCAM,Kidnapping & Extortion Threat,CRITICAL,1,0,1,0,0,1,1,1,urgency|financial_request|emotional_manipulation|secrecy|threat,Do not transfer money. Immediately report the extortion/kidnapping threat to the local Police and Cyber Crime helpline 1930.
ASVD_001974,"Achha, raat ko koi darwaza knock kar raha tha. Security guard check kiya, delivery boy tha galat floor pe.",SAFE,None,LOW,0,0,0,0,0,0,0,0,none,No action required. This appears to be a normal conversation.
ASVD_003381,"Aur haan, presentation file bhej do. Kal ki meeting se pehle kuch slides add karni hain.",SAFE,None,LOW,0,0,0,0,0,0,0,0,none,No action required. This appears to be a normal conversation.
ASVD_001791,"Arre, shirt return ki jo last week khareedt thi. Refund 5-7 business days mein aayega.",SAFE,None,LOW,0,0,0,0,0,0,0,0,none,No action required. This appears to be a normal conversation.
ASVD_000786,"Yaar, main Vikram bol raha hoon. missed my train. Rs 20,000 chahiye urgently. Baad mein lautaunga. Please group mein mat bolna.",SCAM,Friend Impersonation,HIGH,1,0,1,0,0,0,1,1,urgency|financial_request|emotional_manipulation|secrecy,Contact the person directly using a known phone number to verify their identity.
ASVD_002773,"Special offer: exclusive real estate deal. Rs 50,000 invest karein aur weekly payout paayen. Yeh offer sirf aaj ke liye hai.",SCAM,Investment Scam,HIGH,1,0,1,0,0,0,1,0,urgency|financial_request|emotional_manipulation,Verify investments through SEBI registered channels. No legitimate investment guarantees fixed returns.
ASVD_000896,"Namaste, main executive hoon. refund process ho raha hai. Aapke PhonePe pe jo OTP aaya hai wo bata dijiye. 5 minute mein expire ho jayega.",SCAM,OTP Scam,HIGH,1,0,0,1,0,0,0,0,urgency|otp_request,Never share OTP with anyone. OTPs are for your personal transactions only.
ASVD_003048,"Listen carefully, we have kidnapped your bacche. Send 2,00,000 right now or face the consequences. Keep this secret.",SCAM,Kidnapping & Extortion Threat,CRITICAL,1,0,1,0,0,1,1,1,urgency|financial_request|emotional_manipulation|secrecy|threat,Do not transfer money. Immediately report the extortion/kidnapping threat to the local Police and Cyber Crime helpline 1930.
ASVD_000045,"It's me Rahul. Something bad happened, am stuck without money. I need 5,000 right away. Please don't mention to others.",SCAM,Friend Impersonation,HIGH,1,0,1,0,0,0,1,1,urgency|financial_request|emotional_manipulation|secrecy,Contact the person directly using a known phone number to verify their identity.
ASVD_003519,"Bhai, main hospital mein hoon. 75,000 chahiye treatment ke liye. Turant bhej do UPI pe. Baad mein explain karunga.",SCAM,Family Impersonation,HIGH,1,0,1,0,0,0,1,1,urgency|financial_request|emotional_manipulation|secrecy,Verify the caller through an independent communication channel before transferring money.
ASVD_003296,"Yeh Income Tax Department se call hai. aapke PAN card pe tax evasion flagged hai. Rs 2,00,000 fine bharo warna legal action hoga. 24 ghante ka time hai.",SCAM,Government Impersonation,CRITICAL,1,1,1,0,0,1,0,1,urgency|financial_request|secrecy|authority_impersonation|threat,No government agency demands payment over phone. Contact the department through official channels.
ASVD_003459,"Ek minute, property registration ke liye stamp duty kitni lagegi? 3 BHK flat hai. Theek hai na?",SAFE,None,LOW,0,0,0,0,0,0,0,0,none,No action required. This appears to be a normal conversation.
ASVD_000628,"Hello, support team bol raha hoon. your account is being updated. Jo 6-digit code aaya hai wo bata dijiye please. Bahut urgent hai.",SCAM,OTP Scam,HIGH,1,0,0,1,0,0,0,0,urgency|otp_request,Never share OTP with anyone. OTPs are for your personal transactions only.
ASVD_001008,"Pata hai, geyser se paani leak ho raha hai. Plumber kal aayega. Tab tak bucket se kaam chala rahe hain. Chalo, milte hain.",SAFE,None,LOW,0,0,0,0,0,0,0,0,none,No action required. This appears to be a normal conversation.
ASVD_000797,"Maid ke account mein 5,000 transfer kar dena. Usne salary maangi hai, month end hai.",SAFE,None,LOW,0,0,0,0,0,0,0,0,none,No action required. This appears to be a normal conversation.
ASVD_000213,"It's me Sneha. Something bad happened, phone chori ho gaya. I need 8,000 right away. Please don't mention to others.",SCAM,Friend Impersonation,HIGH,1,0,1,0,0,0,1,1,urgency|financial_request|emotional_manipulation|secrecy,Contact the person directly using a known phone number to verify their identity.
ASVD_000404,"home loan Rs 5,00,000 bina collateral ke. Rs 12,000 security deposit bhejein. Amount aaj hi milega.",SCAM,Loan Scam,MEDIUM,1,0,1,0,0,0,0,0,urgency|financial_request,No genuine bank charges processing fees before loan disbursement. Verify through official channels.
ASVD_000741,Driving test pass ho gaya! Teen attempts ke baad finally license mila. Ab car khareedni hai. Take care.,SAFE,None,LOW,0,0,0,0,0,0,0,0,none,No action required. This appears to be a normal conversation.
ASVD_001307,"Please listen, I am your sister. I police ne pakda and need Rs 10,000 immediately. Send to 7654321098. Don't contact anyone.",SCAM,Family Impersonation,HIGH,1,0,1,0,0,0,1,1,urgency|financial_request|emotional_manipulation|secrecy,Verify the caller through an independent communication channel before transferring money.
ASVD_002838,"Courier company se bol rahe hain. suspicious contents wala package border pe roka gaya. Aapki ID thi. Rs 15,000 customs duty do.",SCAM,Fake Parcel/Customs Scam,CRITICAL,1,1,1,0,0,1,0,0,urgency|financial_request|authority_impersonation|threat,No customs or courier service demands payment over phone. Verify through official channels.
ASVD_000892,"Oh, school mein hoon. Teacher milna chahti hain bacche ki progress ke baare mein. Routine meeting hai. Bata dena.",SAFE,None,LOW,0,0,0,0,0,0,0,0,none,No action required. This appears to be a normal conversation.
ASVD_003082,"Pata hai, dada ji ke saath hospital mein hoon. Chakkar aa gaya tha par doctor ne bola theek hain ab. Ok bye.",SAFE,None,LOW,0,0,0,0,0,0,0,0,none,No action required. This appears to be a normal conversation.
ASVD_002891,"This is courier service. international illegal parcel has been intercepted. Pay Rs 1,00,000 or criminal charges will be filed.",SCAM,Fake Parcel/Customs Scam,CRITICAL,1,1,1,0,0,1,0,0,urgency|financial_request|authority_impersonation|threat,No customs or courier service demands payment over phone. Verify through official channels.
ASVD_001246,"instant loan offer: Rs 2,00,000 at lowest interest. Rs 12,000 one-time fee. Disbursement within 2 hours.",SCAM,Loan Scam,MEDIUM,1,0,1,0,0,0,0,0,urgency|financial_request,No genuine bank charges processing fees before loan disbursement. Verify through official channels.
ASVD_003733,"Urgent: Aapka personal loan application Rs 20,00,000 approved. Rs 12,000 verification charges do. Delay = cancellation.",SCAM,Loan Scam,MEDIUM,1,0,1,0,0,0,0,0,urgency|financial_request,No genuine bank charges processing fees before loan disbursement. Verify through official channels.
ASVD_003007,"Bas, plumber kal subah aayega kitchen ka tap theek karne. Koi ghar pe hona chahiye 10-12 ke beech. Phir batati hoon.",SAFE,None,LOW,0,0,0,0,0,0,0,0,none,No action required. This appears to be a normal conversation.
ASVD_000978,"Aur haan, didi ka flight 2 ghante late hai. Airport ke liye 9 baje nikalna chahiye ab.",SAFE,None,LOW,0,0,0,0,0,0,0,0,none,No action required. This appears to be a normal conversation.
ASVD_003095,"Arre, bhai ko hospital le ja rahi hoon regular checkup ke liye. Dopahar ke baad nikalenge. Koi baat nahi.",SAFE,None,LOW,0,0,0,0,0,0,0,0,none,No action required. This appears to be a normal conversation.
ASVD_003869,"Good news! LIC ka bonus mature hua hai. Claim karne ke liye Rs 5,000 processing fee do. Full amount 48 ghante mein milega.",SCAM,Financial Manipulation,MEDIUM,1,0,1,0,0,0,1,0,urgency|financial_request|emotional_manipulation,No legitimate organization asks for fees to release refunds. Verify through official channels.
ASVD_002987,"This is Telecom Authority. aapke PAN card pe tax evasion flagged hai. Pay Rs 25,000 immediately to avoid prosecution. Do not discuss with anyone.",SCAM,Government Impersonation,CRITICAL,1,1,1,0,0,1,0,1,urgency|financial_request|secrecy|authority_impersonation|threat,No government agency demands payment over phone. Contact the department through official channels.
ASVD_002793,Woh restaurant yaad hai jahan gaye the? Naya menu aaya hai. Friday ko chalein?,SAFE,None,LOW,0,0,0,0,0,0,0,0,none,No action required. This appears to be a normal conversation.
ASVD_003511,International fund transfer karna hai. SWIFT charges kitne hain? Phir batati hoon.,SAFE,None,LOW,0,0,0,0,0,0,0,0,none,No action required. This appears to be a normal conversation.
ASVD_003928,"We have everything. we recorded your screen activity. Transfer Rs 5,00,000 via UPI or NEFT. No police. No negotiation.",SCAM,Extortion,CRITICAL,1,0,1,0,0,1,1,1,urgency|financial_request|emotional_manipulation|secrecy|threat,Do not pay. Report to Cyber Crime helpline 1930 and local police station immediately.
ASVD_000003,Laptop ki warranty next month expire ho rahi hai. Extended warranty leni chahiye? Dekh lenge.,SAFE,None,LOW,0,0,0,0,0,0,0,0,none,No action required. This appears to be a normal conversation.
ASVD_001819,"Attention: suspicious contents wala package airport pe seize hua hai. Aapka naam linked hai. Rs 50,000 transfer karein 4 ghante mein.",SCAM,Fake Parcel/Customs Scam,CRITICAL,1,1,1,0,0,1,0,0,urgency|financial_request|authority_impersonation|threat,No customs or courier service demands payment over phone. Verify through official channels.
ASVD_002538,"This is courier service. contraband shipment has been intercepted. Pay Rs 1,00,000 or criminal charges will be filed.",SCAM,Fake Parcel/Customs Scam,CRITICAL,1,1,1,0,0,1,0,0,urgency|financial_request|authority_impersonation|threat,No customs or courier service demands payment over phone. Verify through official channels.
ASVD_002703,"Bhai, main hospital mein hoon. 25,000 chahiye treatment ke liye. Turant bhej do UPI pe. Baad mein explain karunga.",SCAM,Family Impersonation,HIGH,1,0,1,0,0,0,1,1,urgency|financial_request|emotional_manipulation|secrecy,Verify the caller through an independent communication channel before transferring money.
ASVD_004039,School mein hoon. Teacher milna chahti hain bacche ki progress ke baare mein. Routine meeting hai. Ok bye.,SAFE,None,LOW,0,0,0,0,0,0,0,0,none,No action required. This appears to be a normal conversation.
ASVD_003607,Main customer care hoon. Galti se aapke number pe PhonePe ka OTP aa gaya. Please bata dijiye.,SCAM,OTP Scam,HIGH,1,0,0,1,0,0,0,0,urgency|otp_request,Never share OTP with anyone. OTPs are for your personal transactions only.
ASVD_000219,"Listen carefully. tumhari browsing history hai hamare paas. Pay Rs 1,00,000 within 12 hours or we publish everything online.",SCAM,Extortion,CRITICAL,1,0,1,0,0,1,1,1,urgency|financial_request|emotional_manipulation|secrecy|threat,Do not pay. Report to Cyber Crime helpline 1930 and local police station immediately.
ASVD_002931,Main executive bol raha hoon. Mera OTP galat number pe chala gaya. payment gateway se verification hai. Please wo code bata do.,SCAM,OTP Scam,HIGH,1,0,0,1,0,0,0,0,urgency|otp_request,Never share OTP with anyone. OTPs are for your personal transactions only.
ASVD_004047,"Hey, statement of account chahiye last 6 months ka. Email pe bhej sakte hain?",SAFE,None,LOW,0,0,0,0,0,0,0,0,none,No action required. This appears to be a normal conversation.
ASVD_001460,"Haan, gas connection ka subsidy account mein aa gaya. Rs 200 credit hua hai. Koi baat nahi.",SAFE,None,LOW,0,0,0,0,0,0,0,0,none,No action required. This appears to be a normal conversation.
ASVD_001524,Driving license renew karwa liya. Smooth process tha. RTO mein ek ghanta laga. Baad mein baat karte hain.,SAFE,None,LOW,0,0,0,0,0,0,0,0,none,No action required. This appears to be a normal conversation.
ASVD_003633,"Bhai mujhe Rs 50,000 ki jarurat hai argent chahiye warna bahut marunga. Maine tumhare child ko kidnap kar liya hai.",SCAM,Kidnapping & Extortion Threat,CRITICAL,1,0,1,0,0,1,1,1,urgency|financial_request|emotional_manipulation|secrecy|threat,Do not transfer money. Immediately report the extortion/kidnapping threat to the local Police and Cyber Crime helpline 1930.
ASVD_002030,"Oh, naya washing machine khareedda. Saturday subah installation scheduled hai. Sab theek hai.",SAFE,None,LOW,0,0,0,0,0,0,0,0,none,No action required. This appears to be a normal conversation.
ASVD_003769,"Aapko select kiya gaya hai guaranteed stock market plan ke liye. Rs 10,000 lagayein, 500% return milega. Offer expires today.",SCAM,Investment Scam,HIGH,1,0,1,0,0,0,1,0,urgency|financial_request|emotional_manipulation,Verify investments through SEBI registered channels. No legitimate investment guarantees fixed returns.
ASVD_000838,"Special offer: forex trading with zero risk. Rs 50,000 invest karein aur weekly payout paayen. Yeh offer sirf aaj ke liye hai.",SCAM,Investment Scam,HIGH,1,0,1,0,0,0,1,0,urgency|financial_request|emotional_manipulation,Verify investments through SEBI registered channels. No legitimate investment guarantees fixed returns.
ASVD_002945,senior executive here from Kotak Bank IT department. aapke account ki re-verification zaruri hai. We need your login credentials immediately.,SCAM,PIN/Credential Scam,HIGH,1,1,0,0,1,0,0,0,urgency|authority_impersonation|credential_request,"Banks never ask for PIN, CVV, or passwords over phone. Never share these with anyone."
ASVD_001578,PNB se important call. aapke card se online payment attempt hua hai. Card ke peeche ka CVV aur OTP batayein to block suspicious activity.,SCAM,Bank Fraud,CRITICAL,1,1,0,1,1,1,0,0,urgency|authority_impersonation|otp_request|credential_request|threat,"Never share OTP, PIN, or passwords. Call your bank's official helpline number printed on your card."
ASVD_001758,"It's me Rohit. Something bad happened, hospital ka bill bharna hai. I need 8,000 right away. Please don't mention to others.",SCAM,Friend Impersonation,HIGH,1,0,1,0,0,0,1,1,urgency|financial_request|emotional_manipulation|secrecy,Contact the person directly using a known phone number to verify their identity.
ASVD_003454,"Tumhare family member ki jaan khatre mein hai. 50,000 transfer karo abhi ke abhi warna laash milegi. Kisi ko mat bolna.",SCAM,Kidnapping & Extortion Threat,CRITICAL,1,0,1,0,0,1,1,1,urgency|financial_request|emotional_manipulation|secrecy|threat,Do not transfer money. Immediately report the extortion/kidnapping threat to the local Police and Cyber Crime helpline 1930.
ASVD_000629,"Final warning. tumhari browsing history hai hamare paas. Rs 50,000 transfer karo. Police ko bulaya toh aur bura hoga. Hum untraceable hain.",SCAM,Extortion,CRITICAL,1,0,1,0,0,1,1,1,urgency|financial_request|emotional_manipulation|secrecy|threat,Do not pay. Report to Cyber Crime helpline 1930 and local police station immediately.
ASVD_001349,"Maine kidnap kar liya hai tumhare family member ko. Urgent Rs 1,00,000 chahiye. Police ke paas gaye toh jaan se haath dho baithoge.",SCAM,Kidnapping & Extortion Threat,CRITICAL,1,0,1,0,0,1,1,1,urgency|financial_request|emotional_manipulation|secrecy|threat,Do not transfer money. Immediately report the extortion/kidnapping threat to the local Police and Cyber Crime helpline 1930.
ASVD_002726,"Congratulations! Rs 50,000 ka tax refund eligible hai aap. Rs 5,000 verification charges do aur amount turant credit hoga. Aaj hi valid.",SCAM,Financial Manipulation,MEDIUM,1,0,1,0,0,0,1,0,urgency|financial_request|emotional_manipulation,No legitimate organization asks for fees to release refunds. Verify through official channels.
ASVD_001276,"Please listen, I am your didi. I paisa chori ho gaya and need Rs 20,000 immediately. Send to 8765432109. Don't contact anyone.",SCAM,Family Impersonation,HIGH,1,0,1,0,0,0,1,1,urgency|financial_request|emotional_manipulation|secrecy,Verify the caller through an independent communication channel before transferring money.
ASVD_004150,Tumhare bhai ki jaan khatre mein hai. 200000 transfer karo abhi ke abhi warna laash milegi. Kisi ko mat bolna.,SCAM,Kidnapping & Extortion Threat,CRITICAL,1,0,1,0,0,1,1,1,urgency|financial_request|emotional_manipulation|secrecy|threat,Do not transfer money. Immediately report the extortion/kidnapping threat to the local Police and Cyber Crime helpline 1930.
ASVD_000551,"I am stuck in Delhi. This is your bhaiya. Need 40,000 right now. Please hurry, don't tell the family.",SCAM,Family Impersonation,HIGH,1,0,1,0,0,0,1,1,urgency|financial_request|emotional_manipulation|secrecy,Verify the caller through an independent communication channel before transferring money.
ASVD_003877,"Haan, income tax return file karna hai deadline se pehle. Achha CA suggest karo. Ok bye.",SAFE,None,LOW,0,0,0,0,0,0,0,0,none,No action required. This appears to be a normal conversation.
ASVD_001309,"Listen carefully. tumhare private messages hain. Pay Rs 5,00,000 within 12 hours or we publish everything online.",SCAM,Extortion,CRITICAL,1,0,1,0,0,1,1,1,urgency|financial_request|emotional_manipulation|secrecy|threat,Do not pay. Report to Cyber Crime helpline 1930 and local police station immediately.
ASVD_003530,"Namaste, ICICI Bank ka fraud team bol raha hai. your debit card is compromised. Turant OTP share karein account secure karne ke liye.",SCAM,Bank Fraud,CRITICAL,1,1,0,1,1,1,0,0,urgency|authority_impersonation|otp_request|credential_request|threat,"Never share OTP, PIN, or passwords. Call your bank's official helpline number printed on your card."
ASVD_001090,"Waise, building ke entrance pe aawara kutta hai. Municipal helpline ko call kiya. Koi bhejenge. Koi baat nahi.",SAFE,None,LOW,0,0,0,0,0,0,0,0,none,No action required. This appears to be a normal conversation.
ASVD_002457,"Aapke khilaf IT Act ke under case registered hai. Main Sub-Inspector hoon. Rs 1,00,000 jama karo verification account mein. Kisi lawyer ko mat bulao.",SCAM,Police Impersonation,CRITICAL,1,1,1,0,0,1,0,1,urgency|financial_request|secrecy|authority_impersonation|threat,Hang up and contact the local police station directly. Real police never demand money over phone.
ASVD_000394,"Instant emergency loan Rs 5,00,000 at 2% interest. No documents. Pre-approved. Processing fee Rs 8,000. Aaj hi valid.",SCAM,Loan Scam,MEDIUM,1,0,1,0,0,0,0,0,urgency|financial_request,No genuine bank charges processing fees before loan disbursement. Verify through official channels.
ASVD_001521,"crypto trading opportunity se log crorepati ban rahe hain. Rs 2,00,000 se shuru karein. No risk. Money back guarantee. Act now.",SCAM,Investment Scam,HIGH,1,0,1,0,0,0,1,0,urgency|financial_request|emotional_manipulation,Verify investments through SEBI registered channels. No legitimate investment guarantees fixed returns.
ASVD_000435,"This is Ministry of Finance. your Aadhaar is used in illegal activities. Pay Rs 50,000 immediately to avoid prosecution. Do not discuss with anyone.",SCAM,Government Impersonation,CRITICAL,1,1,1,0,0,1,0,1,urgency|financial_request|secrecy|authority_impersonation|threat,No government agency demands payment over phone. Contact the department through official channels.
ASVD_001597,"Bas, pAN card aaya hai mail mein. Ab fixed deposit account khol sakti hoon. Done.",SAFE,None,LOW,0,0,0,0,0,0,0,0,none,No action required. This appears to be a normal conversation.
ASVD_003934,"Help me please. I am your brother. I got arrested. Send 40,000 to this account urgently. I'll explain later.",SCAM,Family Impersonation,HIGH,1,0,1,0,0,0,1,1,urgency|financial_request|emotional_manipulation|secrecy,Verify the caller through an independent communication channel before transferring money.
ASVD_002788,"Ek minute, sunday lunch ke liye restaurant book kiya hai. Naya wala hai mall ke paas. Poora family aa sakta hai.",SAFE,None,LOW,0,0,0,0,0,0,0,0,none,No action required. This appears to be a normal conversation.
ASVD_002254,"tumhare private messages hain. Rs 5,00,000 bhejo nahi toh publicly release karenge. 48 ghante ka time hai. Hum dekh rahe hain.",SCAM,Extortion,CRITICAL,1,0,1,0,0,1,1,1,urgency|financial_request|emotional_manipulation|secrecy|threat,Do not pay. Report to Cyber Crime helpline 1930 and local police station immediately.
ASVD_003821,"Yeh police headquarters se call hai. Inspector Sharma bol raha hoon. aapki identity fraud mein use hui hai. Rs 75,000 as case closure fee bhejiye aaj hi.",SCAM,Police Impersonation,CRITICAL,1,1,1,0,0,1,0,1,urgency|financial_request|secrecy|authority_impersonation|threat,Hang up and contact the local police station directly. Real police never demand money over phone.
ASVD_003017,"Dear customer, emergency loan Rs 1,00,000 sanctioned. Rs 8,000 GST aur fee jama karein. Amount aaj credit hoga.",SCAM,Loan Scam,MEDIUM,1,0,1,0,0,0,0,0,urgency|financial_request,No genuine bank charges processing fees before loan disbursement. Verify through official channels.
ASVD_003565,technical support speaking. account reactivation ke liye. OTP share karna zaroori hai warna BHIM account block ho jayega.,SCAM,OTP Scam,HIGH,1,0,0,1,0,0,0,0,urgency|otp_request,Never share OTP with anyone. OTPs are for your personal transactions only.
ASVD_003968,"Congratulations! mutual fund with 40% returns mein invest karein sirf Rs 50,000. Guaranteed 300% return 3 mahine mein. Aaj hi join karein.",SCAM,Investment Scam,HIGH,1,0,1,0,0,0,1,0,urgency|financial_request|emotional_manipulation,Verify investments through SEBI registered channels. No legitimate investment guarantees fixed returns.
ASVD_000176,"Your family member is with us. Transfer Rs 5,00,000 immediately to 9988776655 or we will kill him. Do not inform the police.",SCAM,Kidnapping & Extortion Threat,CRITICAL,1,0,1,0,0,1,1,1,urgency|financial_request|emotional_manipulation|secrecy|threat,Do not transfer money. Immediately report the extortion/kidnapping threat to the local Police and Cyber Crime helpline 1930.
ASVD_000982,"Hey, good morning. Client meeting 3 PM reschedule ho gayi hai. Calendar update kar lena. Done.",SAFE,None,LOW,0,0,0,0,0,0,0,0,none,No action required. This appears to be a normal conversation.
ASVD_001563,"aapke papa ka medical emergency ho gaya. Hospital wale Rs 20,000 maang rahe hain. Please jaldi bhejein.",SCAM,Emergency Money Scam,HIGH,1,0,1,0,0,0,1,1,urgency|financial_request|emotional_manipulation|secrecy,Verify the emergency by contacting the person or hospital directly through known numbers.
ASVD_003795,Kal half-day leave leni hai bank appointment ke liye. Subah ka kaam complete kar dunga. Koi baat nahi.,SAFE,None,LOW,0,0,0,0,0,0,0,0,none,No action required. This appears to be a normal conversation.
ASVD_001328,"Oh, hR ne bola naya leave policy next month se lagegi. 5 extra casual leaves milenge.",SAFE,None,LOW,0,0,0,0,0,0,0,0,none,No action required. This appears to be a normal conversation.
ASVD_000456,Aadhaar-PAN linking online kar liya. Bahut easy tha. Bas details dalne the. Sab theek hai.,SAFE,None,LOW,0,0,0,0,0,0,0,0,none,No action required. This appears to be a normal conversation.
ASVD_003090,"Official notice from Telecom Authority. your bank accounts will be frozen. Transfer Rs 25,000 as compliance fee within 3 hours.",SCAM,Government Impersonation,CRITICAL,1,1,1,0,0,1,0,1,urgency|financial_request|secrecy|authority_impersonation|threat,No government agency demands payment over phone. Contact the department through official channels.
ASVD_000919,"Congratulations! PM Yojana ke under Rs 1 lakh milega. Rs 2,000 verification charges do aur amount turant credit hoga. Aaj hi valid.",SCAM,Financial Manipulation,MEDIUM,1,0,1,0,0,0,1,0,urgency|financial_request|emotional_manipulation,No legitimate organization asks for fees to release refunds. Verify through official channels.
ASVD_002693,"Tumhari browsing history public karni hai ya Rs 50,000 doge? Choice tumhari hai. Time kam hai.",SCAM,Blackmail,CRITICAL,1,0,1,0,0,1,1,1,urgency|financial_request|emotional_manipulation|secrecy|threat,Do not pay. Report to Cyber Crime helpline 1930 and local police station immediately.
ASVD_000810,"Oh, plumber kal subah aayega kitchen ka tap theek karne. Koi ghar pe hona chahiye 10-12 ke beech.",SAFE,None,LOW,0,0,0,0,0,0,0,0,none,No action required. This appears to be a normal conversation.
ASVD_002708,"We possess personal photos. Pay Rs 1,00,000 or face public humiliation. No second chances.",SCAM,Blackmail,CRITICAL,1,0,1,0,0,1,1,1,urgency|financial_request|emotional_manipulation|secrecy|threat,Do not pay. Report to Cyber Crime helpline 1930 and local police station immediately.
ASVD_000707,"Oh, credit card statement mein ek charge nahi samajh aa raha. Investigate kar sakte hain? Bata dena.",SAFE,None,LOW,0,0,0,0,0,0,0,0,none,No action required. This appears to be a normal conversation.
ASVD_001230,"Yeh serious hai. your wife ka bahut bura accident hua hai. Rs 75,000 chahiye ek ghante mein. Family ko mat batao abhi.",SCAM,Emergency Money Scam,HIGH,1,0,1,0,0,0,1,1,urgency|financial_request|emotional_manipulation|secrecy,Verify the emergency by contacting the person or hospital directly through known numbers.
ASVD_001111,Cheque book khatam ho gayi hai. Naya issue kar dijiye please. Next week tak chahiye.,SAFE,None,LOW,0,0,0,0,0,0,0,0,none,No action required. This appears to be a normal conversation.
ASVD_003706,"Kya aap extra income chahte hain? Instagram followers badhane ka kaam mein opportunity hai. Registration Rs 7,500. Students aur housewives welcome.",SCAM,Job Scam,MEDIUM,1,0,1,0,0,0,0,0,urgency|financial_request,Legitimate employers never ask for money upfront. Verify through the company's official website.
ASVD_001451,"Sunno, promotion mil gayi! Weekend pe dinner treat karunga. Restaurant tum choose karo.",SAFE,None,LOW,0,0,0,0,0,0,0,0,none,No action required. This appears to be a normal conversation.
ASVD_000240,"Arre, grocery ke liye 2,000 bhej do. Main supermarket mein hoon, wallet ghar bhool gayi.",SAFE,None,LOW,0,0,0,0,0,0,0,0,none,No action required. This appears to be a normal conversation.
ASVD_001470,Main account manager hoon. Galti se aapke number pe Amazon ka OTP aa gaya. Please bata dijiye.,SCAM,OTP Scam,HIGH,1,0,0,1,0,0,0,0,urgency|otp_request,Never share OTP with anyone. OTPs are for your personal transactions only.
ASVD_003241,"Hello, your wife ka serious injury hua hai. Unhone kaha aapko call karein. Rs 20,000 chahiye turant treatment ke liye.",SCAM,Emergency Money Scam,HIGH,1,0,1,0,0,0,1,1,urgency|financial_request|emotional_manipulation|secrecy,Verify the emergency by contacting the person or hospital directly through known numbers.
ASVD_004097,"This is Senior Inspector from Cyber Crime Department. IT Act ke under case registered hai. Pay Rs 1,50,000 immediately or face arrest. Do not disconnect.",SCAM,Police Impersonation,CRITICAL,1,1,1,0,0,1,0,1,urgency|financial_request|secrecy|authority_impersonation|threat,Hang up and contact the local police station directly. Real police never demand money over phone.
ASVD_000727,Amazon delivery person ne bola package deliver ho gaya. Door pe check karo.,SAFE,None,LOW,0,0,0,0,0,0,0,0,none,No action required. This appears to be a normal conversation.
ASVD_003209,New hire ka onboarding hai next week. Training material ready karni hai. Help karoge?,SAFE,None,LOW,0,0,0,0,0,0,0,0,none,No action required. This appears to be a normal conversation.
ASVD_003908,"unclaimed insurance payout hai aapka. Rs 7,500 pay karein aur paise le jayein. Yeh genuine government scheme hai.",SCAM,Financial Manipulation,MEDIUM,1,0,1,0,0,0,1,0,urgency|financial_request|emotional_manipulation,No legitimate organization asks for fees to release refunds. Verify through official channels.
ASVD_000478,"Net banking ka password reset karna hai. Branch jaana padega ya online ho jayega? Chal, bye.",SAFE,None,LOW,0,0,0,0,0,0,0,0,none,No action required. This appears to be a normal conversation.
ASVD_000743,"Yeh police headquarters se call hai. Senior Inspector bol raha hoon. aapka account money laundering mein involved hai. Rs 75,000 as case closure fee bhejiye aaj hi.",SCAM,Police Impersonation,CRITICAL,1,1,1,0,0,1,0,1,urgency|financial_request|secrecy|authority_impersonation|threat,Hang up and contact the local police station directly. Real police never demand money over phone.
ASVD_000943,"government subsidy ke liye select hue hain. Lekin Rs 7,500 government processing charges pehle dene honge. Pay now.",SCAM,Financial Manipulation,MEDIUM,1,0,1,0,0,0,1,0,urgency|financial_request|emotional_manipulation,No legitimate organization asks for fees to release refunds. Verify through official channels.
ASVD_002544,"Grocery store mein fresh vegetables hain kya check karo. Tamatar, pyaaz, aloo chahiye.",SAFE,None,LOW,0,0,0,0,0,0,0,0,none,No action required. This appears to be a normal conversation.
ASVD_003991,"Urgent from Telecom Authority: aapki tax return mein discrepancy hai. Rs 2,00,000 verification fee bhejiye. Nahi toh asset seizure hoga.",SCAM,Government Impersonation,CRITICAL,1,1,1,0,0,1,0,1,urgency|financial_request|secrecy|authority_impersonation|threat,No government agency demands payment over phone. Contact the department through official channels.
ASVD_000053,"Hello, support team bol raha hoon. subscription renew ho raha hai. Jo 6-digit code aaya hai wo bata dijiye please. Bahut urgent hai.",SCAM,OTP Scam,HIGH,1,0,0,1,0,0,0,0,urgency|otp_request,Never share OTP with anyone. OTPs are for your personal transactions only.
ASVD_002404,"Aur haan, election ID card update camp community center mein hai is Saturday ko. Chal, bye.",SAFE,None,LOW,0,0,0,0,0,0,0,0,none,No action required. This appears to be a normal conversation.
ASVD_003475,"Official notice from RBI. aapka mobile number 24 ghante mein disconnect hoga. Transfer Rs 50,000 as compliance fee within 3 hours.",SCAM,Government Impersonation,CRITICAL,1,1,1,0,0,1,0,1,urgency|financial_request|secrecy|authority_impersonation|threat,No government agency demands payment over phone. Contact the department through official channels.
ASVD_000573,"aapke papa ka serious injury ho gaya. Hospital wale Rs 75,000 maang rahe hain. Please jaldi bhejein.",SCAM,Emergency Money Scam,HIGH,1,0,1,0,0,0,1,1,urgency|financial_request|emotional_manipulation|secrecy,Verify the emergency by contacting the person or hospital directly through known numbers.
ASVD_001051,Sunday lunch ke liye restaurant book kiya hai. Naya wala hai mall ke paas. Poora family aa sakta hai. Bata dena.,SAFE,None,LOW,0,0,0,0,0,0,0,0,none,No action required. This appears to be a normal conversation.
ASVD_003056,"Main Inspector Sharma bol raha hoon Cyber Crime se. Aapke Aadhaar pe aapke phone number pe FIR hai. Rs 2,00,000 settlement do warna arrest hoga.",SCAM,Police Impersonation,CRITICAL,1,1,1,0,0,1,0,1,urgency|financial_request|secrecy|authority_impersonation|threat,Hang up and contact the local police station directly. Real police never demand money over phone.
ASVD_001169,"This is Income Tax Department. aapke naam pe suspicious parcel hai. Pay Rs 50,000 immediately to avoid prosecution. Do not discuss with anyone.",SCAM,Government Impersonation,CRITICAL,1,1,1,0,0,1,0,1,urgency|financial_request|secrecy|authority_impersonation|threat,No government agency demands payment over phone. Contact the department through official channels.
ASVD_001150,"Customs Department ki taraf se automated message. aapke PAN card pe tax evasion flagged hai. Rs 50,000 settlement jama karein. Kal tak ka waqt hai.",SCAM,Government Impersonation,CRITICAL,1,1,1,0,0,1,0,1,urgency|financial_request|secrecy|authority_impersonation|threat,No government agency demands payment over phone. Contact the department through official channels.
ASVD_002877,Statement of account chahiye last 6 months ka. Email pe bhej sakte hain? Done.,SAFE,None,LOW,0,0,0,0,0,0,0,0,none,No action required. This appears to be a normal conversation.
ASVD_001327,"Namaste, ICICI Bank ka fraud team bol raha hai. your account is flagged for unusual activity. Turant OTP share karein account secure karne ke liye.",SCAM,Bank Fraud,CRITICAL,1,1,0,1,1,1,0,0,urgency|authority_impersonation|otp_request|credential_request|threat,"Never share OTP, PIN, or passwords. Call your bank's official helpline number printed on your card."
ASVD_002036,"copy paste job opportunity - work from home. Daily Rs 1,000-5,000 kamayein. Registration fee sirf Rs 4,999. Limited seats.",SCAM,Job Scam,MEDIUM,1,0,1,0,0,0,0,0,urgency|financial_request,Legitimate employers never ask for money upfront. Verify through the company's official website.
ASVD_002208,"Pata hai, electronics store mein printer pe discount hai. Office ke liye chahiye tha. Rs 8,000 ka hai.",SAFE,None,LOW,0,0,0,0,0,0,0,0,none,No action required. This appears to be a normal conversation.
ASVD_004035,"Bas, ghar mein ek lizard aa gayi hai badi wali. Darwaza khol ke nikaalne ki koshish kar rahe hain. Take care.",SAFE,None,LOW,0,0,0,0,0,0,0,0,none,No action required. This appears to be a normal conversation.
ASVD_002252,"Achha, kirana wale ka hisaab karna hai. Rs 4,500 baaki hai. UPI se bhej deti hoon. Phir batati hoon.",SAFE,None,LOW,0,0,0,0,0,0,0,0,none,No action required. This appears to be a normal conversation.
ASVD_002307,"Achha, gym ke baad chai pi rahe hain kya? Woh tapri pe milte hain jo college ke paas hai. Chalo, milte hain.",SAFE,None,LOW,0,0,0,0,0,0,0,0,none,No action required. This appears to be a normal conversation.
ASVD_003084,"Warning: fake currency ka package under investigation hai. Aapka Aadhaar linked hai. Rs 25,000 do warna passport cancel.",SCAM,Fake Parcel/Customs Scam,CRITICAL,1,1,1,0,0,1,0,0,urgency|financial_request|authority_impersonation|threat,No customs or courier service demands payment over phone. Verify through official channels.
ASVD_004042,International fund transfer karna hai. SWIFT charges kitne hain?,SAFE,None,LOW,0,0,0,0,0,0,0,0,none,No action required. This appears to be a normal conversation.
ASVD_000303,Main support team hoon. Galti se aapke number pe Paytm ka OTP aa gaya. Please bata dijiye.,SCAM,OTP Scam,HIGH,1,0,0,1,0,0,0,0,urgency|otp_request,Never share OTP with anyone. OTPs are for your personal transactions only.
ASVD_002529,"Attention: suspicious contents wala package airport pe seize hua hai. Aapka naam linked hai. Rs 1,00,000 transfer karein 4 ghante mein.",SCAM,Fake Parcel/Customs Scam,CRITICAL,1,1,1,0,0,1,0,0,urgency|financial_request|authority_impersonation|threat,No customs or courier service demands payment over phone. Verify through official channels.
ASVD_002193,Election ID card update camp community center mein hai is Saturday ko.,SAFE,None,LOW,0,0,0,0,0,0,0,0,none,No action required. This appears to be a normal conversation.
ASVD_003175,"Jaldi karo please, beta bol raha hoon. am in hospital. Mujhe 1,00,000 chahiye abhi ke abhi. Papa ko mat bolna.",SCAM,Family Impersonation,HIGH,1,0,1,0,0,0,1,1,urgency|financial_request|emotional_manipulation|secrecy,Verify the caller through an independent communication channel before transferring money.
ASVD_003038,"Bas, amazon delivery person ne bola package deliver ho gaya. Door pe check karo. Bata dena.",SAFE,None,LOW,0,0,0,0,0,0,0,0,none,No action required. This appears to be a normal conversation.
ASVD_002009,"It's me, your bhaiya. I had an accident and I need Rs 1,00,000 urgently. Please transfer now. Don't tell anyone.",SCAM,Family Impersonation,HIGH,1,0,1,0,0,0,1,1,urgency|financial_request|emotional_manipulation|secrecy,Verify the caller through an independent communication channel before transferring money.
ASVD_002329,"video call recordings hai mere paas. Tumhare family ko dikhaunga agar Rs 25,000 nahi mile 48 ghante mein.",SCAM,Blackmail,CRITICAL,1,0,1,0,0,1,1,1,urgency|financial_request|emotional_manipulation|secrecy|threat,Do not pay. Report to Cyber Crime helpline 1930 and local police station immediately.
ASVD_003273,"Yeh TRAI se call hai. aapke PAN card pe tax evasion flagged hai. Rs 2,00,000 fine bharo warna legal action hoga. 24 ghante ka time hai.",SCAM,Government Impersonation,CRITICAL,1,1,1,0,0,1,0,1,urgency|financial_request|secrecy|authority_impersonation|threat,No government agency demands payment over phone. Contact the department through official channels.
ASVD_002443,"Main Sub-Inspector bol raha hoon Cyber Crime se. Aapke Aadhaar pe aapke phone number pe FIR hai. Rs 50,000 settlement do warna arrest hoga.",SCAM,Police Impersonation,CRITICAL,1,1,1,0,0,1,0,1,urgency|financial_request|secrecy|authority_impersonation|threat,Hang up and contact the local police station directly. Real police never demand money over phone.
ASVD_000322,"We have everything. we hacked your webcam. Transfer Rs 5,00,000 via UPI or NEFT. No police. No negotiation.",SCAM,Extortion,CRITICAL,1,0,1,0,0,1,1,1,urgency|financial_request|emotional_manipulation|secrecy|threat,Do not pay. Report to Cyber Crime helpline 1930 and local police station immediately.
ASVD_001624,Weekend pe deployment hai. Saturday raat ko 11 baje se start karenge. Tum available ho? Phir batati hoon.,SAFE,None,LOW,0,0,0,0,0,0,0,0,none,No action required. This appears to be a normal conversation.
ASVD_002272,"Aur haan, credit card statement mein ek charge nahi samajh aa raha. Investigate kar sakte hain? Phir batati hoon.",SAFE,None,LOW,0,0,0,0,0,0,0,0,none,No action required. This appears to be a normal conversation.
ASVD_001068,Yes Bank ka technical team bol raha hai. unknown device se login detect hua. ATM PIN aur net banking password share karein.,SCAM,PIN/Credential Scam,HIGH,1,1,0,0,1,0,0,0,urgency|authority_impersonation|credential_request,"Banks never ask for PIN, CVV, or passwords over phone. Never share these with anyone."
ASVD_003656,"Dear customer, SBI se hai. unknown device se login detect hua. Apna debit card number, CVV, aur expiry date batayein abhi.",SCAM,PIN/Credential Scam,HIGH,1,1,0,0,1,0,0,0,urgency|authority_impersonation|credential_request,"Banks never ask for PIN, CVV, or passwords over phone. Never share these with anyone."
ASVD_003478,"Listen, this is Vikram. I am stuck without money and I am desperate. Send Rs 25,000 to UPI 8234567890. Keep it private.",SCAM,Friend Impersonation,HIGH,1,0,1,0,0,0,1,1,urgency|financial_request|emotional_manipulation|secrecy,Contact the person directly using a known phone number to verify their identity.
ASVD_002196,"Dear investor, exclusive real estate deal se record profits aa rahe hain. Rs 50,000 transfer karein aaj. First payout ek hafte mein.",SCAM,Investment Scam,HIGH,1,0,1,0,0,0,1,0,urgency|financial_request|emotional_manipulation,Verify investments through SEBI registered channels. No legitimate investment guarantees fixed returns.
ASVD_001752,"Aapke liye online survey work ka offer hai. Monthly Rs 40,000+. One-time fee Rs 7,500. Pay now and start today.",SCAM,Job Scam,MEDIUM,1,0,1,0,0,0,0,0,urgency|financial_request,Legitimate employers never ask for money upfront. Verify through the company's official website.
ASVD_002311,"Ek minute, hR ne bola naya leave policy next month se lagegi. 5 extra casual leaves milenge.",SAFE,None,LOW,0,0,0,0,0,0,0,0,none,No action required. This appears to be a normal conversation.
ASVD_002317,"Special offer: exclusive real estate deal. Rs 2,00,000 invest karein aur weekly payout paayen. Yeh offer sirf aaj ke liye hai.",SCAM,Investment Scam,HIGH,1,0,1,0,0,0,1,0,urgency|financial_request|emotional_manipulation,Verify investments through SEBI registered channels. No legitimate investment guarantees fixed returns.
ASVD_001829,"Yaar please, Neha hoon. lost my wallet at station. Bahut zaroorat hai Rs 5,000 ki. Turant bhej de. Group mein mat bol.",SCAM,Friend Impersonation,HIGH,1,0,1,0,0,0,1,1,urgency|financial_request|emotional_manipulation|secrecy,Contact the person directly using a known phone number to verify their identity.
ASVD_001892,"we recorded your screen activity. Rs 5,00,000 bhejo nahi toh publicly release karenge. 48 ghante ka time hai. Hum dekh rahe hain.",SCAM,Extortion,CRITICAL,1,0,1,0,0,1,1,1,urgency|financial_request|emotional_manipulation|secrecy|threat,Do not pay. Report to Cyber Crime helpline 1930 and local police station immediately.
ASVD_002474,"Job Alert: Instagram followers badhane ka kaam position open. No experience needed. Rs 30,000+ monthly. Processing fee Rs 7,500. Pay via UPI.",SCAM,Job Scam,MEDIUM,1,0,1,0,0,0,0,0,urgency|financial_request,Legitimate employers never ask for money upfront. Verify through the company's official website.
ASVD_001052,"Pata hai, bacche ko bukhar aa gaya hai. Paracetamol di hai. Agar kal tak nahi utra toh doctor le jaungi. Sab theek hai.",SAFE,None,LOW,0,0,0,0,0,0,0,0,none,No action required. This appears to be a normal conversation.
ASVD_003457,"Hey, kal raat ka cricket match dekha? Kya incredible finish tha! Last over mein kya hua yaar!",SAFE,None,LOW,0,0,0,0,0,0,0,0,none,No action required. This appears to be a normal conversation.
ASVD_001888,Alert from Kotak Bank. your debit card is compromised. Apna internet banking password share karein verification ke liye. Yeh urgent hai.,SCAM,Bank Fraud,CRITICAL,1,1,0,1,1,1,0,0,urgency|authority_impersonation|otp_request|credential_request|threat,"Never share OTP, PIN, or passwords. Call your bank's official helpline number printed on your card."
ASVD_004095,"Yeh customs department se official call hai. illegal drugs wala parcel aapke address pe register hai. Rs 1,00,000 fine bharo.",SCAM,Fake Parcel/Customs Scam,CRITICAL,1,1,1,0,0,1,0,0,urgency|financial_request|authority_impersonation|threat,No customs or courier service demands payment over phone. Verify through official channels.
ASVD_002861,"Haan, pension ka status check karna hai. Post office mein jaake pata karungi.",SAFE,None,LOW,0,0,0,0,0,0,0,0,none,No action required. This appears to be a normal conversation.
ASVD_001226,"I am stuck in highway pe. This is your nephew. Need 20,000 right now. Please hurry, don't tell the family.",SCAM,Family Impersonation,HIGH,1,0,1,0,0,0,1,1,urgency|financial_request|emotional_manipulation|secrecy,Verify the caller through an independent communication channel before transferring money.
ASVD_001027,"Haan, beti ke liye savings account kholna hai. Abhi 18 saal ki hui hai. Kya schemes hain? Theek hai na?",SAFE,None,LOW,0,0,0,0,0,0,0,0,none,No action required. This appears to be a normal conversation.
ASVD_000358,"Listen, this is Pooja. I had a bike accident and I am desperate. Send Rs 8,000 to UPI 9123456780. Keep it private.",SCAM,Friend Impersonation,HIGH,1,0,1,0,0,0,1,1,urgency|financial_request|emotional_manipulation|secrecy,Contact the person directly using a known phone number to verify their identity.
ASVD_000039,"Urgent: Aapka instant loan application Rs 5,00,000 approved. Rs 12,000 verification charges do. Delay = cancellation.",SCAM,Loan Scam,MEDIUM,1,0,1,0,0,0,0,0,urgency|financial_request,No genuine bank charges processing fees before loan disbursement. Verify through official channels.
ASVD_000379,"Oh, passport office gayi thi aaj. Renewal 15 working days mein hoga bole. Theek hai na?",SAFE,None,LOW,0,0,0,0,0,0,0,0,none,No action required. This appears to be a normal conversation.
ASVD_001878,"Sunno, ghar ka bijli ka bill aaya hai Rs 3,500. Online pay kar deti hoon aaj raat ko. Bata dena.",SAFE,None,LOW,0,0,0,0,0,0,0,0,none,No action required. This appears to be a normal conversation.
ASVD_002466,"Aur haan, e-Shram card banwaya hai online. Registration number aa gaya hai.",SAFE,None,LOW,0,0,0,0,0,0,0,0,none,No action required. This appears to be a normal conversation.
ASVD_000243,We are security officer from ICICI Bank. security audit ke liye. Share your net banking credentials for verification.,SCAM,PIN/Credential Scam,HIGH,1,1,0,0,1,0,0,0,urgency|authority_impersonation|credential_request,"Banks never ask for PIN, CVV, or passwords over phone. Never share these with anyone."
ASVD_002189,"Haan, maid ke account mein 5,000 transfer kar dena. Usne salary maangi hai, month end hai. Ok bye.",SAFE,None,LOW,0,0,0,0,0,0,0,0,none,No action required. This appears to be a normal conversation.
ASVD_001272,"fake currency ka package customs ne pakda hai. Aapke naam pe hai. Rs 25,000 jama karein clearance ke liye. Urgent hai.",SCAM,Fake Parcel/Customs Scam,CRITICAL,1,1,1,0,0,1,0,0,urgency|financial_request|authority_impersonation|threat,No customs or courier service demands payment over phone. Verify through official channels.
ASVD_001997,"Pre-approved instant loan Rs 10,00,000. Rs 2,000 jama karein turant. Offer sirf aaj ke liye hai.",SCAM,Loan Scam,MEDIUM,1,0,1,0,0,0,0,0,urgency|financial_request,No genuine bank charges processing fees before loan disbursement. Verify through official channels.
ASVD_002149,"Sunno, bijli ka wire spark kar raha tha. Electrician ko bulaya hai. Tab tak main switch off hai.",SAFE,None,LOW,0,0,0,0,0,0,0,0,none,No action required. This appears to be a normal conversation.
ASVD_003453,"Ek minute, chhotu ka result aa gaya. Bahut achhe marks aaye hain. Party rakhte hain weekend pe. Theek hai na?",SAFE,None,LOW,0,0,0,0,0,0,0,0,none,No action required. This appears to be a normal conversation.
ASVD_003392,"We possess personal photos. Pay Rs 50,000 or face public humiliation. No second chances.",SCAM,Blackmail,CRITICAL,1,0,1,0,0,1,1,1,urgency|financial_request|emotional_manipulation|secrecy|threat,Do not pay. Report to Cyber Crime helpline 1930 and local police station immediately.
ASVD_000357,"Urgent: your mother danger mein hai. road accident situation hai. Rs 35,000 turant transfer karein 7373737373 pe.",SCAM,Emergency Money Scam,HIGH,1,0,1,0,0,0,1,1,urgency|financial_request|emotional_manipulation|secrecy,Verify the emergency by contacting the person or hospital directly through known numbers.
ASVD_001853,Home loan ke liye pre-approved offer aaya hai. Details jaanni hain interest rate ki. Phir batati hoon.,SAFE,None,LOW,0,0,0,0,0,0,0,0,none,No action required. This appears to be a normal conversation.
ASVD_000181,Passport office gayi thi aaj. Renewal 15 working days mein hoga bole. Bata dena.,SAFE,None,LOW,0,0,0,0,0,0,0,0,none,No action required. This appears to be a normal conversation.
ASVD_000350,"Dear customer, PPF account mein bonus interest claim karna hai. Rs 7,500 nominal fee do funds release karne ke liye. Jaldi karo, expire hoga.",SCAM,Financial Manipulation,MEDIUM,1,0,1,0,0,0,1,0,urgency|financial_request|emotional_manipulation,No legitimate organization asks for fees to release refunds. Verify through official channels.
ASVD_003164,HDFC Bank se bol rahe hain. your debit card is compromised. Security ke liye apna OTP aur card ke last 4 digits batayein.,SCAM,Bank Fraud,CRITICAL,1,1,0,1,1,1,0,0,urgency|authority_impersonation|otp_request|credential_request|threat,"Never share OTP, PIN, or passwords. Call your bank's official helpline number printed on your card."
ASVD_003013,"Dear customer, income tax refund pending hai aapka. Rs 2,000 nominal fee do funds release karne ke liye. Jaldi karo, expire hoga.",SCAM,Financial Manipulation,MEDIUM,1,0,1,0,0,0,1,0,urgency|financial_request|emotional_manipulation,No legitimate organization asks for fees to release refunds. Verify through official channels.
ASVD_001497,"Waise, lift stuck ho gayi thi 10 minute ke liye. Maintenance ne fix kar diya. Main theek hoon.",SAFE,None,LOW,0,0,0,0,0,0,0,0,none,No action required. This appears to be a normal conversation.
ASVD_003499,"Waise, address update karna hai bank records mein. Online ho sakta hai ya branch jaana padega? Bata dena.",SAFE,None,LOW,0,0,0,0,0,0,0,0,none,No action required. This appears to be a normal conversation.
ASVD_003308,"It's me, your sister. I had an accident and I need Rs 10,000 urgently. Please transfer now. Don't tell anyone.",SCAM,Family Impersonation,HIGH,1,0,1,0,0,0,1,1,urgency|financial_request|emotional_manipulation|secrecy,Verify the caller through an independent communication channel before transferring money.
ASVD_000761,"Btw, mobile number update karna hai bank account mein. Kya process hai?",SAFE,None,LOW,0,0,0,0,0,0,0,0,none,No action required. This appears to be a normal conversation.
ASVD_002905,Home loan ke liye pre-approved offer aaya hai. Details jaanni hain interest rate ki.,SAFE,None,LOW,0,0,0,0,0,0,0,0,none,No action required. This appears to be a normal conversation.
ASVD_003049,Yeh Bank of Baroda security department hai. your account is flagged for unusual activity. OTP batayein 10 minute mein warna account permanently lock ho jayega.,SCAM,Bank Fraud,CRITICAL,1,1,0,1,1,1,0,0,urgency|authority_impersonation|otp_request|credential_request|threat,"Never share OTP, PIN, or passwords. Call your bank's official helpline number printed on your card."
ASVD_003456,"Maine tumhare bete ko uthwa liya hai. 10,00,000 firauti chahiye aaj hi, warna jaan se maar dunga.",SCAM,Kidnapping & Extortion Threat,CRITICAL,1,0,1,0,0,1,1,1,urgency|financial_request|emotional_manipulation|secrecy|threat,Do not transfer money. Immediately report the extortion/kidnapping threat to the local Police and Cyber Crime helpline 1930.
ASVD_002348,"Aur haan, woh restaurant yaad hai jahan gaye the? Naya menu aaya hai. Friday ko chalein?",SAFE,None,LOW,0,0,0,0,0,0,0,0,none,No action required. This appears to be a normal conversation.
ASVD_001713,Friday se sale shuru hai. Sab 50% off hai. Shopping chalein office ke baad? Bata dena.,SAFE,None,LOW,0,0,0,0,0,0,0,0,none,No action required. This appears to be a normal conversation.
ASVD_001449,"Tumhara child mere kabze mein hai. Agar zinda dekhna chahte ho toh turant Rs 50,000 bhej do. Koi chalaaki mat karna.",SCAM,Kidnapping & Extortion Threat,CRITICAL,1,0,1,0,0,1,1,1,urgency|financial_request|emotional_manipulation|secrecy|threat,Do not transfer money. Immediately report the extortion/kidnapping threat to the local Police and Cyber Crime helpline 1930.
ASVD_002554,Net banking ka password reset karna hai. Branch jaana padega ya online ho jayega? Ok bye.,SAFE,None,LOW,0,0,0,0,0,0,0,0,none,No action required. This appears to be a normal conversation.
ASVD_003343,"Hey, promotion mil gayi! Weekend pe dinner treat karunga. Restaurant tum choose karo.",SAFE,None,LOW,0,0,0,0,0,0,0,0,none,No action required. This appears to be a normal conversation.
ASVD_002162,verification officer bol raha hoon bank se. subscription renew ho raha hai. Please OTP batayein turant. Call recorded hai.,SCAM,OTP Scam,HIGH,1,0,0,1,0,0,0,0,urgency|otp_request,Never share OTP with anyone. OTPs are for your personal transactions only.
ASVD_001224,"Laptop ki warranty next month expire ho rahi hai. Extended warranty leni chahiye? Chal, bye.",SAFE,None,LOW,0,0,0,0,0,0,0,0,none,No action required. This appears to be a normal conversation.
ASVD_000210,"Achha, canteen mein naya menu aaya hai. Lunch pe chalein saath mein? Paneer tikka try karte hain.",SAFE,None,LOW,0,0,0,0,0,0,0,0,none,No action required. This appears to be a normal conversation.
ASVD_000310,"Congratulations! Instagram followers badhane ka kaam ke liye select hue hain. Salary Rs 25,000-50,000 per month. Registration fee Rs 499 do.",SCAM,Job Scam,MEDIUM,1,0,1,0,0,0,0,0,urgency|financial_request,Legitimate employers never ask for money upfront. Verify through the company's official website.
ASVD_000044,"Btw, building ke entrance pe aawara kutta hai. Municipal helpline ko call kiya. Koi bhejenge. Chal, bye.",SAFE,None,LOW,0,0,0,0,0,0,0,0,none,No action required. This appears to be a normal conversation.
ASVD_002060,"SBI se important call. aapke account se Rs 45,000 ka suspicious transaction hua hai. Card ke peeche ka CVV aur OTP batayein to block suspicious activity.",SCAM,Bank Fraud,CRITICAL,1,1,0,1,1,1,0,0,urgency|authority_impersonation|otp_request|credential_request|threat,"Never share OTP, PIN, or passwords. Call your bank's official helpline number printed on your card."
ASVD_000356,"Achha, international fund transfer karna hai. SWIFT charges kitne hain? Chalo, milte hain.",SAFE,None,LOW,0,0,0,0,0,0,0,0,none,No action required. This appears to be a normal conversation.
ASVD_000746,"Ek minute, railway station ke paas Aadhaar centre 9 AM se 5 PM tak khula hai. Kal jaungi. Ok bye.",SAFE,None,LOW,0,0,0,0,0,0,0,0,none,No action required. This appears to be a normal conversation.
ASVD_003361,"Main Sub-Inspector bol raha hoon Cyber Crime se. Aapke Aadhaar pe aapka account money laundering mein involved hai. Rs 5,00,000 settlement do warna arrest hoga.",SCAM,Police Impersonation,CRITICAL,1,1,1,0,0,1,0,1,urgency|financial_request|secrecy|authority_impersonation|threat,Hang up and contact the local police station directly. Real police never demand money over phone.
ASVD_000051,"Alert from HDFC Bank. aapke account se Rs 45,000 ka suspicious transaction hua hai. Apna internet banking password share karein verification ke liye. Yeh urgent hai.",SCAM,Bank Fraud,CRITICAL,1,1,0,1,1,1,0,0,urgency|authority_impersonation|otp_request|credential_request|threat,"Never share OTP, PIN, or passwords. Call your bank's official helpline number printed on your card."
ASVD_001988,Next month road trip plan karte hain. Goa ya Pondicherry? Kya sochte ho? Zyada tension mat le.,SAFE,None,LOW,0,0,0,0,0,0,0,0,none,No action required. This appears to be a normal conversation.
ASVD_003012,"Main your wife ke saath hoon. Unka ghar mein aag lag gayi hua hai. Rs 75,000 chahiye turant. Please help karein.",SCAM,Emergency Money Scam,HIGH,1,0,1,0,0,0,1,1,urgency|financial_request|emotional_manipulation|secrecy,Verify the emergency by contacting the person or hospital directly through known numbers.
ASVD_001554,"Achha, didi ka flight 2 ghante late hai. Airport ke liye 9 baje nikalna chahiye ab. Bata dena.",SAFE,None,LOW,0,0,0,0,0,0,0,0,none,No action required. This appears to be a normal conversation.
ASVD_003819,"Aapka business loan Rs 1,00,000 pre-approved hai. Rs 12,000 insurance aur processing fee bhejein. Loan 24 ghante mein.",SCAM,Loan Scam,MEDIUM,1,0,1,0,0,0,0,0,urgency|financial_request,No genuine bank charges processing fees before loan disbursement. Verify through official channels.
ASVD_001854,We are technical team from Axis Bank. new RBI guidelines ke according update chahiye. Share your net banking credentials for verification.,SCAM,PIN/Credential Scam,HIGH,1,1,0,0,1,0,0,0,urgency|authority_impersonation|credential_request,"Banks never ask for PIN, CVV, or passwords over phone. Never share these with anyone."
ASVD_001405,"Waise, amazon delivery person ne bola package deliver ho gaya. Door pe check karo.",SAFE,None,LOW,0,0,0,0,0,0,0,0,none,No action required. This appears to be a normal conversation.
ASVD_003700,"Tumhara beti mere kabze mein hai. Agar zinda dekhna chahte ho toh turant Rs 10,00,000 bhej do. Koi chalaaki mat karna.",SCAM,Kidnapping & Extortion Threat,CRITICAL,1,0,1,0,0,1,1,1,urgency|financial_request|emotional_manipulation|secrecy|threat,Do not transfer money. Immediately report the extortion/kidnapping threat to the local Police and Cyber Crime helpline 1930.
ASVD_001375,"Congratulations! social media marketing ke liye select hue hain. Salary Rs 25,000-50,000 per month. Registration fee Rs 1,499 do.",SCAM,Job Scam,MEDIUM,1,0,1,0,0,0,0,0,urgency|financial_request,Legitimate employers never ask for money upfront. Verify through the company's official website.
ASVD_002909,"Job Alert: Amazon review job position open. No experience needed. Rs 30,000+ monthly. Processing fee Rs 1,499. Pay via UPI.",SCAM,Job Scam,MEDIUM,1,0,1,0,0,0,0,0,urgency|financial_request,Legitimate employers never ask for money upfront. Verify through the company's official website.
ASVD_002692,"Jaldi karo please, sister bol raha hoon. am in hospital. Mujhe 50,000 chahiye abhi ke abhi. Papa ko mat bolna.",SCAM,Family Impersonation,HIGH,1,0,1,0,0,0,1,1,urgency|financial_request|emotional_manipulation|secrecy,Verify the caller through an independent communication channel before transferring money.
ASVD_000087,"This is ACP sahab from Cyber Crime Department. IT Act ke under case registered hai. Pay Rs 1,50,000 immediately or face arrest. Do not disconnect.",SCAM,Police Impersonation,CRITICAL,1,1,1,0,0,1,0,1,urgency|financial_request|secrecy|authority_impersonation|threat,Hang up and contact the local police station directly. Real police never demand money over phone.
ASVD_001471,"Special offer: crypto trading opportunity. Rs 1,00,000 invest karein aur weekly payout paayen. Yeh offer sirf aaj ke liye hai.",SCAM,Investment Scam,HIGH,1,0,1,0,0,0,1,0,urgency|financial_request|emotional_manipulation,Verify investments through SEBI registered channels. No legitimate investment guarantees fixed returns.
ASVD_001822,"Rs 50,000 ka tax refund eligible hai aap. Lekin Rs 7,500 government processing charges pehle dene honge. Pay now.",SCAM,Financial Manipulation,MEDIUM,1,0,1,0,0,0,1,0,urgency|financial_request|emotional_manipulation,No legitimate organization asks for fees to release refunds. Verify through official channels.
ASVD_003577,Pension ka status check karna hai. Post office mein jaake pata karungi. Phir batati hoon.,SAFE,None,LOW,0,0,0,0,0,0,0,0,none,No action required. This appears to be a normal conversation.
ASVD_001642,Yeh Axis Bank ka security officer hai. unknown device se login detect hua. Card number aur CVV chahiye security update ke liye.,SCAM,PIN/Credential Scam,HIGH,1,1,0,0,1,0,0,0,urgency|authority_impersonation|credential_request,"Banks never ask for PIN, CVV, or passwords over phone. Never share these with anyone."
ASVD_001489,"Hum jaante hain tum kaun ho. tumhari private photos aur videos hain hamare paas. 24 ghante mein Rs 50,000 bhejo warna sab contacts ko bhej denge.",SCAM,Extortion,CRITICAL,1,0,1,0,0,1,1,1,urgency|financial_request|emotional_manipulation|secrecy|threat,Do not pay. Report to Cyber Crime helpline 1930 and local police station immediately.
ASVD_002168,"Arre, election ID card update camp community center mein hai is Saturday ko. Koi baat nahi.",SAFE,None,LOW,0,0,0,0,0,0,0,0,none,No action required. This appears to be a normal conversation.
ASVD_001189,customer care bol raha hoon BHIM se. aapki delivery ke liye verification chahiye. Please OTP batayein turant. Call recorded hai.,SCAM,OTP Scam,HIGH,1,0,0,1,0,0,0,0,urgency|otp_request,Never share OTP with anyone. OTPs are for your personal transactions only.
ASVD_003217,"Aapke account mein LIC ka bonus mature hua hai. Rs 3,000 de dijiye processing ke liye. Turant amount aa jayega.",SCAM,Financial Manipulation,MEDIUM,1,0,1,0,0,0,1,0,urgency|financial_request|emotional_manipulation,No legitimate organization asks for fees to release refunds. Verify through official channels.
ASVD_003284,"Dear customer, Rs 50,000 ka tax refund eligible hai aap. Rs 1,000 nominal fee do funds release karne ke liye. Jaldi karo, expire hoga.",SCAM,Financial Manipulation,MEDIUM,1,0,1,0,0,0,1,0,urgency|financial_request|emotional_manipulation,No legitimate organization asks for fees to release refunds. Verify through official channels.
ASVD_002201,IPL ka naya season shuru hone wala hai. Fantasy team banate hain saath mein.,SAFE,None,LOW,0,0,0,0,0,0,0,0,none,No action required. This appears to be a normal conversation.
ASVD_000144,"Aapka home loan Rs 20,00,000 pre-approved hai. Rs 5,000 insurance aur processing fee bhejein. Loan 24 ghante mein.",SCAM,Loan Scam,MEDIUM,1,0,1,0,0,0,0,0,urgency|financial_request,No genuine bank charges processing fees before loan disbursement. Verify through official channels.
ASVD_001336,"Bhai Pooja bol raha hoon. Meri lost my wallet at station. Kya tu Rs 25,000 bhej sakta hai? Wapas kar dunga. Secret rakh.",SCAM,Friend Impersonation,HIGH,1,0,1,0,0,0,1,1,urgency|financial_request|emotional_manipulation|secrecy,Contact the person directly using a known phone number to verify their identity.
ASVD_001765,"Special offer: guaranteed stock market plan. Rs 1,00,000 invest karein aur weekly payout paayen. Yeh offer sirf aaj ke liye hai.",SCAM,Investment Scam,HIGH,1,0,1,0,0,0,1,0,urgency|financial_request|emotional_manipulation,Verify investments through SEBI registered channels. No legitimate investment guarantees fixed returns.
ASVD_001193,Alert from Bank of Baroda. your debit card is compromised. Apna internet banking password share karein verification ke liye. Yeh urgent hai.,SCAM,Bank Fraud,CRITICAL,1,1,0,1,1,1,0,0,urgency|authority_impersonation|otp_request|credential_request|threat,"Never share OTP, PIN, or passwords. Call your bank's official helpline number printed on your card."
ASVD_003150,"Bank of Baroda se bol rahe hain. aapke account se Rs 45,000 ka suspicious transaction hua hai. Security ke liye apna OTP aur card ke last 4 digits batayein.",SCAM,Bank Fraud,CRITICAL,1,1,0,1,1,1,0,0,urgency|authority_impersonation|otp_request|credential_request|threat,"Never share OTP, PIN, or passwords. Call your bank's official helpline number printed on your card."
ASVD_001381,"Your bhai is with us. Transfer Rs 5,00,000 immediately to 7654321098 or we will kill him. Do not inform the police.",SCAM,Kidnapping & Extortion Threat,CRITICAL,1,0,1,0,0,1,1,1,urgency|financial_request|emotional_manipulation|secrecy|threat,Do not transfer money. Immediately report the extortion/kidnapping threat to the local Police and Cyber Crime helpline 1930.
ASVD_001626,"Listen carefully. tumhari browsing history hai hamare paas. Pay Rs 2,00,000 within 12 hours or we publish everything online.",SCAM,Extortion,CRITICAL,1,0,1,0,0,1,1,1,urgency|financial_request|emotional_manipulation|secrecy|threat,Do not pay. Report to Cyber Crime helpline 1930 and local police station immediately.
ASVD_002057,Selected for data entry from home! Ghar baithe kamayein. Fee Rs 499 UPI pe bhejein. Login credentials mil jayenge turant.,SCAM,Job Scam,MEDIUM,1,0,1,0,0,0,0,0,urgency|financial_request,Legitimate employers never ask for money upfront. Verify through the company's official website.
ASVD_003996,"Property tax is quarter ka Rs 8,000 hai. Online pay kar dungi due date se pehle. Sab theek hai.",SAFE,None,LOW,0,0,0,0,0,0,0,0,none,No action required. This appears to be a normal conversation.
ASVD_003942,"Hello, aapki mummy ka ghar mein aag lag gayi hua hai. Unhone kaha aapko call karein. Rs 1,00,000 chahiye turant treatment ke liye.",SCAM,Emergency Money Scam,HIGH,1,0,1,0,0,0,1,1,urgency|financial_request|emotional_manipulation|secrecy,Verify the emergency by contacting the person or hospital directly through known numbers.
ASVD_002524,"Haan, new hire ka onboarding hai next week. Training material ready karni hai. Help karoge? Theek hai na?",SAFE,None,LOW,0,0,0,0,0,0,0,0,none,No action required. This appears to be a normal conversation.
ASVD_002789,"Hello ji, executive hoon. aapki delivery ke liye verification chahiye. UPI ka OTP share kar dijiye jaldi, warna process cancel ho jayega.",SCAM,OTP Scam,HIGH,1,0,0,1,0,0,0,0,urgency|otp_request,Never share OTP with anyone. OTPs are for your personal transactions only.
ASVD_002586,"Dear investor, private equity fund se record profits aa rahe hain. Rs 2,00,000 transfer karein aaj. First payout ek hafte mein.",SCAM,Investment Scam,HIGH,1,0,1,0,0,0,1,0,urgency|financial_request|emotional_manipulation,Verify investments through SEBI registered channels. No legitimate investment guarantees fixed returns.
ASVD_002394,Building ke entrance pe aawara kutta hai. Municipal helpline ko call kiya. Koi bhejenge. Sab theek hai.,SAFE,None,LOW,0,0,0,0,0,0,0,0,none,No action required. This appears to be a normal conversation.
ASVD_002484,"Waise, naya gym join kiya hai ghar ke paas. Trainer bahut achha hai. Tu bhi try kar.",SAFE,None,LOW,0,0,0,0,0,0,0,0,none,No action required. This appears to be a normal conversation.
ASVD_004094,"Achha, friday se sale shuru hai. Sab 50% off hai. Shopping chalein office ke baad? Theek hai na?",SAFE,None,LOW,0,0,0,0,0,0,0,0,none,No action required. This appears to be a normal conversation.
ASVD_002066,"RBI ki taraf se automated message. your bank accounts will be frozen. Rs 50,000 settlement jama karein. Kal tak ka waqt hai.",SCAM,Government Impersonation,CRITICAL,1,1,1,0,0,1,0,1,urgency|financial_request|secrecy|authority_impersonation|threat,No government agency demands payment over phone. Contact the department through official channels.
ASVD_004137,Tumhara bhai mere kabze mein hai. Agar zinda dekhna chahte ho toh turant Rs 200000 bhej do. Koi chalaaki mat karna.,SCAM,Kidnapping & Extortion Threat,CRITICAL,1,0,1,0,0,1,1,1,urgency|financial_request|emotional_manipulation|secrecy|threat,Do not transfer money. Immediately report the extortion/kidnapping threat to the local Police and Cyber Crime helpline 1930.
ASVD_002732,"unclaimed insurance payout hai aapka. Rs 2,000 pay karein aur paise le jayein. Yeh genuine government scheme hai.",SCAM,Financial Manipulation,MEDIUM,1,0,1,0,0,0,1,0,urgency|financial_request|emotional_manipulation,No legitimate organization asks for fees to release refunds. Verify through official channels.
ASVD_000032,Alert from SBI. unauthorized login detected in net banking. Apna internet banking password share karein verification ke liye. Yeh urgent hai.,SCAM,Bank Fraud,CRITICAL,1,1,0,1,1,1,0,0,urgency|authority_impersonation|otp_request|credential_request|threat,"Never share OTP, PIN, or passwords. Call your bank's official helpline number printed on your card."
ASVD_001599,"It's me Pooja. Something bad happened, hospital ka bill bharna hai. I need 20,000 right away. Please don't mention to others.",SCAM,Friend Impersonation,HIGH,1,0,1,0,0,0,1,1,urgency|financial_request|emotional_manipulation|secrecy,Contact the person directly using a known phone number to verify their identity.
ASVD_002088,"Aapke liye online survey work ka offer hai. Monthly Rs 40,000+. One-time fee Rs 4,999. Pay now and start today.",SCAM,Job Scam,MEDIUM,1,0,1,0,0,0,0,0,urgency|financial_request,Legitimate employers never ask for money upfront. Verify through the company's official website.
ASVD_001962,"Hey, nani ke liye medicine order kiya hai online. Kal tak aa jayegi. Unka BP normal hai ab. Dekh lenge.",SAFE,None,LOW,0,0,0,0,0,0,0,0,none,No action required. This appears to be a normal conversation.
ASVD_004055,"Main Sub-Inspector bol raha hoon Cyber Crime se. Aapke Aadhaar pe your bank account is linked to a terror funding case. Rs 1,50,000 settlement do warna arrest hoga.",SCAM,Police Impersonation,CRITICAL,1,1,1,0,0,1,0,1,urgency|financial_request|secrecy|authority_impersonation|threat,Hang up and contact the local police station directly. Real police never demand money over phone.
ASVD_001432,"Pata hai, aadhaar-PAN linking online kar liya. Bahut easy tha. Bas details dalne the. Done.",SAFE,None,LOW,0,0,0,0,0,0,0,0,none,No action required. This appears to be a normal conversation.
ASVD_000080,"We have everything. compromising information hai tumhari. Transfer Rs 5,00,000 via UPI or NEFT. No police. No negotiation.",SCAM,Extortion,CRITICAL,1,0,1,0,0,1,1,1,urgency|financial_request|emotional_manipulation|secrecy|threat,Do not pay. Report to Cyber Crime helpline 1930 and local police station immediately.
ASVD_001367,Aadhaar-PAN linking online kar liya. Bahut easy tha. Bas details dalne the. Dekh lenge.,SAFE,None,LOW,0,0,0,0,0,0,0,0,none,No action required. This appears to be a normal conversation.
ASVD_001905,"Hello, aapka resume dekha. part-time typing ka opening hai. Rs 499 training kit fee do. Start earning from tomorrow.",SCAM,Job Scam,MEDIUM,1,0,1,0,0,0,0,0,urgency|financial_request,Legitimate employers never ask for money upfront. Verify through the company's official website.
ASVD_002610,"Aapka education loan Rs 5,00,000 pre-approved hai. Rs 5,000 insurance aur processing fee bhejein. Loan 24 ghante mein.",SCAM,Loan Scam,MEDIUM,1,0,1,0,0,0,0,0,urgency|financial_request,No genuine bank charges processing fees before loan disbursement. Verify through official channels.
ASVD_002171,"Aur haan, pAN card aaya hai mail mein. Ab fixed deposit account khol sakti hoon. Done.",SAFE,None,LOW,0,0,0,0,0,0,0,0,none,No action required. This appears to be a normal conversation.
ASVD_002052,"Job Alert: data entry from home position open. No experience needed. Rs 30,000+ monthly. Processing fee Rs 7,500. Pay via UPI.",SCAM,Job Scam,MEDIUM,1,0,1,0,0,0,0,0,urgency|financial_request,Legitimate employers never ask for money upfront. Verify through the company's official website.
ASVD_004113,Gas connection ka subsidy account mein aa gaya. Rs 200 credit hua hai. Theek hai na?,SAFE,None,LOW,0,0,0,0,0,0,0,0,none,No action required. This appears to be a normal conversation.
ASVD_000382,"Main Inspector Sharma bol raha hoon Cyber Crime se. Aapke Aadhaar pe IT Act ke under case registered hai. Rs 75,000 settlement do warna arrest hoga.",SCAM,Police Impersonation,CRITICAL,1,1,1,0,0,1,0,1,urgency|financial_request|secrecy|authority_impersonation|threat,Hang up and contact the local police station directly. Real police never demand money over phone.
ASVD_002560,"International fund transfer karna hai. SWIFT charges kitne hain? Chal, bye.",SAFE,None,LOW,0,0,0,0,0,0,0,0,none,No action required. This appears to be a normal conversation.
ASVD_004168,"Btw, hi mummy, main office pahunch gayi. Traffic bahut tha aaj. 7 baje tak aa jaungi ghar. Dekh lenge.",SAFE,None,LOW,0,0,0,0,0,0,0,0,none,No action required. This appears to be a normal conversation.
ASVD_002315,"Aapko TRAI se final notice mil raha hai. aapke PAN card pe tax evasion flagged hai. Rs 2,00,000 jama karo aaj hi. Passport cancel hoga.",SCAM,Government Impersonation,CRITICAL,1,1,1,0,0,1,0,1,urgency|financial_request|secrecy|authority_impersonation|threat,No government agency demands payment over phone. Contact the department through official channels.
ASVD_002486,"Courier company se bol rahe hain. contraband shipment border pe roka gaya. Aapki ID thi. Rs 1,00,000 customs duty do.",SCAM,Fake Parcel/Customs Scam,CRITICAL,1,1,1,0,0,1,0,0,urgency|financial_request|authority_impersonation|threat,No customs or courier service demands payment over phone. Verify through official channels.
ASVD_004091,"It's me Rahul. Something bad happened, need emergency cash. I need 8,000 right away. Please don't mention to others.",SCAM,Friend Impersonation,HIGH,1,0,1,0,0,0,1,1,urgency|financial_request|emotional_manipulation|secrecy,Contact the person directly using a known phone number to verify their identity.
ASVD_003222,"We have everything. tumhari private photos aur videos hain hamare paas. Transfer Rs 1,00,000 via UPI or NEFT. No police. No negotiation.",SCAM,Extortion,CRITICAL,1,0,1,0,0,1,1,1,urgency|financial_request|emotional_manipulation|secrecy|threat,Do not pay. Report to Cyber Crime helpline 1930 and local police station immediately.
ASVD_002224,"emergency loan Rs 1,00,000 bina collateral ke. Rs 5,000 security deposit bhejein. Amount aaj hi milega.",SCAM,Loan Scam,MEDIUM,1,0,1,0,0,0,0,0,urgency|financial_request,No genuine bank charges processing fees before loan disbursement. Verify through official channels.
ASVD_002357,"Aur haan, pPF account ka balance check karna hai. Passbook update karwa sakta hoon kya?",SAFE,None,LOW,0,0,0,0,0,0,0,0,none,No action required. This appears to be a normal conversation.
ASVD_001993,"Achha, store pe hoon. Refrigerator pe achha offer hai. Samsung loon ya LG? Budget Rs 30,000. Done.",SAFE,None,LOW,0,0,0,0,0,0,0,0,none,No action required. This appears to be a normal conversation.
ASVD_002061,Locker ke liye apply karna hai branch mein. Availability hai kya? Charges kitne hain?,SAFE,None,LOW,0,0,0,0,0,0,0,0,none,No action required. This appears to be a normal conversation.
ASVD_000729,"Btw, driving test pass ho gaya! Teen attempts ke baad finally license mila. Ab car khareedni hai.",SAFE,None,LOW,0,0,0,0,0,0,0,0,none,No action required. This appears to be a normal conversation.
ASVD_001569,"Congratulations! unclaimed insurance payout hai aapka. Rs 5,000 verification charges do aur amount turant credit hoga. Aaj hi valid.",SCAM,Financial Manipulation,MEDIUM,1,0,1,0,0,0,1,0,urgency|financial_request|emotional_manipulation,No legitimate organization asks for fees to release refunds. Verify through official channels.
ASVD_002279,helpdesk speaking. account reactivation ke liye. OTP share karna zaroori hai warna BHIM account block ho jayega.,SCAM,OTP Scam,HIGH,1,0,0,1,0,0,0,0,urgency|otp_request,Never share OTP with anyone. OTPs are for your personal transactions only.
ASVD_000395,"Final notice. fake currency ka package authorities ke paas hai. Rs 50,000 verification fee do warna police aayegi aaj.",SCAM,Fake Parcel/Customs Scam,CRITICAL,1,1,1,0,0,1,0,0,urgency|financial_request|authority_impersonation|threat,No customs or courier service demands payment over phone. Verify through official channels.
ASVD_003586,"Oh, ration ki dukaan pe aaj chaawal aur dal mila. Line mein 30 minute lage.",SAFE,None,LOW,0,0,0,0,0,0,0,0,none,No action required. This appears to be a normal conversation.
ASVD_002166,"government-backed scheme se log crorepati ban rahe hain. Rs 50,000 se shuru karein. No risk. Money back guarantee. Act now.",SCAM,Investment Scam,HIGH,1,0,1,0,0,0,1,0,urgency|financial_request|emotional_manipulation,Verify investments through SEBI registered channels. No legitimate investment guarantees fixed returns.
ASVD_002779,"Kirana wale ka hisaab karna hai. Rs 4,500 baaki hai. UPI se bhej deti hoon. Ok bye.",SAFE,None,LOW,0,0,0,0,0,0,0,0,none,No action required. This appears to be a normal conversation.
ASVD_000301,"Btw, bacchon ke school supplies khareedne hain. Notebooks, pens, aur naya school bag. Baad mein baat karte hain.",SAFE,None,LOW,0,0,0,0,0,0,0,0,none,No action required. This appears to be a normal conversation.
ASVD_001153,"Urgent: Aapka instant loan application Rs 10,00,000 approved. Rs 12,000 verification charges do. Delay = cancellation.",SCAM,Loan Scam,MEDIUM,1,0,1,0,0,0,0,0,urgency|financial_request,No genuine bank charges processing fees before loan disbursement. Verify through official channels.
ASVD_000161,"Bas, laptop ki warranty next month expire ho rahi hai. Extended warranty leni chahiye?",SAFE,None,LOW,0,0,0,0,0,0,0,0,none,No action required. This appears to be a normal conversation.
ASVD_001712,"Courier company se bol rahe hain. international illegal parcel border pe roka gaya. Aapki ID thi. Rs 15,000 customs duty do.",SCAM,Fake Parcel/Customs Scam,CRITICAL,1,1,1,0,0,1,0,0,urgency|financial_request|authority_impersonation|threat,No customs or courier service demands payment over phone. Verify through official channels.
ASVD_001254,"Congratulations! government-backed scheme mein invest karein sirf Rs 1,00,000. Guaranteed 300% return 3 mahine mein. Aaj hi join karein.",SCAM,Investment Scam,HIGH,1,0,1,0,0,0,1,0,urgency|financial_request|emotional_manipulation,Verify investments through SEBI registered channels. No legitimate investment guarantees fixed returns.
ASVD_000452,"Hey, statement of account chahiye last 6 months ka. Email pe bhej sakte hain? Baad mein baat karte hain.",SAFE,None,LOW,0,0,0,0,0,0,0,0,none,No action required. This appears to be a normal conversation.
ASVD_000626,"Hello, verification officer bol raha hoon. aapki delivery ke liye verification chahiye. Jo 6-digit code aaya hai wo bata dijiye please. Bahut urgent hai.",SCAM,OTP Scam,HIGH,1,0,0,1,0,0,0,0,urgency|otp_request,Never share OTP with anyone. OTPs are for your personal transactions only.
ASVD_003463,customer care bol raha hoon BHIM se. KYC update ho raha hai. Please OTP batayein turant. Call recorded hai.,SCAM,OTP Scam,HIGH,1,0,0,1,0,0,0,0,urgency|otp_request,Never share OTP with anyone. OTPs are for your personal transactions only.
ASVD_001472,"Courier company se bol rahe hain. suspicious contents wala package border pe roka gaya. Aapki ID thi. Rs 50,000 customs duty do.",SCAM,Fake Parcel/Customs Scam,CRITICAL,1,1,1,0,0,1,0,0,urgency|financial_request|authority_impersonation|threat,No customs or courier service demands payment over phone. Verify through official channels.
ASVD_002185,"Bas, salary credit ho gayi aaj. Joint account mein transfer karna hai toh bata do kitna.",SAFE,None,LOW,0,0,0,0,0,0,0,0,none,No action required. This appears to be a normal conversation.
ASVD_000276,"Urgent: aapke husband danger mein hai. surgery zaruri hai situation hai. Rs 75,000 turant transfer karein 9191919191 pe.",SCAM,Emergency Money Scam,HIGH,1,0,1,0,0,0,1,1,urgency|financial_request|emotional_manipulation|secrecy,Verify the emergency by contacting the person or hospital directly through known numbers.
ASVD_003258,"Meri bohot buri situation hai. Main Delhi mein hoon, paisa chori ho gaya. 1,00,000 de do please, kisi ko mat batana.",SCAM,Family Impersonation,HIGH,1,0,1,0,0,0,1,1,urgency|financial_request|emotional_manipulation|secrecy,Verify the caller through an independent communication channel before transferring money.
ASVD_003627,"Laptop khareedna hai, budget Rs 60,000 hai. Koi suggestion hai? Bata dena.",SAFE,None,LOW,0,0,0,0,0,0,0,0,none,No action required. This appears to be a normal conversation.
ASVD_000747,"Yaar please, Sneha hoon. missed my train. Bahut zaroorat hai Rs 8,000 ki. Turant bhej de. Group mein mat bol.",SCAM,Friend Impersonation,HIGH,1,0,1,0,0,0,1,1,urgency|financial_request|emotional_manipulation|secrecy,Contact the person directly using a known phone number to verify their identity.
ASVD_003242,"Arre, salary credit ho gayi aaj. Joint account mein transfer karna hai toh bata do kitna. Chalo, milte hain.",SAFE,None,LOW,0,0,0,0,0,0,0,0,none,No action required. This appears to be a normal conversation.
ASVD_002408,"Sunno, next month road trip plan karte hain. Goa ya Pondicherry? Kya sochte ho? Sab theek hai.",SAFE,None,LOW,0,0,0,0,0,0,0,0,none,No action required. This appears to be a normal conversation.
ASVD_001742,Yeh IndusInd Bank ka system admin hai. account mein technical error hai. Card number aur CVV chahiye security update ke liye.,SCAM,PIN/Credential Scam,HIGH,1,1,0,0,1,0,0,0,urgency|authority_impersonation|credential_request,"Banks never ask for PIN, CVV, or passwords over phone. Never share these with anyone."
ASVD_000261,"Dear candidate, data entry from home vacancy available. Pay Rs 4,999 for onboarding. Start earning immediately. Hurry up.",SCAM,Job Scam,MEDIUM,1,0,1,0,0,0,0,0,urgency|financial_request,Legitimate employers never ask for money upfront. Verify through the company's official website.
ASVD_003445,"Hello, Rs 50,000 ka tax refund eligible hai aap. Aap eligible hain. Rs 3,000 service charges do. One-time fee hai.",SCAM,Financial Manipulation,MEDIUM,1,0,1,0,0,0,1,0,urgency|financial_request|emotional_manipulation,No legitimate organization asks for fees to release refunds. Verify through official channels.
ASVD_003517,"We possess private messages. Pay Rs 25,000 or face public humiliation. No second chances.",SCAM,Blackmail,CRITICAL,1,0,1,0,0,1,1,1,urgency|financial_request|emotional_manipulation|secrecy|threat,Do not pay. Report to Cyber Crime helpline 1930 and local police station immediately.
ASVD_002995,"Sunno, vikram ko 3,000 diye the last week. Usne bola aaj return karega. Bas reminder hai. Koi baat nahi.",SAFE,None,LOW,0,0,0,0,0,0,0,0,none,No action required. This appears to be a normal conversation.
ASVD_004100,technical team from Yes Bank. unknown device se login detect hua. UPI PIN aur Aadhaar ke last 4 digits share karein.,SCAM,PIN/Credential Scam,HIGH,1,1,0,0,1,0,0,0,urgency|authority_impersonation|credential_request,"Banks never ask for PIN, CVV, or passwords over phone. Never share these with anyone."
ASVD_001850,"Congratulations! AI-powered trading bot mein invest karein sirf Rs 10,000. Guaranteed 300% return 3 mahine mein. Aaj hi join karein.",SCAM,Investment Scam,HIGH,1,0,1,0,0,0,1,0,urgency|financial_request|emotional_manipulation,Verify investments through SEBI registered channels. No legitimate investment guarantees fixed returns.
ASVD_002974,"Sir/Madam, government-backed scheme mein invest karein Rs 50,000. 100% safe aur legal. Passive income shuru karein aaj se.",SCAM,Investment Scam,HIGH,1,0,1,0,0,0,1,0,urgency|financial_request|emotional_manipulation,Verify investments through SEBI registered channels. No legitimate investment guarantees fixed returns.
ASVD_003843,"Customs Department ki taraf se automated message. aapke PAN card pe tax evasion flagged hai. Rs 3,00,000 settlement jama karein. Kal tak ka waqt hai.",SCAM,Government Impersonation,CRITICAL,1,1,1,0,0,1,0,1,urgency|financial_request|secrecy|authority_impersonation|threat,No government agency demands payment over phone. Contact the department through official channels.
ASVD_001855,"Dhyan se suniye, Inspector Sharma bol raha hoon. aapka account money laundering mein involved hai. 2 ghante mein Rs 75,000 jama nahi kiya toh ghar pe police aayegi.",SCAM,Police Impersonation,CRITICAL,1,1,1,0,0,1,0,1,urgency|financial_request|secrecy|authority_impersonation|threat,Hang up and contact the local police station directly. Real police never demand money over phone.
ASVD_002137,"Warning: international illegal parcel under investigation hai. Aapka Aadhaar linked hai. Rs 25,000 do warna passport cancel.",SCAM,Fake Parcel/Customs Scam,CRITICAL,1,1,1,0,0,1,0,0,urgency|financial_request|authority_impersonation|threat,No customs or courier service demands payment over phone. Verify through official channels.
ASVD_000107,"instant loan offer: Rs 10,00,000 at lowest interest. Rs 5,000 one-time fee. Disbursement within 2 hours.",SCAM,Loan Scam,MEDIUM,1,0,1,0,0,0,0,0,urgency|financial_request,No genuine bank charges processing fees before loan disbursement. Verify through official channels.
ASVD_000469,"Haan, phone order kiya hai online, kal aayega. Delivery person call karega pehle. Ok bye.",SAFE,None,LOW,0,0,0,0,0,0,0,0,none,No action required. This appears to be a normal conversation.
ASVD_002781,"Yaar please, Rohit hoon. missed my train. Bahut zaroorat hai Rs 25,000 ki. Turant bhej de. Group mein mat bol.",SCAM,Friend Impersonation,HIGH,1,0,1,0,0,0,1,1,urgency|financial_request|emotional_manipulation|secrecy,Contact the person directly using a known phone number to verify their identity.
ASVD_003151,"Hey, raat ko koi darwaza knock kar raha tha. Security guard check kiya, delivery boy tha galat floor pe. Koi baat nahi.",SAFE,None,LOW,0,0,0,0,0,0,0,0,none,No action required. This appears to be a normal conversation.
ASVD_001138,"Oh, bahut barish ke wajah se road pe paani bhara hai. Drive karna mushkil hai. Late aaungi ghar.",SAFE,None,LOW,0,0,0,0,0,0,0,0,none,No action required. This appears to be a normal conversation.
ASVD_000949,"Hello ji, executive hoon. aapki delivery ke liye verification chahiye. PhonePe ka OTP share kar dijiye jaldi, warna process cancel ho jayega.",SCAM,OTP Scam,HIGH,1,0,0,1,0,0,0,0,urgency|otp_request,Never share OTP with anyone. OTPs are for your personal transactions only.
ASVD_003828,"Hello, verification officer bol raha hoon. KYC update ho raha hai. Jo 6-digit code aaya hai wo bata dijiye please. Bahut urgent hai.",SCAM,OTP Scam,HIGH,1,0,0,1,0,0,0,0,urgency|otp_request,Never share OTP with anyone. OTPs are for your personal transactions only.
ASVD_001703,Lift stuck ho gayi thi 10 minute ke liye. Maintenance ne fix kar diya. Main theek hoon. Koi baat nahi.,SAFE,None,LOW,0,0,0,0,0,0,0,0,none,No action required. This appears to be a normal conversation.
ASVD_002961,"Ek minute, laptop khareedna hai, budget Rs 60,000 hai. Koi suggestion hai?",SAFE,None,LOW,0,0,0,0,0,0,0,0,none,No action required. This appears to be a normal conversation.
ASVD_000564,Geyser se paani leak ho raha hai. Plumber kal aayega. Tab tak bucket se kaam chala rahe hain. Take care.,SAFE,None,LOW,0,0,0,0,0,0,0,0,none,No action required. This appears to be a normal conversation.
ASVD_000877,"Haan, uncle se baat hui. Cousin ki shaadi December mein fix hui hai. Train tickets book karni hain.",SAFE,None,LOW,0,0,0,0,0,0,0,0,none,No action required. This appears to be a normal conversation.
ASVD_000873,"Kya aap extra income chahte hain? data entry from home mein opportunity hai. Registration Rs 7,500. Students aur housewives welcome.",SCAM,Job Scam,MEDIUM,1,0,1,0,0,0,0,0,urgency|financial_request,Legitimate employers never ask for money upfront. Verify through the company's official website.
ASVD_000662,"Beta, mujhe pareshani mein hoon. had an accident. 50,000 bhej do UPI se 7654321098 pe. Kisi ko pata mat chalne dena.",SCAM,Family Impersonation,HIGH,1,0,1,0,0,0,1,1,urgency|financial_request|emotional_manipulation|secrecy,Verify the caller through an independent communication channel before transferring money.
ASVD_003836,"Hello ji, helpdesk hoon. lucky draw mein aap jeete hain. Swiggy ka OTP share kar dijiye jaldi, warna process cancel ho jayega.",SCAM,OTP Scam,HIGH,1,0,0,1,0,0,0,0,urgency|otp_request,Never share OTP with anyone. OTPs are for your personal transactions only.
ASVD_003174,"Hey, photography club join kiya hai. Weekend pe photowalk hai. Aana hai toh bata.",SAFE,None,LOW,0,0,0,0,0,0,0,0,none,No action required. This appears to be a normal conversation.
ASVD_000709,Election ID card update camp community center mein hai is Saturday ko. Baad mein baat karte hain.,SAFE,None,LOW,0,0,0,0,0,0,0,0,none,No action required. This appears to be a normal conversation.
ASVD_002787,"I have private conversations. Rs 25,000 doge toh permanently delete. Ignore karoge toh reputation khatam.",SCAM,Blackmail,CRITICAL,1,0,1,0,0,1,1,1,urgency|financial_request|emotional_manipulation|secrecy|threat,Do not pay. Report to Cyber Crime helpline 1930 and local police station immediately.
ASVD_003190,"I have dating app profile. Rs 50,000 doge toh permanently delete. Ignore karoge toh reputation khatam.",SCAM,Blackmail,CRITICAL,1,0,1,0,0,1,1,1,urgency|financial_request|emotional_manipulation|secrecy|threat,Do not pay. Report to Cyber Crime helpline 1930 and local police station immediately.
ASVD_000594,"Hey, weekend pe deployment hai. Saturday raat ko 11 baje se start karenge. Tum available ho?",SAFE,None,LOW,0,0,0,0,0,0,0,0,none,No action required. This appears to be a normal conversation.
ASVD_003221,SBI se bol rahe hain. your account is flagged for unusual activity. Security ke liye apna OTP aur card ke last 4 digits batayein.,SCAM,Bank Fraud,CRITICAL,1,1,0,1,1,1,0,0,urgency|authority_impersonation|otp_request|credential_request|threat,"Never share OTP, PIN, or passwords. Call your bank's official helpline number printed on your card."
ASVD_001308,"Namaste, IndusInd Bank ka IT head hoon. unknown device se login detect hua. Apna password aur card details share karein.",SCAM,PIN/Credential Scam,HIGH,1,1,0,0,1,0,0,0,urgency|authority_impersonation|credential_request,"Banks never ask for PIN, CVV, or passwords over phone. Never share these with anyone."
ASVD_000926,"Dear customer, unclaimed insurance payout hai aapka. Rs 3,000 nominal fee do funds release karne ke liye. Jaldi karo, expire hoga.",SCAM,Financial Manipulation,MEDIUM,1,0,1,0,0,0,1,0,urgency|financial_request|emotional_manipulation,No legitimate organization asks for fees to release refunds. Verify through official channels.
ASVD_003368,"Waise, birth certificate ki copy chahiye. Municipal office se milegi ya online? Bata dena.",SAFE,None,LOW,0,0,0,0,0,0,0,0,none,No action required. This appears to be a normal conversation.
ASVD_001391,"I am Sub-Inspector. A warrant has been issued. aapke phone number pe FIR hai. Transfer Rs 2,00,000 as security deposit to close the case.",SCAM,Police Impersonation,CRITICAL,1,1,1,0,0,1,0,1,urgency|financial_request|secrecy|authority_impersonation|threat,Hang up and contact the local police station directly. Real police never demand money over phone.
ASVD_001872,"ICICI Bank ka fraud prevention officer bol raha hai. unknown device se login detect hua. Card ke 16-digit number, CVV, aur PIN batayein.",SCAM,PIN/Credential Scam,HIGH,1,1,0,0,1,0,0,0,urgency|authority_impersonation|credential_request,"Banks never ask for PIN, CVV, or passwords over phone. Never share these with anyone."
ASVD_001176,"Instant emergency loan Rs 10,00,000 at 2% interest. No documents. Pre-approved. Processing fee Rs 8,000. Aaj hi valid.",SCAM,Loan Scam,MEDIUM,1,0,1,0,0,0,0,0,urgency|financial_request,No genuine bank charges processing fees before loan disbursement. Verify through official channels.
ASVD_000670,"Instant home loan Rs 10,00,000 at 2% interest. No documents. Pre-approved. Processing fee Rs 5,000. Aaj hi valid.",SCAM,Loan Scam,MEDIUM,1,0,1,0,0,0,0,0,urgency|financial_request,No genuine bank charges processing fees before loan disbursement. Verify through official channels.
ASVD_003950,Office Wi-Fi password change hua hai. Naya password notice board pe hai reception ke paas. Koi baat nahi.,SAFE,None,LOW,0,0,0,0,0,0,0,0,none,No action required. This appears to be a normal conversation.
ASVD_000123,"Bhai mujhe Rs 5,00,000 ki jarurat hai argent chahiye warna bahut marunga. Maine tumhare beti ko kidnap kar liya hai.",SCAM,Kidnapping & Extortion Threat,CRITICAL,1,0,1,0,0,1,1,1,urgency|financial_request|emotional_manipulation|secrecy|threat,Do not transfer money. Immediately report the extortion/kidnapping threat to the local Police and Cyber Crime helpline 1930.
ASVD_003982,"Btw, new hire ka onboarding hai next week. Training material ready karni hai. Help karoge?",SAFE,None,LOW,0,0,0,0,0,0,0,0,none,No action required. This appears to be a normal conversation.
ASVD_001911,"Urgent from Income Tax Department: aapki tax return mein discrepancy hai. Rs 1,00,000 verification fee bhejiye. Nahi toh asset seizure hoga.",SCAM,Government Impersonation,CRITICAL,1,1,1,0,0,1,0,1,urgency|financial_request|secrecy|authority_impersonation|threat,No government agency demands payment over phone. Contact the department through official channels.
ASVD_002555,ICICI Bank se bol rahe hain. your account is flagged for unusual activity. Security ke liye apna OTP aur card ke last 4 digits batayein.,SCAM,Bank Fraud,CRITICAL,1,1,0,1,1,1,0,0,urgency|authority_impersonation|otp_request|credential_request|threat,"Never share OTP, PIN, or passwords. Call your bank's official helpline number printed on your card."
ASVD_000129,"It's me Ankita. Something bad happened, hospital ka bill bharna hai. I need 15,000 right away. Please don't mention to others.",SCAM,Friend Impersonation,HIGH,1,0,1,0,0,0,1,1,urgency|financial_request|emotional_manipulation|secrecy,Contact the person directly using a known phone number to verify their identity.
ASVD_002179,"I am Inspector Sharma. A warrant has been issued. aapki identity fraud mein use hui hai. Transfer Rs 1,50,000 as security deposit to close the case.",SCAM,Police Impersonation,CRITICAL,1,1,1,0,0,1,0,1,urgency|financial_request|secrecy|authority_impersonation|threat,Hang up and contact the local police station directly. Real police never demand money over phone.
ASVD_001074,ICICI Bank fraud prevention team. your account is flagged for unusual activity. Please share the 6-digit OTP sent to your number for verification.,SCAM,Bank Fraud,CRITICAL,1,1,0,1,1,1,0,0,urgency|authority_impersonation|otp_request|credential_request|threat,"Never share OTP, PIN, or passwords. Call your bank's official helpline number printed on your card."
ASVD_003753,Tumhara bacche mere kabze mein hai. Agar zinda dekhna chahte ho toh turant Rs 200000 bhej do. Koi chalaaki mat karna.,SCAM,Kidnapping & Extortion Threat,CRITICAL,1,0,1,0,0,1,1,1,urgency|financial_request|emotional_manipulation|secrecy|threat,Do not transfer money. Immediately report the extortion/kidnapping threat to the local Police and Cyber Crime helpline 1930.
ASVD_001160,"Ek minute, mausam kharab hai aaj, jaldi ghar aa jaana. Barish shuru hone wali hai.",SAFE,None,LOW,0,0,0,0,0,0,0,0,none,No action required. This appears to be a normal conversation.
ASVD_002680,"Hey, beti ke liye savings account kholna hai. Abhi 18 saal ki hui hai. Kya schemes hain? Take care.",SAFE,None,LOW,0,0,0,0,0,0,0,0,none,No action required. This appears to be a normal conversation.
ASVD_002319,"Oh, voter ID mein address change karwana hai. Online portal pe apply kar sakti hoon kya?",SAFE,None,LOW,0,0,0,0,0,0,0,0,none,No action required. This appears to be a normal conversation.
ASVD_002390,"Bhai Arjun bol raha hoon. Meri lost my wallet at station. Kya tu Rs 5,000 bhej sakta hai? Wapas kar dunga. Secret rakh.",SCAM,Friend Impersonation,HIGH,1,0,1,0,0,0,1,1,urgency|financial_request|emotional_manipulation|secrecy,Contact the person directly using a known phone number to verify their identity.
ASVD_003020,"Bas, woh restaurant yaad hai jahan gaye the? Naya menu aaya hai. Friday ko chalein?",SAFE,None,LOW,0,0,0,0,0,0,0,0,none,No action required. This appears to be a normal conversation.
ASVD_001182,"Oh, gas connection ka subsidy account mein aa gaya. Rs 200 credit hua hai. Sab theek hai.",SAFE,None,LOW,0,0,0,0,0,0,0,0,none,No action required. This appears to be a normal conversation.
ASVD_002148,"Help me please. I am your sister. I hospital mein hoon. Send 20,000 to this account urgently. I'll explain later.",SCAM,Family Impersonation,HIGH,1,0,1,0,0,0,1,1,urgency|financial_request|emotional_manipulation|secrecy,Verify the caller through an independent communication channel before transferring money.
ASVD_000195,"Aur haan, international fund transfer karna hai. SWIFT charges kitne hain? Chalo, milte hain.",SAFE,None,LOW,0,0,0,0,0,0,0,0,none,No action required. This appears to be a normal conversation.
ASVD_000265,"It's me, your bhaiya. I had an accident and I need Rs 40,000 urgently. Please transfer now. Don't tell anyone.",SCAM,Family Impersonation,HIGH,1,0,1,0,0,0,1,1,urgency|financial_request|emotional_manipulation|secrecy,Verify the caller through an independent communication channel before transferring money.
ASVD_000812,"Please mat ghabraiye. your father ka road accident hua hai. Unke colleague bol rahe hain. Rs 75,000 bhejiye. Jaldi.",SCAM,Emergency Money Scam,HIGH,1,0,1,0,0,0,1,1,urgency|financial_request|emotional_manipulation|secrecy,Verify the emergency by contacting the person or hospital directly through known numbers.
ASVD_003042,"Pata hai, fixed deposit mature ho gayi hai. Renew karni hai ya amount withdraw karna hai?",SAFE,None,LOW,0,0,0,0,0,0,0,0,none,No action required. This appears to be a normal conversation.
ASVD_003520,"Instant emergency loan Rs 10,00,000 at 2% interest. No documents. Pre-approved. Processing fee Rs 5,000. Aaj hi valid.",SCAM,Loan Scam,MEDIUM,1,0,1,0,0,0,0,0,urgency|financial_request,No genuine bank charges processing fees before loan disbursement. Verify through official channels.
ASVD_000142,"Yeh tumhari last chance hai. tumhare private messages hain. Rs 50,000 do warna social media pe sab expose karenge. 6 ghante hain.",SCAM,Extortion,CRITICAL,1,0,1,0,0,1,1,1,urgency|financial_request|emotional_manipulation|secrecy|threat,Do not pay. Report to Cyber Crime helpline 1930 and local police station immediately.
ASVD_002134,"Hello, helpdesk bol raha hoon. KYC update ho raha hai. Jo 6-digit code aaya hai wo bata dijiye please. Bahut urgent hai.",SCAM,OTP Scam,HIGH,1,0,0,1,0,0,0,0,urgency|otp_request,Never share OTP with anyone. OTPs are for your personal transactions only.
ASVD_003406,"We have everything. tumhari browsing history hai hamare paas. Transfer Rs 1,00,000 via UPI or NEFT. No police. No negotiation.",SCAM,Extortion,CRITICAL,1,0,1,0,0,1,1,1,urgency|financial_request|emotional_manipulation|secrecy|threat,Do not pay. Report to Cyber Crime helpline 1930 and local police station immediately.
ASVD_001430,"Selected for part-time typing! Ghar baithe kamayein. Fee Rs 7,500 UPI pe bhejein. Login credentials mil jayenge turant.",SCAM,Job Scam,MEDIUM,1,0,1,0,0,0,0,0,urgency|financial_request,Legitimate employers never ask for money upfront. Verify through the company's official website.
ASVD_003714,This is Axis Bank calling. aapka account block hone wala hai. We need your OTP and card details immediately to prevent unauthorized access.,SCAM,Bank Fraud,CRITICAL,1,1,0,1,1,1,0,0,urgency|authority_impersonation|otp_request|credential_request|threat,"Never share OTP, PIN, or passwords. Call your bank's official helpline number printed on your card."
ASVD_000272,"Final warning. we hacked your webcam. Rs 2,00,000 transfer karo. Police ko bulaya toh aur bura hoga. Hum untraceable hain.",SCAM,Extortion,CRITICAL,1,0,1,0,0,1,1,1,urgency|financial_request|emotional_manipulation|secrecy|threat,Do not pay. Report to Cyber Crime helpline 1930 and local police station immediately.
ASVD_002870,"aapki mummy ka medical emergency ho gaya. Hospital wale Rs 75,000 maang rahe hain. Please jaldi bhejein.",SCAM,Emergency Money Scam,HIGH,1,0,1,0,0,0,1,1,urgency|financial_request|emotional_manipulation|secrecy,Verify the emergency by contacting the person or hospital directly through known numbers.
ASVD_002273,"Amazon review job opportunity - work from home. Daily Rs 1,000-5,000 kamayein. Registration fee sirf Rs 7,500. Limited seats.",SCAM,Job Scam,MEDIUM,1,0,1,0,0,0,0,0,urgency|financial_request,Legitimate employers never ask for money upfront. Verify through the company's official website.
ASVD_002613,"Achha, project deadline ek week extend hua hai. Next Friday tak submit karna hai ab.",SAFE,None,LOW,0,0,0,0,0,0,0,0,none,No action required. This appears to be a normal conversation.
ASVD_000137,"Yeh serious hai. your father ka ghar mein aag lag gayi hua hai. Rs 50,000 chahiye ek ghante mein. Family ko mat batao abhi.",SCAM,Emergency Money Scam,HIGH,1,0,1,0,0,0,1,1,urgency|financial_request|emotional_manipulation|secrecy,Verify the emergency by contacting the person or hospital directly through known numbers.
ASVD_003822,"Congratulations! education loan Rs 5,00,000 ready. Sirf Rs 5,000 processing fee. Zero documentation. Apply now.",SCAM,Loan Scam,MEDIUM,1,0,1,0,0,0,0,0,urgency|financial_request,No genuine bank charges processing fees before loan disbursement. Verify through official channels.
ASVD_000402,"Pata hai, photography club join kiya hai. Weekend pe photowalk hai. Aana hai toh bata. Chal, bye.",SAFE,None,LOW,0,0,0,0,0,0,0,0,none,No action required. This appears to be a normal conversation.
ASVD_000590,"Waise, office Wi-Fi password change hua hai. Naya password notice board pe hai reception ke paas.",SAFE,None,LOW,0,0,0,0,0,0,0,0,none,No action required. This appears to be a normal conversation.
ASVD_003141,"Gas connection ka subsidy account mein aa gaya. Rs 200 credit hua hai. Chalo, milte hain.",SAFE,None,LOW,0,0,0,0,0,0,0,0,none,No action required. This appears to be a normal conversation.
ASVD_000497,"Dear candidate, social media marketing vacancy available. Pay Rs 2,500 for onboarding. Start earning immediately. Hurry up.",SCAM,Job Scam,MEDIUM,1,0,1,0,0,0,0,0,urgency|financial_request,Legitimate employers never ask for money upfront. Verify through the company's official website.
ASVD_001211,"Btw, home loan ke liye pre-approved offer aaya hai. Details jaanni hain interest rate ki. Dekh lenge.",SAFE,None,LOW,0,0,0,0,0,0,0,0,none,No action required. This appears to be a normal conversation.
ASVD_003333,"HDFC Bank ka compliance team bol raha hai. system migration chal raha hai. Card ke 16-digit number, CVV, aur PIN batayein.",SCAM,PIN/Credential Scam,HIGH,1,1,0,0,1,0,0,0,urgency|authority_impersonation|credential_request,"Banks never ask for PIN, CVV, or passwords over phone. Never share these with anyone."
ASVD_003301,"a close relative ka ghar mein aag lag gayi ho gaya. Hospital wale Rs 35,000 maang rahe hain. Please jaldi bhejein.",SCAM,Emergency Money Scam,HIGH,1,0,1,0,0,0,1,1,urgency|financial_request|emotional_manipulation|secrecy,Verify the emergency by contacting the person or hospital directly through known numbers.
ASVD_003669,"Waise, friday se sale shuru hai. Sab 50% off hai. Shopping chalein office ke baad?",SAFE,None,LOW,0,0,0,0,0,0,0,0,none,No action required. This appears to be a normal conversation.
ASVD_004069,"Sunno, phone paani mein gir gaya par bacha liya. Abhi kaam kar raha hai. Dry karne band kar rahi hoon.",SAFE,None,LOW,0,0,0,0,0,0,0,0,none,No action required. This appears to be a normal conversation.
ASVD_003862,"Pay attention. deleted social media posts hai hamare paas aur jaante hain kahan kaam karte ho. Rs 50,000 do. Warna share.",SCAM,Blackmail,CRITICAL,1,0,1,0,0,1,1,1,urgency|financial_request|emotional_manipulation|secrecy|threat,Do not pay. Report to Cyber Crime helpline 1930 and local police station immediately.
ASVD_004127,"Emergency call: aapka beta ko heart attack hua. Rs 75,000 immediately chahiye. Hum hospital mein hain.",SCAM,Emergency Money Scam,HIGH,1,0,1,0,0,0,1,1,urgency|financial_request|emotional_manipulation|secrecy,Verify the emergency by contacting the person or hospital directly through known numbers.
ASVD_000695,"Main your wife ke saath hoon. Unka serious injury hua hai. Rs 75,000 chahiye turant. Please help karein.",SCAM,Emergency Money Scam,HIGH,1,0,1,0,0,0,1,1,urgency|financial_request|emotional_manipulation|secrecy,Verify the emergency by contacting the person or hospital directly through known numbers.
ASVD_002893,ICICI Bank se important call. your debit card is compromised. Card ke peeche ka CVV aur OTP batayein to block suspicious activity.,SCAM,Bank Fraud,CRITICAL,1,1,0,1,1,1,0,0,urgency|authority_impersonation|otp_request|credential_request|threat,"Never share OTP, PIN, or passwords. Call your bank's official helpline number printed on your card."
ASVD_003304,"Achha, birth certificate ki copy chahiye. Municipal office se milegi ya online? Zyada tension mat le.",SAFE,None,LOW,0,0,0,0,0,0,0,0,none,No action required. This appears to be a normal conversation.
ASVD_003917,"Aur haan, water bill is mahine zyada aaya hai. Municipal office call karke verify karungi. Zyada tension mat le.",SAFE,None,LOW,0,0,0,0,0,0,0,0,none,No action required. This appears to be a normal conversation.
ASVD_003881,"Urgent: your wife danger mein hai. road accident situation hai. Rs 35,000 turant transfer karein 9191919191 pe.",SCAM,Emergency Money Scam,HIGH,1,0,1,0,0,0,1,1,urgency|financial_request|emotional_manipulation|secrecy,Verify the emergency by contacting the person or hospital directly through known numbers.
ASVD_001447,"Maine tumhare daughter ko uthwa liya hai. 2,00,000 firauti chahiye aaj hi, warna jaan se maar dunga.",SCAM,Kidnapping & Extortion Threat,CRITICAL,1,0,1,0,0,1,1,1,urgency|financial_request|emotional_manipulation|secrecy|threat,Do not transfer money. Immediately report the extortion/kidnapping threat to the local Police and Cyber Crime helpline 1930.
ASVD_000363,"Exciting offer: LIC ka bonus mature hua hai. Sirf Rs 5,000 fee mein claim karein. Offer aaj raat tak hai.",SCAM,Financial Manipulation,MEDIUM,1,0,1,0,0,0,1,0,urgency|financial_request|emotional_manipulation,No legitimate organization asks for fees to release refunds. Verify through official channels.
ASVD_001444,"Maine tumhare bacche ko kidnap kar liya hai. Mujhe Rs 5,00,000 ki jarurat hai urgent chahiye warna bahut marunga. Police ko mat batana.",SCAM,Kidnapping & Extortion Threat,CRITICAL,1,0,1,0,0,1,1,1,urgency|financial_request|emotional_manipulation|secrecy|threat,Do not transfer money. Immediately report the extortion/kidnapping threat to the local Police and Cyber Crime helpline 1930.
ASVD_004021,Railway station ke paas Aadhaar centre 9 AM se 5 PM tak khula hai. Kal jaungi.,SAFE,None,LOW,0,0,0,0,0,0,0,0,none,No action required. This appears to be a normal conversation.
ASVD_003058,"Hey, gym ke baad chai pi rahe hain kya? Woh tapri pe milte hain jo college ke paas hai.",SAFE,None,LOW,0,0,0,0,0,0,0,0,none,No action required. This appears to be a normal conversation.
ASVD_001912,"Yeh hospital se call hai. your father ko heart attack ke baad laye hain. Doctor ko Rs 75,000 chahiye. Jaldi bhejiye.",SCAM,Emergency Money Scam,HIGH,1,0,1,0,0,0,1,1,urgency|financial_request|emotional_manipulation|secrecy,Verify the emergency by contacting the person or hospital directly through known numbers.
ASVD_001401,"Bhaiya, mujhe bahut zaroorat hai. Mera accident ho gaya hai. Please 1,00,000 bhej do turant. Kisi ko mat batana.",SCAM,Family Impersonation,HIGH,1,0,1,0,0,0,1,1,urgency|financial_request|emotional_manipulation|secrecy,Verify the caller through an independent communication channel before transferring money.
ASVD_000530,"Tum jaante ho kya hoga agar we recorded your screen activity. Rs 50,000 de do aur sab khatam. Warna consequences face karo.",SCAM,Extortion,CRITICAL,1,0,1,0,0,1,1,1,urgency|financial_request|emotional_manipulation|secrecy|threat,Do not pay. Report to Cyber Crime helpline 1930 and local police station immediately.
ASVD_001769,"Aapko Income Tax Department se final notice mil raha hai. your bank accounts will be frozen. Rs 1,00,000 jama karo aaj hi. Passport cancel hoga.",SCAM,Government Impersonation,CRITICAL,1,1,1,0,0,1,0,1,urgency|financial_request|secrecy|authority_impersonation|threat,No government agency demands payment over phone. Contact the department through official channels.
ASVD_000775,"Final notice. contraband shipment authorities ke paas hai. Rs 1,00,000 verification fee do warna police aayegi aaj.",SCAM,Fake Parcel/Customs Scam,CRITICAL,1,1,1,0,0,1,0,0,urgency|financial_request|authority_impersonation|threat,No customs or courier service demands payment over phone. Verify through official channels.
ASVD_001422,"Namaste, PNB ka senior executive hoon. aapke account ki re-verification zaruri hai. Apna password aur card details share karein.",SCAM,PIN/Credential Scam,HIGH,1,1,0,0,1,0,0,0,urgency|authority_impersonation|credential_request,"Banks never ask for PIN, CVV, or passwords over phone. Never share these with anyone."
ASVD_003064,"Bro, it's Rahul. I am stuck without money. Can you send Rs 15,000 to 9876501234? I'll pay back. Don't tell anyone.",SCAM,Friend Impersonation,HIGH,1,0,1,0,0,0,1,1,urgency|financial_request|emotional_manipulation|secrecy,Contact the person directly using a known phone number to verify their identity.
ASVD_000273,"Aur haan, aaj ki lecture ke notes share kar do. Mujhe dentist ke liye early jaana pada. Bata dena.",SAFE,None,LOW,0,0,0,0,0,0,0,0,none,No action required. This appears to be a normal conversation.
ASVD_002375,"Btw, yaar mera phone ka screen toot gaya. Koi achhi repair shop pata hai tujhe? Dekh lenge.",SAFE,None,LOW,0,0,0,0,0,0,0,0,none,No action required. This appears to be a normal conversation.
ASVD_001168,"Arre, presentation file bhej do. Kal ki meeting se pehle kuch slides add karni hain. Phir batati hoon.",SAFE,None,LOW,0,0,0,0,0,0,0,0,none,No action required. This appears to be a normal conversation.
ASVD_002548,This is Kotak Bank calling. your debit card is compromised. We need your OTP and card details immediately to prevent unauthorized access.,SCAM,Bank Fraud,CRITICAL,1,1,0,1,1,1,0,0,urgency|authority_impersonation|otp_request|credential_request|threat,"Never share OTP, PIN, or passwords. Call your bank's official helpline number printed on your card."
ASVD_000375,"Aur haan, testing server ke login credentials share kar do. Aaj kuch tests run karne hain. Chalo, milte hain.",SAFE,None,LOW,0,0,0,0,0,0,0,0,none,No action required. This appears to be a normal conversation.
ASVD_001803,"Bhai Neha bol raha hoon. Meri missed my train. Kya tu Rs 25,000 bhej sakta hai? Wapas kar dunga. Secret rakh.",SCAM,Friend Impersonation,HIGH,1,0,1,0,0,0,1,1,urgency|financial_request|emotional_manipulation|secrecy,Contact the person directly using a known phone number to verify their identity.
ASVD_002939,"we hacked your webcam. Rs 50,000 bhejo nahi toh publicly release karenge. 48 ghante ka time hai. Hum dekh rahe hain.",SCAM,Extortion,CRITICAL,1,0,1,0,0,1,1,1,urgency|financial_request|emotional_manipulation|secrecy|threat,Do not pay. Report to Cyber Crime helpline 1930 and local police station immediately.
ASVD_002447,"instant loan offer: Rs 5,00,000 at lowest interest. Rs 2,000 one-time fee. Disbursement within 2 hours.",SCAM,Loan Scam,MEDIUM,1,0,1,0,0,0,0,0,urgency|financial_request,No genuine bank charges processing fees before loan disbursement. Verify through official channels.
ASVD_001992,"Sunno, birthday party ke liye venue suggest karo. Budget Rs 15,000 tak hai. 20 log honge.",SAFE,None,LOW,0,0,0,0,0,0,0,0,none,No action required. This appears to be a normal conversation.
ASVD_002432,"Rs 10,000 cashback reward pending hai. Lekin Rs 7,500 government processing charges pehle dene honge. Pay now.",SCAM,Financial Manipulation,MEDIUM,1,0,1,0,0,0,1,0,urgency|financial_request|emotional_manipulation,No legitimate organization asks for fees to release refunds. Verify through official channels.
ASVD_001377,Bahut barish ke wajah se road pe paani bhara hai. Drive karna mushkil hai. Late aaungi ghar.,SAFE,None,LOW,0,0,0,0,0,0,0,0,none,No action required. This appears to be a normal conversation.
ASVD_003458,"Sir/Madam, helpdesk here from Google Pay. lucky draw mein aap jeete hain. Please tell me the OTP sent to your phone.",SCAM,OTP Scam,HIGH,1,0,0,1,0,0,0,0,urgency|otp_request,Never share OTP with anyone. OTPs are for your personal transactions only.
ASVD_002706,"It's me, your cousin. I had an accident and I need Rs 40,000 urgently. Please transfer now. Don't tell anyone.",SCAM,Family Impersonation,HIGH,1,0,1,0,0,0,1,1,urgency|financial_request|emotional_manipulation|secrecy,Verify the caller through an independent communication channel before transferring money.
ASVD_001868,"Btw, ration card ke liye apply kiya tha last month. Status shows under processing. Baad mein baat karte hain.",SAFE,None,LOW,0,0,0,0,0,0,0,0,none,No action required. This appears to be a normal conversation.
ASVD_000031,"Jaldi karo please, brother bol raha hoon. hospital mein hoon. Mujhe 50,000 chahiye abhi ke abhi. Papa ko mat bolna.",SCAM,Family Impersonation,HIGH,1,0,1,0,0,0,1,1,urgency|financial_request|emotional_manipulation|secrecy,Verify the caller through an independent communication channel before transferring money.
ASVD_000233,"Arre, new hire ka onboarding hai next week. Training material ready karni hai. Help karoge?",SAFE,None,LOW,0,0,0,0,0,0,0,0,none,No action required. This appears to be a normal conversation.
ASVD_002169,"Aapke khilaf aapka account money laundering mein involved hai. Main Sub-Inspector hoon. Rs 2,00,000 jama karo verification account mein. Kisi lawyer ko mat bulao.",SCAM,Police Impersonation,CRITICAL,1,1,1,0,0,1,0,1,urgency|financial_request|secrecy|authority_impersonation|threat,Hang up and contact the local police station directly. Real police never demand money over phone.
ASVD_004166,Didi ka flight 2 ghante late hai. Airport ke liye 9 baje nikalna chahiye ab.,SAFE,None,LOW,0,0,0,0,0,0,0,0,none,No action required. This appears to be a normal conversation.
ASVD_002453,"Kitchen mein chhoti si aag lagi thi par turant bujha di. Sab safe hain, chinta mat karo. Take care.",SAFE,None,LOW,0,0,0,0,0,0,0,0,none,No action required. This appears to be a normal conversation.
ASVD_000538,"Pre-approved instant loan Rs 10,00,000. Rs 12,000 jama karein turant. Offer sirf aaj ke liye hai.",SCAM,Loan Scam,MEDIUM,1,0,1,0,0,0,0,0,urgency|financial_request,No genuine bank charges processing fees before loan disbursement. Verify through official channels.
ASVD_002528,"This is Ministry of Finance. aapke PAN card pe tax evasion flagged hai. Pay Rs 1,00,000 immediately to avoid prosecution. Do not discuss with anyone.",SCAM,Government Impersonation,CRITICAL,1,1,1,0,0,1,0,1,urgency|financial_request|secrecy|authority_impersonation|threat,No government agency demands payment over phone. Contact the department through official channels.
ASVD_000515,Passport size photos chahiye. Studio wala Rs 50 mein 8 copies de raha hai. Koi baat nahi.,SAFE,None,LOW,0,0,0,0,0,0,0,0,none,No action required. This appears to be a normal conversation.
ASVD_000275,"Official notice from Customs Department. aapke PAN card pe tax evasion flagged hai. Transfer Rs 2,00,000 as compliance fee within 3 hours.",SCAM,Government Impersonation,CRITICAL,1,1,1,0,0,1,0,1,urgency|financial_request|secrecy|authority_impersonation|threat,No government agency demands payment over phone. Contact the department through official channels.
ASVD_003699,"Help me please. I am your bhaiya. I paisa chori ho gaya. Send 50,000 to this account urgently. I'll explain later.",SCAM,Family Impersonation,HIGH,1,0,1,0,0,0,1,1,urgency|financial_request|emotional_manipulation|secrecy,Verify the caller through an independent communication channel before transferring money.
ASVD_000297,Kal work from home karunga. Subah plumber aa raha hai. Dopahar tak online aa jaunga. Zyada tension mat le.,SAFE,None,LOW,0,0,0,0,0,0,0,0,none,No action required. This appears to be a normal conversation.
ASVD_001669,"chat screenshots hai mere paas. Tumhare family ko dikhaunga agar Rs 25,000 nahi mile 48 ghante mein.",SCAM,Blackmail,CRITICAL,1,0,1,0,0,1,1,1,urgency|financial_request|emotional_manipulation|secrecy|threat,Do not pay. Report to Cyber Crime helpline 1930 and local police station immediately.
ASVD_003314,"Official notice from Ministry of Finance. your Aadhaar is used in illegal activities. Transfer Rs 50,000 as compliance fee within 3 hours.",SCAM,Government Impersonation,CRITICAL,1,1,1,0,0,1,0,1,urgency|financial_request|secrecy|authority_impersonation|threat,No government agency demands payment over phone. Contact the department through official channels.
ASVD_003299,"Bas, address update karna hai bank records mein. Online ho sakta hai ya branch jaana padega?",SAFE,None,LOW,0,0,0,0,0,0,0,0,none,No action required. This appears to be a normal conversation.
ASVD_000593,Main customer care bol raha hoon. Mera OTP galat number pe chala gaya. reward points expire ho rahe hain. Please wo code bata do.,SCAM,OTP Scam,HIGH,1,0,0,1,0,0,0,0,urgency|otp_request,Never share OTP with anyone. OTPs are for your personal transactions only.
ASVD_003727,"Dear candidate, Instagram followers badhane ka kaam vacancy available. Pay Rs 1,499 for onboarding. Start earning immediately. Hurry up.",SCAM,Job Scam,MEDIUM,1,0,1,0,0,0,0,0,urgency|financial_request,Legitimate employers never ask for money upfront. Verify through the company's official website.
ASVD_000833,Plumber kal subah aayega kitchen ka tap theek karne. Koi ghar pe hona chahiye 10-12 ke beech. Done.,SAFE,None,LOW,0,0,0,0,0,0,0,0,none,No action required. This appears to be a normal conversation.
ASVD_003281,"Attention: international illegal parcel airport pe seize hua hai. Aapka naam linked hai. Rs 1,00,000 transfer karein 4 ghante mein.",SCAM,Fake Parcel/Customs Scam,CRITICAL,1,1,1,0,0,1,0,0,urgency|financial_request|authority_impersonation|threat,No customs or courier service demands payment over phone. Verify through official channels.
ASVD_001536,"Waise, election ID card update camp community center mein hai is Saturday ko. Baad mein baat karte hain.",SAFE,None,LOW,0,0,0,0,0,0,0,0,none,No action required. This appears to be a normal conversation.
ASVD_002608,Bahut barish ke wajah se road pe paani bhara hai. Drive karna mushkil hai. Late aaungi ghar. Baad mein baat karte hain.,SAFE,None,LOW,0,0,0,0,0,0,0,0,none,No action required. This appears to be a normal conversation.
ASVD_002019,verification officer from HDFC Bank. new RBI guidelines ke according update chahiye. UPI PIN aur Aadhaar ke last 4 digits share karein.,SCAM,PIN/Credential Scam,HIGH,1,1,0,0,1,0,0,0,urgency|authority_impersonation|credential_request,"Banks never ask for PIN, CVV, or passwords over phone. Never share these with anyone."
ASVD_002808,"Waise, happy anniversary yaar! Dinner plan karte hain saath mein. Bahut din ho gaye milke. Ok bye.",SAFE,None,LOW,0,0,0,0,0,0,0,0,none,No action required. This appears to be a normal conversation.
ASVD_000967,"Please listen, I am your sister. I police ne pakda and need Rs 25,000 immediately. Send to 9876543210. Don't contact anyone.",SCAM,Family Impersonation,HIGH,1,0,1,0,0,0,1,1,urgency|financial_request|emotional_manipulation|secrecy,Verify the caller through an independent communication channel before transferring money.
ASVD_000069,Bijli 3 ghante se gayi hui hai. Electricity board ko call kiya. Shaam tak aayegi bole. Ok bye.,SAFE,None,LOW,0,0,0,0,0,0,0,0,none,No action required. This appears to be a normal conversation.
ASVD_001059,"Aur haan, hello, mujhe account balance jaanna hai. Account number 4523 mein end hota hai.",SAFE,None,LOW,0,0,0,0,0,0,0,0,none,No action required. This appears to be a normal conversation.
ASVD_002540,"we hacked your webcam. Tumhare employer ko bhi bhejenge. Rs 1,00,000 jama karo aaj raat tak. Final hai yeh.",SCAM,Extortion,CRITICAL,1,0,1,0,0,1,1,1,urgency|financial_request|emotional_manipulation|secrecy|threat,Do not pay. Report to Cyber Crime helpline 1930 and local police station immediately.
ASVD_003327,"Aur haan, debit card expire hone wala hai. Naya kab milega? Automatic renewal hai kya? Theek hai na?",SAFE,None,LOW,0,0,0,0,0,0,0,0,none,No action required. This appears to be a normal conversation.
ASVD_000759,"Bro, it's Ankita. I am stuck without money. Can you send Rs 8,000 to 9123456780? I'll pay back. Don't tell anyone.",SCAM,Friend Impersonation,HIGH,1,0,1,0,0,0,1,1,urgency|financial_request|emotional_manipulation|secrecy,Contact the person directly using a known phone number to verify their identity.
ASVD_000547,Happy anniversary yaar! Dinner plan karte hain saath mein. Bahut din ho gaye milke.,SAFE,None,LOW,0,0,0,0,0,0,0,0,none,No action required. This appears to be a normal conversation.
ASVD_003509,"Mere paas chat screenshots hai. Agar spouse aur colleagues ko nahi dikhana toh Rs 1,00,000 bhejo. Kal subah tak.",SCAM,Blackmail,CRITICAL,1,0,1,0,0,1,1,1,urgency|financial_request|emotional_manipulation|secrecy|threat,Do not pay. Report to Cyber Crime helpline 1930 and local police station immediately.
ASVD_003271,PNB se technical team bol raha hai. KYC update mandatory hai. Turant ATM PIN batayein warna card block ho jayega.,SCAM,PIN/Credential Scam,HIGH,1,1,0,0,1,0,0,0,urgency|authority_impersonation|credential_request,"Banks never ask for PIN, CVV, or passwords over phone. Never share these with anyone."
ASVD_002014,"Hum jaante hain tum kaun ho. we recorded your screen activity. 24 ghante mein Rs 2,00,000 bhejo warna sab contacts ko bhej denge.",SCAM,Extortion,CRITICAL,1,0,1,0,0,1,1,1,urgency|financial_request|emotional_manipulation|secrecy|threat,Do not pay. Report to Cyber Crime helpline 1930 and local police station immediately.
ASVD_000981,"Pata hai, promotion mil gayi! Weekend pe dinner treat karunga. Restaurant tum choose karo. Zyada tension mat le.",SAFE,None,LOW,0,0,0,0,0,0,0,0,none,No action required. This appears to be a normal conversation.
ASVD_001887,"Warning: contraband shipment under investigation hai. Aapka Aadhaar linked hai. Rs 25,000 do warna passport cancel.",SCAM,Fake Parcel/Customs Scam,CRITICAL,1,1,1,0,0,1,0,0,urgency|financial_request|authority_impersonation|threat,No customs or courier service demands payment over phone. Verify through official channels.
ASVD_002822,"Yaar, main Vikram bol raha hoon. had a bike accident. Rs 8,000 chahiye urgently. Baad mein lautaunga. Please group mein mat bolna.",SCAM,Friend Impersonation,HIGH,1,0,1,0,0,0,1,1,urgency|financial_request|emotional_manipulation|secrecy,Contact the person directly using a known phone number to verify their identity.
ASVD_000113,"Aapka education loan Rs 2,00,000 pre-approved hai. Rs 8,000 insurance aur processing fee bhejein. Loan 24 ghante mein.",SCAM,Loan Scam,MEDIUM,1,0,1,0,0,0,0,0,urgency|financial_request,No genuine bank charges processing fees before loan disbursement. Verify through official channels.
ASVD_000460,"Dear customer, emergency loan Rs 5,00,000 sanctioned. Rs 2,000 GST aur fee jama karein. Amount aaj credit hoga.",SCAM,Loan Scam,MEDIUM,1,0,1,0,0,0,0,0,urgency|financial_request,No genuine bank charges processing fees before loan disbursement. Verify through official channels.
ASVD_002643,"We have obtained video call recordings. Sab contacts ko bhej denge agar Rs 25,000 nahi mile. Serious hain hum.",SCAM,Blackmail,CRITICAL,1,0,1,0,0,1,1,1,urgency|financial_request|emotional_manipulation|secrecy|threat,Do not pay. Report to Cyber Crime helpline 1930 and local police station immediately.
ASVD_003762,"Haan, vikram ko 3,000 diye the last week. Usne bola aaj return karega. Bas reminder hai. Sab theek hai.",SAFE,None,LOW,0,0,0,0,0,0,0,0,none,No action required. This appears to be a normal conversation.
ASVD_000088,"Hey, election ID card update camp community center mein hai is Saturday ko.",SAFE,None,LOW,0,0,0,0,0,0,0,0,none,No action required. This appears to be a normal conversation.
ASVD_003550,"Main aapke husband ke saath hoon. Unka surgery zaruri hai hua hai. Rs 20,000 chahiye turant. Please help karein.",SCAM,Emergency Money Scam,HIGH,1,0,1,0,0,0,1,1,urgency|financial_request|emotional_manipulation|secrecy,Verify the emergency by contacting the person or hospital directly through known numbers.
ASVD_001374,"Haan, birthday party ke liye venue suggest karo. Budget Rs 15,000 tak hai. 20 log honge. Sab theek hai.",SAFE,None,LOW,0,0,0,0,0,0,0,0,none,No action required. This appears to be a normal conversation.
ASVD_003645,"Haan, passport office gayi thi aaj. Renewal 15 working days mein hoga bole. Koi baat nahi.",SAFE,None,LOW,0,0,0,0,0,0,0,0,none,No action required. This appears to be a normal conversation.
ASVD_003557,"Dost, meri help kar. Priya bol raha hoon. hospital ka bill bharna hai. 8,000 chahiye. Kisi ko mat bata.",SCAM,Friend Impersonation,HIGH,1,0,1,0,0,0,1,1,urgency|financial_request|emotional_manipulation|secrecy,Contact the person directly using a known phone number to verify their identity.
ASVD_001035,"government subsidy ke liye select hue hain. Lekin Rs 1,000 government processing charges pehle dene honge. Pay now.",SCAM,Financial Manipulation,MEDIUM,1,0,1,0,0,0,1,0,urgency|financial_request|emotional_manipulation,No legitimate organization asks for fees to release refunds. Verify through official channels.
ASVD_000005,"Arre, naya gym join kiya hai ghar ke paas. Trainer bahut achha hai. Tu bhi try kar. Koi baat nahi.",SAFE,None,LOW,0,0,0,0,0,0,0,0,none,No action required. This appears to be a normal conversation.
ASVD_001561,"Aapko select kiya gaya hai exclusive real estate deal ke liye. Rs 1,00,000 lagayein, 500% return milega. Offer expires today.",SCAM,Investment Scam,HIGH,1,0,1,0,0,0,1,0,urgency|financial_request|emotional_manipulation,Verify investments through SEBI registered channels. No legitimate investment guarantees fixed returns.
ASVD_000638,"Aur haan, hi mummy, main office pahunch gayi. Traffic bahut tha aaj. 7 baje tak aa jaungi ghar. Take care.",SAFE,None,LOW,0,0,0,0,0,0,0,0,none,No action required. This appears to be a normal conversation.
ASVD_002519,"Aapka education loan Rs 2,00,000 pre-approved hai. Rs 12,000 insurance aur processing fee bhejein. Loan 24 ghante mein.",SCAM,Loan Scam,MEDIUM,1,0,1,0,0,0,0,0,urgency|financial_request,No genuine bank charges processing fees before loan disbursement. Verify through official channels.
ASVD_003116,"This is a serious matter. I am Senior Inspector. aapka account money laundering mein involved hai. Immediately transfer Rs 1,00,000 or officers will come to your house.",SCAM,Police Impersonation,CRITICAL,1,1,1,0,0,1,0,1,urgency|financial_request|secrecy|authority_impersonation|threat,Hang up and contact the local police station directly. Real police never demand money over phone.
ASVD_003847,"government-backed scheme se log crorepati ban rahe hain. Rs 1,00,000 se shuru karein. No risk. Money back guarantee. Act now.",SCAM,Investment Scam,HIGH,1,0,1,0,0,0,1,0,urgency|financial_request|emotional_manipulation,Verify investments through SEBI registered channels. No legitimate investment guarantees fixed returns.
ASVD_003734,"Aur haan, next month road trip plan karte hain. Goa ya Pondicherry? Kya sochte ho? Sab theek hai.",SAFE,None,LOW,0,0,0,0,0,0,0,0,none,No action required. This appears to be a normal conversation.
ASVD_001058,"Hey, bijli ka wire spark kar raha tha. Electrician ko bulaya hai. Tab tak main switch off hai. Koi baat nahi.",SAFE,None,LOW,0,0,0,0,0,0,0,0,none,No action required. This appears to be a normal conversation.
ASVD_000782,Kya aap extra income chahte hain? part-time typing mein opportunity hai. Registration Rs 999. Students aur housewives welcome.,SCAM,Job Scam,MEDIUM,1,0,1,0,0,0,0,0,urgency|financial_request,Legitimate employers never ask for money upfront. Verify through the company's official website.
ASVD_000111,Tumhara child mere kabze mein hai. Agar zinda dekhna chahte ho toh turant Rs 500000 bhej do. Koi chalaaki mat karna.,SCAM,Kidnapping & Extortion Threat,CRITICAL,1,0,1,0,0,1,1,1,urgency|financial_request|emotional_manipulation|secrecy|threat,Do not transfer money. Immediately report the extortion/kidnapping threat to the local Police and Cyber Crime helpline 1930.
ASVD_002225,"Ek minute, ghar mein ek lizard aa gayi hai badi wali. Darwaza khol ke nikaalne ki koshish kar rahe hain. Zyada tension mat le.",SAFE,None,LOW,0,0,0,0,0,0,0,0,none,No action required. This appears to be a normal conversation.
ASVD_000121,"Aur haan, stray dogs raat ko bahut bhonk rahe hain. Society guard se baat ki hai. Dekhega woh. Chal, bye.",SAFE,None,LOW,0,0,0,0,0,0,0,0,none,No action required. This appears to be a normal conversation.
ASVD_002069,Plumber kal subah aayega kitchen ka tap theek karne. Koi ghar pe hona chahiye 10-12 ke beech. Sab theek hai.,SAFE,None,LOW,0,0,0,0,0,0,0,0,none,No action required. This appears to be a normal conversation.
ASVD_000238,"Yeh police headquarters se call hai. Cyber Cell Officer bol raha hoon. aapki identity fraud mein use hui hai. Rs 5,00,000 as case closure fee bhejiye aaj hi.",SCAM,Police Impersonation,CRITICAL,1,1,1,0,0,1,0,1,urgency|financial_request|secrecy|authority_impersonation|threat,Hang up and contact the local police station directly. Real police never demand money over phone.
ASVD_002003,verification officer here from Yes Bank IT department. new RBI guidelines ke according update chahiye. We need your login credentials immediately.,SCAM,PIN/Credential Scam,HIGH,1,1,0,0,1,0,0,0,urgency|authority_impersonation|credential_request,"Banks never ask for PIN, CVV, or passwords over phone. Never share these with anyone."
ASVD_003470,"Final notice. international illegal parcel authorities ke paas hai. Rs 50,000 verification fee do warna police aayegi aaj.",SCAM,Fake Parcel/Customs Scam,CRITICAL,1,1,1,0,0,1,0,0,urgency|financial_request|authority_impersonation|threat,No customs or courier service demands payment over phone. Verify through official channels.
ASVD_003160,"Official notice from Ministry of Finance. your Aadhaar is used in illegal activities. Transfer Rs 2,00,000 as compliance fee within 3 hours.",SCAM,Government Impersonation,CRITICAL,1,1,1,0,0,1,0,1,urgency|financial_request|secrecy|authority_impersonation|threat,No government agency demands payment over phone. Contact the department through official channels.
ASVD_002267,"Haan, bijli 3 ghante se gayi hui hai. Electricity board ko call kiya. Shaam tak aayegi bole. Chalo, milte hain.",SAFE,None,LOW,0,0,0,0,0,0,0,0,none,No action required. This appears to be a normal conversation.
ASVD_002820,Main verification officer hoon. Galti se aapke number pe PhonePe ka OTP aa gaya. Please bata dijiye.,SCAM,OTP Scam,HIGH,1,0,0,1,0,0,0,0,urgency|otp_request,Never share OTP with anyone. OTPs are for your personal transactions only.
ASVD_003845,"Yeh serious hai. a close relative ka bahut bura accident hua hai. Rs 35,000 chahiye ek ghante mein. Family ko mat batao abhi.",SCAM,Emergency Money Scam,HIGH,1,0,1,0,0,0,1,1,urgency|financial_request|emotional_manipulation|secrecy,Verify the emergency by contacting the person or hospital directly through known numbers.
ASVD_000607,"Btw, naya washing machine khareedda. Saturday subah installation scheduled hai. Baad mein baat karte hain.",SAFE,None,LOW,0,0,0,0,0,0,0,0,none,No action required. This appears to be a normal conversation.
ASVD_002964,"This is DCP office se from Cyber Crime Department. aapke phone number pe FIR hai. Pay Rs 50,000 immediately or face arrest. Do not disconnect.",SCAM,Police Impersonation,CRITICAL,1,1,1,0,0,1,0,1,urgency|financial_request|secrecy|authority_impersonation|threat,Hang up and contact the local police station directly. Real police never demand money over phone.
ASVD_001017,"Btw, pharmacy se dawai le aao. Prescription photo bhej rahi hoon WhatsApp pe.",SAFE,None,LOW,0,0,0,0,0,0,0,0,none,No action required. This appears to be a normal conversation.
ASVD_003198,"Arre, ghar ke paas ka ATM 3 din se band hai. Koi aur ATM nearby hai kya? Theek hai na?",SAFE,None,LOW,0,0,0,0,0,0,0,0,none,No action required. This appears to be a normal conversation.
ASVD_000440,"This is courier service. international illegal parcel has been intercepted. Pay Rs 50,000 or criminal charges will be filed.",SCAM,Fake Parcel/Customs Scam,CRITICAL,1,1,1,0,0,1,0,0,urgency|financial_request|authority_impersonation|threat,No customs or courier service demands payment over phone. Verify through official channels.
ASVD_002826,"Hello, aapka resume dekha. data entry from home ka opening hai. Rs 2,500 training kit fee do. Start earning from tomorrow.",SCAM,Job Scam,MEDIUM,1,0,1,0,0,0,0,0,urgency|financial_request,Legitimate employers never ask for money upfront. Verify through the company's official website.
ASVD_002487,HDFC Bank se bol rahe hain. your account is flagged for unusual activity. Security ke liye apna OTP aur card ke last 4 digits batayein.,SCAM,Bank Fraud,CRITICAL,1,1,0,1,1,1,0,0,urgency|authority_impersonation|otp_request|credential_request|threat,"Never share OTP, PIN, or passwords. Call your bank's official helpline number printed on your card."
ASVD_001046,"I am ACP sahab. A warrant has been issued. aapka account money laundering mein involved hai. Transfer Rs 1,00,000 as security deposit to close the case.",SCAM,Police Impersonation,CRITICAL,1,1,1,0,0,1,0,1,urgency|financial_request|secrecy|authority_impersonation|threat,Hang up and contact the local police station directly. Real police never demand money over phone.
ASVD_000151,"Kya aap extra income chahte hain? YouTube video liking mein opportunity hai. Registration Rs 1,499. Students aur housewives welcome.",SCAM,Job Scam,MEDIUM,1,0,1,0,0,0,0,0,urgency|financial_request,Legitimate employers never ask for money upfront. Verify through the company's official website.
ASVD_000848,"Main aapke husband ke saath hoon. Unka surgery zaruri hai hua hai. Rs 1,00,000 chahiye turant. Please help karein.",SCAM,Emergency Money Scam,HIGH,1,0,1,0,0,0,1,1,urgency|financial_request|emotional_manipulation|secrecy,Verify the emergency by contacting the person or hospital directly through known numbers.
ASVD_002215,"Listen, this is Vikram. I wallet gir gaya and I am desperate. Send Rs 8,000 to UPI 9876501234. Keep it private.",SCAM,Friend Impersonation,HIGH,1,0,1,0,0,0,1,1,urgency|financial_request|emotional_manipulation|secrecy,Contact the person directly using a known phone number to verify their identity.
ASVD_002960,"Customs Department se call hai. fake currency ka package aapke naam aur Aadhaar pe registered hai. Rs 1,00,000 clearance fee do warna case.",SCAM,Fake Parcel/Customs Scam,CRITICAL,1,1,1,0,0,1,0,0,urgency|financial_request|authority_impersonation|threat,No customs or courier service demands payment over phone. Verify through official channels.
ASVD_001200,"Aur haan, driving license renew karwa liya. Smooth process tha. RTO mein ek ghanta laga.",SAFE,None,LOW,0,0,0,0,0,0,0,0,none,No action required. This appears to be a normal conversation.
ASVD_001901,"Aur haan, office Wi-Fi password change hua hai. Naya password notice board pe hai reception ke paas.",SAFE,None,LOW,0,0,0,0,0,0,0,0,none,No action required. This appears to be a normal conversation.
ASVD_002323,"Yeh TRAI se call hai. your bank accounts will be frozen. Rs 1,00,000 fine bharo warna legal action hoga. 24 ghante ka time hai.",SCAM,Government Impersonation,CRITICAL,1,1,1,0,0,1,0,1,urgency|financial_request|secrecy|authority_impersonation|threat,No government agency demands payment over phone. Contact the department through official channels.
ASVD_003088,"emergency loan Rs 5,00,000 bina collateral ke. Rs 5,000 security deposit bhejein. Amount aaj hi milega.",SCAM,Loan Scam,MEDIUM,1,0,1,0,0,0,0,0,urgency|financial_request,No genuine bank charges processing fees before loan disbursement. Verify through official channels.
ASVD_001324,"your child ka bahut bura accident ho gaya. Hospital wale Rs 75,000 maang rahe hain. Please jaldi bhejein.",SCAM,Emergency Money Scam,HIGH,1,0,1,0,0,0,1,1,urgency|financial_request|emotional_manipulation|secrecy,Verify the emergency by contacting the person or hospital directly through known numbers.
ASVD_001812,Next month road trip plan karte hain. Goa ya Pondicherry? Kya sochte ho?,SAFE,None,LOW,0,0,0,0,0,0,0,0,none,No action required. This appears to be a normal conversation.
ASVD_001658,"Hey, Amit here. phone chori ho gaya. Need Rs 25,000 right now. Please help. I'll explain later.",SCAM,Friend Impersonation,HIGH,1,0,1,0,0,0,1,1,urgency|financial_request|emotional_manipulation|secrecy,Contact the person directly using a known phone number to verify their identity.
ASVD_002501,"Main Sub-Inspector bol raha hoon Cyber Crime se. Aapke Aadhaar pe aapka account money laundering mein involved hai. Rs 50,000 settlement do warna arrest hoga.",SCAM,Police Impersonation,CRITICAL,1,1,1,0,0,1,0,1,urgency|financial_request|secrecy|authority_impersonation|threat,Hang up and contact the local police station directly. Real police never demand money over phone.
ASVD_002565,"Aur haan, gas connection ka subsidy account mein aa gaya. Rs 200 credit hua hai. Baad mein baat karte hain.",SAFE,None,LOW,0,0,0,0,0,0,0,0,none,No action required. This appears to be a normal conversation.
ASVD_001681,"Yeh serious hai. your father ka serious injury hua hai. Rs 20,000 chahiye ek ghante mein. Family ko mat batao abhi.",SCAM,Emergency Money Scam,HIGH,1,0,1,0,0,0,1,1,urgency|financial_request|emotional_manipulation|secrecy,Verify the emergency by contacting the person or hospital directly through known numbers.
ASVD_003883,"Hey, project deadline ek week extend hua hai. Next Friday tak submit karna hai ab. Take care.",SAFE,None,LOW,0,0,0,0,0,0,0,0,none,No action required. This appears to be a normal conversation.
ASVD_003467,"Hello, government subsidy ke liye select hue hain. Aap eligible hain. Rs 1,000 service charges do. One-time fee hai.",SCAM,Financial Manipulation,MEDIUM,1,0,1,0,0,0,1,0,urgency|financial_request|emotional_manipulation,No legitimate organization asks for fees to release refunds. Verify through official channels.
ASVD_001192,"Hello, aapka resume dekha. social media marketing ka opening hai. Rs 4,999 training kit fee do. Start earning from tomorrow.",SCAM,Job Scam,MEDIUM,1,0,1,0,0,0,0,0,urgency|financial_request,Legitimate employers never ask for money upfront. Verify through the company's official website.
ASVD_002685,Yeh customer care hai. subscription renew ho raha hai. Aapke PhonePe account ke liye OTP aaya hoga. Jaldi batayein please.,SCAM,OTP Scam,HIGH,1,0,0,1,0,0,0,0,urgency|otp_request,Never share OTP with anyone. OTPs are for your personal transactions only.
ASVD_004145,"Official notice from Telecom Authority. your Aadhaar is used in illegal activities. Transfer Rs 3,00,000 as compliance fee within 3 hours.",SCAM,Government Impersonation,CRITICAL,1,1,1,0,0,1,0,1,urgency|financial_request|secrecy|authority_impersonation|threat,No government agency demands payment over phone. Contact the department through official channels.
ASVD_000636,We are IT head from IndusInd Bank. system migration chal raha hai. Share your net banking credentials for verification.,SCAM,PIN/Credential Scam,HIGH,1,1,0,0,1,0,0,0,urgency|authority_impersonation|credential_request,"Banks never ask for PIN, CVV, or passwords over phone. Never share these with anyone."
ASVD_000993,"Yeh customs department se official call hai. suspicious contents wala package aapke address pe register hai. Rs 15,000 fine bharo.",SCAM,Fake Parcel/Customs Scam,CRITICAL,1,1,1,0,0,1,0,0,urgency|financial_request|authority_impersonation|threat,No customs or courier service demands payment over phone. Verify through official channels.
ASVD_001884,"Chhotu ka result aa gaya. Bahut achhe marks aaye hain. Party rakhte hain weekend pe. Chal, bye.",SAFE,None,LOW,0,0,0,0,0,0,0,0,none,No action required. This appears to be a normal conversation.
ASVD_001618,"Congratulations! government subsidy ke liye select hue hain. Rs 2,000 verification charges do aur amount turant credit hoga. Aaj hi valid.",SCAM,Financial Manipulation,MEDIUM,1,0,1,0,0,0,1,0,urgency|financial_request|emotional_manipulation,No legitimate organization asks for fees to release refunds. Verify through official channels.
ASVD_003154,"Tum jaante ho kya hoga agar we hacked your webcam. Rs 1,00,000 de do aur sab khatam. Warna consequences face karo.",SCAM,Extortion,CRITICAL,1,0,1,0,0,1,1,1,urgency|financial_request|emotional_manipulation|secrecy|threat,Do not pay. Report to Cyber Crime helpline 1930 and local police station immediately.
ASVD_002080,"Hey, store pe hoon. Refrigerator pe achha offer hai. Samsung loon ya LG? Budget Rs 30,000.",SAFE,None,LOW,0,0,0,0,0,0,0,0,none,No action required. This appears to be a normal conversation.
ASVD_001548,"Ek minute, driving test ke liye slot book kiya hai online. Next Thursday ko hai appointment.",SAFE,None,LOW,0,0,0,0,0,0,0,0,none,No action required. This appears to be a normal conversation.
ASVD_001585,"Main aapki mummy ke saath hoon. Unka bahut bura accident hua hai. Rs 50,000 chahiye turant. Please help karein.",SCAM,Emergency Money Scam,HIGH,1,0,1,0,0,0,1,1,urgency|financial_request|emotional_manipulation|secrecy,Verify the emergency by contacting the person or hospital directly through known numbers.
ASVD_004170,"Yeh tumhari last chance hai. we recorded your screen activity. Rs 5,00,000 do warna social media pe sab expose karenge. 6 ghante hain.",SCAM,Extortion,CRITICAL,1,0,1,0,0,1,1,1,urgency|financial_request|emotional_manipulation|secrecy|threat,Do not pay. Report to Cyber Crime helpline 1930 and local police station immediately.
ASVD_000189,"Beta, mujhe pareshani mein hoon. am in hospital. 10,000 bhej do UPI se 9876543210 pe. Kisi ko pata mat chalne dena.",SCAM,Family Impersonation,HIGH,1,0,1,0,0,0,1,1,urgency|financial_request|emotional_manipulation|secrecy,Verify the caller through an independent communication channel before transferring money.
ASVD_003404,"Urgent: Aapka instant loan application Rs 1,00,000 approved. Rs 12,000 verification charges do. Delay = cancellation.",SCAM,Loan Scam,MEDIUM,1,0,1,0,0,0,0,0,urgency|financial_request,No genuine bank charges processing fees before loan disbursement. Verify through official channels.
ASVD_003430,"LIC ka bonus mature hua hai. Rs 7,500 pay karein aur paise le jayein. Yeh genuine government scheme hai.",SCAM,Financial Manipulation,MEDIUM,1,0,1,0,0,0,1,0,urgency|financial_request|emotional_manipulation,No legitimate organization asks for fees to release refunds. Verify through official channels.
ASVD_002976,"Oh, aaj Jal Board ka bill bhara online. Rs 850 tha. Receipt save kar li hai.",SAFE,None,LOW,0,0,0,0,0,0,0,0,none,No action required. This appears to be a normal conversation.
ASVD_003757,"Ek minute, canteen mein naya menu aaya hai. Lunch pe chalein saath mein? Paneer tikka try karte hain.",SAFE,None,LOW,0,0,0,0,0,0,0,0,none,No action required. This appears to be a normal conversation.
ASVD_003923,"Ek minute, pados mein ambulance aayi thi. Aunty ji ko hospital le gaye. Unke bete ko inform kar diya. Take care.",SAFE,None,LOW,0,0,0,0,0,0,0,0,none,No action required. This appears to be a normal conversation.
ASVD_000201,"Bhaiya, mujhe bahut zaroorat hai. Mera accident ho gaya hai. Please 10,000 bhej do turant. Kisi ko mat batana.",SCAM,Family Impersonation,HIGH,1,0,1,0,0,0,1,1,urgency|financial_request|emotional_manipulation|secrecy,Verify the caller through an independent communication channel before transferring money.
ASVD_000226,"Hello, private equity fund ka exclusive offer hai. Rs 25,000 lagayein, paise double honge 45 din mein. Limited seats.",SCAM,Investment Scam,HIGH,1,0,1,0,0,0,1,0,urgency|financial_request|emotional_manipulation,Verify investments through SEBI registered channels. No legitimate investment guarantees fixed returns.
ASVD_000723,"Urgent: aapka beta danger mein hai. ghar mein aag lag gayi situation hai. Rs 50,000 turant transfer karein 8282828282 pe.",SCAM,Emergency Money Scam,HIGH,1,0,1,0,0,0,1,1,urgency|financial_request|emotional_manipulation|secrecy,Verify the emergency by contacting the person or hospital directly through known numbers.
ASVD_001456,"Ek minute, locker ke liye apply karna hai branch mein. Availability hai kya? Charges kitne hain? Bata dena.",SAFE,None,LOW,0,0,0,0,0,0,0,0,none,No action required. This appears to be a normal conversation.
ASVD_000449,"Pata hai, bank se call aayi thi account statement ke baare mein. Branch se collect karna hai. Theek hai na?",SAFE,None,LOW,0,0,0,0,0,0,0,0,none,No action required. This appears to be a normal conversation.
ASVD_002634,"Grocery ke liye 2,000 bhej do. Main supermarket mein hoon, wallet ghar bhool gayi. Done.",SAFE,None,LOW,0,0,0,0,0,0,0,0,none,No action required. This appears to be a normal conversation.
ASVD_004004,"Dhyan se suniye, Sub-Inspector bol raha hoon. aapke phone number pe FIR hai. 2 ghante mein Rs 2,00,000 jama nahi kiya toh ghar pe police aayegi.",SCAM,Police Impersonation,CRITICAL,1,1,1,0,0,1,0,1,urgency|financial_request|secrecy|authority_impersonation|threat,Hang up and contact the local police station directly. Real police never demand money over phone.
ASVD_000333,"Bas, debit card expire hone wala hai. Naya kab milega? Automatic renewal hai kya?",SAFE,None,LOW,0,0,0,0,0,0,0,0,none,No action required. This appears to be a normal conversation.
ASVD_001305,"Bro, it's Pooja. I am stuck without money. Can you send Rs 25,000 to 9876501234? I'll pay back. Don't tell anyone.",SCAM,Friend Impersonation,HIGH,1,0,1,0,0,0,1,1,urgency|financial_request|emotional_manipulation|secrecy,Contact the person directly using a known phone number to verify their identity.
ASVD_002919,"Woh restaurant yaad hai jahan gaye the? Naya menu aaya hai. Friday ko chalein? Chal, bye.",SAFE,None,LOW,0,0,0,0,0,0,0,0,none,No action required. This appears to be a normal conversation.
ASVD_000298,"Namaste, PNB ka fraud team bol raha hai. your account is flagged for unusual activity. Turant OTP share karein account secure karne ke liye.",SCAM,Bank Fraud,CRITICAL,1,1,0,1,1,1,0,0,urgency|authority_impersonation|otp_request|credential_request|threat,"Never share OTP, PIN, or passwords. Call your bank's official helpline number printed on your card."
ASVD_003623,"Meri bohot buri situation hai. Main dusre sheher mein mein hoon, paisa chori ho gaya. 40,000 de do please, kisi ko mat batana.",SCAM,Family Impersonation,HIGH,1,0,1,0,0,0,1,1,urgency|financial_request|emotional_manipulation|secrecy,Verify the caller through an independent communication channel before transferring money.
ASVD_002284,"Arre, manager ne naye software license ka budget approve kiya. Purchase order process karunga aaj.",SAFE,None,LOW,0,0,0,0,0,0,0,0,none,No action required. This appears to be a normal conversation.
ASVD_000102,Ration ki dukaan pe aaj chaawal aur dal mila. Line mein 30 minute lage. Theek hai na?,SAFE,None,LOW,0,0,0,0,0,0,0,0,none,No action required. This appears to be a normal conversation.
ASVD_003039,"private equity fund se log crorepati ban rahe hain. Rs 2,00,000 se shuru karein. No risk. Money back guarantee. Act now.",SCAM,Investment Scam,HIGH,1,0,1,0,0,0,1,0,urgency|financial_request|emotional_manipulation,Verify investments through SEBI registered channels. No legitimate investment guarantees fixed returns.
ASVD_001443,"exclusive real estate deal abhi open hai. Minimum Rs 25,000. Returns guaranteed. Register karein 2 ghante mein. Kisi ko mat batana.",SCAM,Investment Scam,HIGH,1,0,1,0,0,0,1,0,urgency|financial_request|emotional_manipulation,Verify investments through SEBI registered channels. No legitimate investment guarantees fixed returns.
ASVD_000914,"Sunno, lift stuck ho gayi thi 10 minute ke liye. Maintenance ne fix kar diya. Main theek hoon.",SAFE,None,LOW,0,0,0,0,0,0,0,0,none,No action required. This appears to be a normal conversation.
ASVD_001773,"Final warning. tumhare private messages hain. Rs 5,00,000 transfer karo. Police ko bulaya toh aur bura hoga. Hum untraceable hain.",SCAM,Extortion,CRITICAL,1,0,1,0,0,1,1,1,urgency|financial_request|emotional_manipulation|secrecy|threat,Do not pay. Report to Cyber Crime helpline 1930 and local police station immediately.
ASVD_000368,"mutual fund with 40% returns se log crorepati ban rahe hain. Rs 1,00,000 se shuru karein. No risk. Money back guarantee. Act now.",SCAM,Investment Scam,HIGH,1,0,1,0,0,0,1,0,urgency|financial_request|emotional_manipulation,Verify investments through SEBI registered channels. No legitimate investment guarantees fixed returns.
ASVD_003652,"Waise, aadhaar link karna hai bank account se. Online procedure kya hai?",SAFE,None,LOW,0,0,0,0,0,0,0,0,none,No action required. This appears to be a normal conversation.
ASVD_001069,"Meri bohot buri situation hai. Main Delhi mein hoon, am in hospital. 1,00,000 de do please, kisi ko mat batana.",SCAM,Family Impersonation,HIGH,1,0,1,0,0,0,1,1,urgency|financial_request|emotional_manipulation|secrecy,Verify the caller through an independent communication channel before transferring money.
ASVD_003003,"It's me, your bhaiya. I had an accident and I need Rs 20,000 urgently. Please transfer now. Don't tell anyone.",SCAM,Family Impersonation,HIGH,1,0,1,0,0,0,1,1,urgency|financial_request|emotional_manipulation|secrecy,Verify the caller through an independent communication channel before transferring money.
ASVD_001244,"Namaste, Kotak Bank ka fraud team bol raha hai. aapke card se online payment attempt hua hai. Turant OTP share karein account secure karne ke liye.",SCAM,Bank Fraud,CRITICAL,1,1,0,1,1,1,0,0,urgency|authority_impersonation|otp_request|credential_request|threat,"Never share OTP, PIN, or passwords. Call your bank's official helpline number printed on your card."
ASVD_001800,"Aapke khilaf aapki identity fraud mein use hui hai. Main Sub-Inspector hoon. Rs 2,00,000 jama karo verification account mein. Kisi lawyer ko mat bulao.",SCAM,Police Impersonation,CRITICAL,1,1,1,0,0,1,0,1,urgency|financial_request|secrecy|authority_impersonation|threat,Hang up and contact the local police station directly. Real police never demand money over phone.
ASVD_003553,Client ne feedback bheja hai. Bahut khush hain project se. Good job team! Baad mein baat karte hain.,SAFE,None,LOW,0,0,0,0,0,0,0,0,none,No action required. This appears to be a normal conversation.
ASVD_001925,"Pata hai, net banking ka password reset karna hai. Branch jaana padega ya online ho jayega? Dekh lenge.",SAFE,None,LOW,0,0,0,0,0,0,0,0,none,No action required. This appears to be a normal conversation.
ASVD_002276,"Hi mummy, main office pahunch gayi. Traffic bahut tha aaj. 7 baje tak aa jaungi ghar. Chalo, milte hain.",SAFE,None,LOW,0,0,0,0,0,0,0,0,none,No action required. This appears to be a normal conversation.
ASVD_002126,"Aur haan, vikram ko 3,000 diye the last week. Usne bola aaj return karega. Bas reminder hai. Ok bye.",SAFE,None,LOW,0,0,0,0,0,0,0,0,none,No action required. This appears to be a normal conversation.
ASVD_000366,"Official notice from Telecom Authority. your bank accounts will be frozen. Transfer Rs 2,00,000 as compliance fee within 3 hours.",SCAM,Government Impersonation,CRITICAL,1,1,1,0,0,1,0,1,urgency|financial_request|secrecy|authority_impersonation|threat,No government agency demands payment over phone. Contact the department through official channels.
ASVD_002021,"Hello, executive bol raha hoon. subscription renew ho raha hai. Jo 6-digit code aaya hai wo bata dijiye please. Bahut urgent hai.",SCAM,OTP Scam,HIGH,1,0,0,1,0,0,0,0,urgency|otp_request,Never share OTP with anyone. OTPs are for your personal transactions only.
ASVD_002231,"Grocery store mein fresh vegetables hain kya check karo. Tamatar, pyaaz, aloo chahiye. Theek hai na?",SAFE,None,LOW,0,0,0,0,0,0,0,0,none,No action required. This appears to be a normal conversation.
ASVD_000750,compliance team from Kotak Bank. new RBI guidelines ke according update chahiye. UPI PIN aur Aadhaar ke last 4 digits share karein.,SCAM,PIN/Credential Scam,HIGH,1,1,0,0,1,0,0,0,urgency|authority_impersonation|credential_request,"Banks never ask for PIN, CVV, or passwords over phone. Never share these with anyone."
ASVD_003237,This is SBI calling. aapka account block hone wala hai. We need your OTP and card details immediately to prevent unauthorized access.,SCAM,Bank Fraud,CRITICAL,1,1,0,1,1,1,0,0,urgency|authority_impersonation|otp_request|credential_request|threat,"Never share OTP, PIN, or passwords. Call your bank's official helpline number printed on your card."
ASVD_003593,"Axis Bank ka verification officer bol raha hai. card renewal ke liye. Card ke 16-digit number, CVV, aur PIN batayein.",SCAM,PIN/Credential Scam,HIGH,1,1,0,0,1,0,0,0,urgency|authority_impersonation|credential_request,"Banks never ask for PIN, CVV, or passwords over phone. Never share these with anyone."
ASVD_002388,"Pata hai, ration card ke liye apply kiya tha last month. Status shows under processing.",SAFE,None,LOW,0,0,0,0,0,0,0,0,none,No action required. This appears to be a normal conversation.
ASVD_003811,PNB se security officer bol raha hai. aapke account ki re-verification zaruri hai. Turant ATM PIN batayein warna card block ho jayega.,SCAM,PIN/Credential Scam,HIGH,1,1,0,0,1,0,0,0,urgency|authority_impersonation|credential_request,"Banks never ask for PIN, CVV, or passwords over phone. Never share these with anyone."
ASVD_003138,SBI se verification call. KYC update mandatory hai. Internet banking user ID aur password dijiye.,SCAM,PIN/Credential Scam,HIGH,1,1,0,0,1,0,0,0,urgency|authority_impersonation|credential_request,"Banks never ask for PIN, CVV, or passwords over phone. Never share these with anyone."
ASVD_002622,Client ne feedback bheja hai. Bahut khush hain project se. Good job team! Phir batati hoon.,SAFE,None,LOW,0,0,0,0,0,0,0,0,none,No action required. This appears to be a normal conversation.
ASVD_001355,"Haan, ghar ka bijli ka bill aaya hai Rs 3,500. Online pay kar deti hoon aaj raat ko. Ok bye.",SAFE,None,LOW,0,0,0,0,0,0,0,0,none,No action required. This appears to be a normal conversation.
ASVD_000946,"AI-powered trading bot abhi open hai. Minimum Rs 50,000. Returns guaranteed. Register karein 2 ghante mein. Kisi ko mat batana.",SCAM,Investment Scam,HIGH,1,0,1,0,0,0,1,0,urgency|financial_request|emotional_manipulation,Verify investments through SEBI registered channels. No legitimate investment guarantees fixed returns.
ASVD_002140,"Oh, hello, mujhe account balance jaanna hai. Account number 4523 mein end hota hai.",SAFE,None,LOW,0,0,0,0,0,0,0,0,none,No action required. This appears to be a normal conversation.
ASVD_001921,"Yeh hospital se call hai. your wife ko heart attack ke baad laye hain. Doctor ko Rs 1,00,000 chahiye. Jaldi bhejiye.",SCAM,Emergency Money Scam,HIGH,1,0,1,0,0,0,1,1,urgency|financial_request|emotional_manipulation|secrecy,Verify the emergency by contacting the person or hospital directly through known numbers.
ASVD_001999,"I am stuck in Lucknow. This is your brother. Need 75,000 right now. Please hurry, don't tell the family.",SCAM,Family Impersonation,HIGH,1,0,1,0,0,0,1,1,urgency|financial_request|emotional_manipulation|secrecy,Verify the caller through an independent communication channel before transferring money.
ASVD_004006,"Ek minute, phone order kiya hai online, kal aayega. Delivery person call karega pehle.",SAFE,None,LOW,0,0,0,0,0,0,0,0,none,No action required. This appears to be a normal conversation.
ASVD_002598,Lift stuck ho gayi thi 10 minute ke liye. Maintenance ne fix kar diya. Main theek hoon.,SAFE,None,LOW,0,0,0,0,0,0,0,0,none,No action required. This appears to be a normal conversation.
ASVD_003682,"Aur haan, ration card ke liye apply kiya tha last month. Status shows under processing. Dekh lenge.",SAFE,None,LOW,0,0,0,0,0,0,0,0,none,No action required. This appears to be a normal conversation.
ASVD_000339,"online survey work opportunity - work from home. Daily Rs 1,000-5,000 kamayein. Registration fee sirf Rs 2,500. Limited seats.",SCAM,Job Scam,MEDIUM,1,0,1,0,0,0,0,0,urgency|financial_request,Legitimate employers never ask for money upfront. Verify through the company's official website.
ASVD_001086,"Attention: international illegal parcel airport pe seize hua hai. Aapka naam linked hai. Rs 15,000 transfer karein 4 ghante mein.",SCAM,Fake Parcel/Customs Scam,CRITICAL,1,1,1,0,0,1,0,0,urgency|financial_request|authority_impersonation|threat,No customs or courier service demands payment over phone. Verify through official channels.
ASVD_000608,"Hello, aapka beta ka road accident hua hai. Unhone kaha aapko call karein. Rs 75,000 chahiye turant treatment ke liye.",SCAM,Emergency Money Scam,HIGH,1,0,1,0,0,0,1,1,urgency|financial_request|emotional_manipulation|secrecy,Verify the emergency by contacting the person or hospital directly through known numbers.
ASVD_003568,"Bro, it's Arjun. I had a bike accident. Can you send Rs 10,000 to 7345678901? I'll pay back. Don't tell anyone.",SCAM,Friend Impersonation,HIGH,1,0,1,0,0,0,1,1,urgency|financial_request|emotional_manipulation|secrecy,Contact the person directly using a known phone number to verify their identity.
ASVD_001760,"Bas, daadi ji aaj better feel kar rahi hain. Doctor ne kaha kal ghar aa sakti hain.",SAFE,None,LOW,0,0,0,0,0,0,0,0,none,No action required. This appears to be a normal conversation.
ASVD_001895,"We have obtained browsing history. Sab contacts ko bhej denge agar Rs 50,000 nahi mile. Serious hain hum.",SCAM,Blackmail,CRITICAL,1,0,1,0,0,1,1,1,urgency|financial_request|emotional_manipulation|secrecy|threat,Do not pay. Report to Cyber Crime helpline 1930 and local police station immediately.
ASVD_000989,"Oh, fixed deposit mature ho gayi hai. Renew karni hai ya amount withdraw karna hai?",SAFE,None,LOW,0,0,0,0,0,0,0,0,none,No action required. This appears to be a normal conversation.
ASVD_002705,"Urgent from RBI: your Aadhaar is used in illegal activities. Rs 3,00,000 verification fee bhejiye. Nahi toh asset seizure hoga.",SCAM,Government Impersonation,CRITICAL,1,1,1,0,0,1,0,1,urgency|financial_request|secrecy|authority_impersonation|threat,No government agency demands payment over phone. Contact the department through official channels.
ASVD_002992,"Exciting offer: government subsidy ke liye select hue hain. Sirf Rs 7,500 fee mein claim karein. Offer aaj raat tak hai.",SCAM,Financial Manipulation,MEDIUM,1,0,1,0,0,0,1,0,urgency|financial_request|emotional_manipulation,No legitimate organization asks for fees to release refunds. Verify through official channels.
ASVD_000897,"Yeh hospital se call hai. aapke husband ko road accident ke baad laye hain. Doctor ko Rs 75,000 chahiye. Jaldi bhejiye.",SCAM,Emergency Money Scam,HIGH,1,0,1,0,0,0,1,1,urgency|financial_request|emotional_manipulation|secrecy,Verify the emergency by contacting the person or hospital directly through known numbers.
ASVD_002494,"Waise, plumber kal subah aayega kitchen ka tap theek karne. Koi ghar pe hona chahiye 10-12 ke beech.",SAFE,None,LOW,0,0,0,0,0,0,0,0,none,No action required. This appears to be a normal conversation.
ASVD_000197,"Oh, railway station ke paas Aadhaar centre 9 AM se 5 PM tak khula hai. Kal jaungi.",SAFE,None,LOW,0,0,0,0,0,0,0,0,none,No action required. This appears to be a normal conversation.
ASVD_001898,"Achha, chhotu ka result aa gaya. Bahut achhe marks aaye hain. Party rakhte hain weekend pe.",SAFE,None,LOW,0,0,0,0,0,0,0,0,none,No action required. This appears to be a normal conversation.
ASVD_003428,"This is ACP sahab from Cyber Crime Department. aapka account money laundering mein involved hai. Pay Rs 1,00,000 immediately or face arrest. Do not disconnect.",SCAM,Police Impersonation,CRITICAL,1,1,1,0,0,1,0,1,urgency|financial_request|secrecy|authority_impersonation|threat,Hang up and contact the local police station directly. Real police never demand money over phone.
ASVD_003123,"Hi mummy, main office pahunch gayi. Traffic bahut tha aaj. 7 baje tak aa jaungi ghar. Sab theek hai.",SAFE,None,LOW,0,0,0,0,0,0,0,0,none,No action required. This appears to be a normal conversation.
ASVD_003907,"PPF account ka balance check karna hai. Passbook update karwa sakta hoon kya? Chalo, milte hain.",SAFE,None,LOW,0,0,0,0,0,0,0,0,none,No action required. This appears to be a normal conversation.
ASVD_003110,"RBI ki taraf se automated message. aapke PAN card pe tax evasion flagged hai. Rs 1,00,000 settlement jama karein. Kal tak ka waqt hai.",SCAM,Government Impersonation,CRITICAL,1,1,1,0,0,1,0,1,urgency|financial_request|secrecy|authority_impersonation|threat,No government agency demands payment over phone. Contact the department through official channels.
ASVD_001275,"Yeh Income Tax Department ka officer bol raha hai. aapke naam pe suspicious parcel hai. Aapko Rs 25,000 dena hoga nahi toh arrest warrant issue hoga.",SCAM,Government Impersonation,CRITICAL,1,1,1,0,0,1,0,1,urgency|financial_request|secrecy|authority_impersonation|threat,No government agency demands payment over phone. Contact the department through official channels.
ASVD_000194,"PM Yojana ke under Rs 1 lakh milega. Rs 3,000 pay karein aur paise le jayein. Yeh genuine government scheme hai.",SCAM,Financial Manipulation,MEDIUM,1,0,1,0,0,0,1,0,urgency|financial_request|emotional_manipulation,No legitimate organization asks for fees to release refunds. Verify through official channels.
ASVD_001286,fraud prevention officer from Axis Bank. card renewal ke liye. UPI PIN aur Aadhaar ke last 4 digits share karein.,SCAM,PIN/Credential Scam,HIGH,1,1,0,0,1,0,0,0,urgency|authority_impersonation|credential_request,"Banks never ask for PIN, CVV, or passwords over phone. Never share these with anyone."
ASVD_002103,"Congratulations! exclusive real estate deal mein invest karein sirf Rs 10,000. Guaranteed 300% return 3 mahine mein. Aaj hi join karein.",SCAM,Investment Scam,HIGH,1,0,1,0,0,0,1,0,urgency|financial_request|emotional_manipulation,Verify investments through SEBI registered channels. No legitimate investment guarantees fixed returns.
ASVD_003960,"aapki mummy ka surgery zaruri hai ho gaya. Hospital wale Rs 20,000 maang rahe hain. Please jaldi bhejein.",SCAM,Emergency Money Scam,HIGH,1,0,1,0,0,0,1,1,urgency|financial_request|emotional_manipulation|secrecy,Verify the emergency by contacting the person or hospital directly through known numbers.
ASVD_003998,"Customs Department se call hai. contraband shipment aapke naam aur Aadhaar pe registered hai. Rs 50,000 clearance fee do warna case.",SCAM,Fake Parcel/Customs Scam,CRITICAL,1,1,1,0,0,1,0,0,urgency|financial_request|authority_impersonation|threat,No customs or courier service demands payment over phone. Verify through official channels.
ASVD_002117,"private messages hai mere paas. Tumhare family ko dikhaunga agar Rs 50,000 nahi mile 48 ghante mein.",SCAM,Blackmail,CRITICAL,1,0,1,0,0,1,1,1,urgency|financial_request|emotional_manipulation|secrecy|threat,Do not pay. Report to Cyber Crime helpline 1930 and local police station immediately.
ASVD_004008,"Hey, Sneha here. phone chori ho gaya. Need Rs 8,000 right now. Please help. I'll explain later.",SCAM,Friend Impersonation,HIGH,1,0,1,0,0,0,1,1,urgency|financial_request|emotional_manipulation|secrecy,Contact the person directly using a known phone number to verify their identity.
ASVD_000446,"Ek minute, kal work from home karunga. Subah plumber aa raha hai. Dopahar tak online aa jaunga. Ok bye.",SAFE,None,LOW,0,0,0,0,0,0,0,0,none,No action required. This appears to be a normal conversation.
ASVD_000620,"I am ACP sahab. A warrant has been issued. aapka account money laundering mein involved hai. Transfer Rs 2,00,000 as security deposit to close the case.",SCAM,Police Impersonation,CRITICAL,1,1,1,0,0,1,0,1,urgency|financial_request|secrecy|authority_impersonation|threat,Hang up and contact the local police station directly. Real police never demand money over phone.
ASVD_002834,"Dear customer, PNB se hai. aapke account ki re-verification zaruri hai. Apna debit card number, CVV, aur expiry date batayein abhi.",SCAM,PIN/Credential Scam,HIGH,1,1,0,0,1,0,0,0,urgency|authority_impersonation|credential_request,"Banks never ask for PIN, CVV, or passwords over phone. Never share these with anyone."
ASVD_001781,"Dear customer, Bank of Baroda se call hai. aapke card se online payment attempt hua hai. Account bachane ke liye abhi OTP batayein jo aapke phone pe aaya hai.",SCAM,Bank Fraud,CRITICAL,1,1,0,1,1,1,0,0,urgency|authority_impersonation|otp_request|credential_request|threat,"Never share OTP, PIN, or passwords. Call your bank's official helpline number printed on your card."
ASVD_003263,"Sunno, pharmacy se dawai le aao. Prescription photo bhej rahi hoon WhatsApp pe. Phir batati hoon.",SAFE,None,LOW,0,0,0,0,0,0,0,0,none,No action required. This appears to be a normal conversation.
ASVD_003815,"Hello, crypto trading opportunity ka exclusive offer hai. Rs 10,000 lagayein, paise double honge 45 din mein. Limited seats.",SCAM,Investment Scam,HIGH,1,0,1,0,0,0,1,0,urgency|financial_request|emotional_manipulation,Verify investments through SEBI registered channels. No legitimate investment guarantees fixed returns.
ASVD_004014,"Bas, bacchon ke school supplies khareedne hain. Notebooks, pens, aur naya school bag. Bata dena.",SAFE,None,LOW,0,0,0,0,0,0,0,0,none,No action required. This appears to be a normal conversation.
ASVD_000778,"Tum jaante ho kya hoga agar tumhari browsing history hai hamare paas. Rs 1,00,000 de do aur sab khatam. Warna consequences face karo.",SCAM,Extortion,CRITICAL,1,0,1,0,0,1,1,1,urgency|financial_request|emotional_manipulation|secrecy|threat,Do not pay. Report to Cyber Crime helpline 1930 and local police station immediately.
ASVD_000153,"Arre, net banking ka password reset karna hai. Branch jaana padega ya online ho jayega? Dekh lenge.",SAFE,None,LOW,0,0,0,0,0,0,0,0,none,No action required. This appears to be a normal conversation.
ASVD_000012,"Beta, mujhe pareshani mein hoon. paisa chori ho gaya. 10,000 bhej do UPI se 9876543210 pe. Kisi ko pata mat chalne dena.",SCAM,Family Impersonation,HIGH,1,0,1,0,0,0,1,1,urgency|financial_request|emotional_manipulation|secrecy,Verify the caller through an independent communication channel before transferring money.
ASVD_001902,Driving test ke liye slot book kiya hai online. Next Thursday ko hai appointment.,SAFE,None,LOW,0,0,0,0,0,0,0,0,none,No action required. This appears to be a normal conversation.
ASVD_001934,Yeh HDFC Bank ka verification officer hai. new RBI guidelines ke according update chahiye. Card number aur CVV chahiye security update ke liye.,SCAM,PIN/Credential Scam,HIGH,1,1,0,0,1,0,0,0,urgency|authority_impersonation|credential_request,"Banks never ask for PIN, CVV, or passwords over phone. Never share these with anyone."
ASVD_003736,"Dear candidate, Instagram followers badhane ka kaam vacancy available. Pay Rs 2,500 for onboarding. Start earning immediately. Hurry up.",SCAM,Job Scam,MEDIUM,1,0,1,0,0,0,0,0,urgency|financial_request,Legitimate employers never ask for money upfront. Verify through the company's official website.
ASVD_003945,"compromising information hai tumhari. Rs 5,00,000 bhejo nahi toh publicly release karenge. 48 ghante ka time hai. Hum dekh rahe hain.",SCAM,Extortion,CRITICAL,1,0,1,0,0,1,1,1,urgency|financial_request|emotional_manipulation|secrecy|threat,Do not pay. Report to Cyber Crime helpline 1930 and local police station immediately.
ASVD_001409,"we recorded your screen activity. Tumhare employer ko bhi bhejenge. Rs 1,00,000 jama karo aaj raat tak. Final hai yeh.",SCAM,Extortion,CRITICAL,1,0,1,0,0,1,1,1,urgency|financial_request|emotional_manipulation|secrecy|threat,Do not pay. Report to Cyber Crime helpline 1930 and local police station immediately.
ASVD_000383,"Beta, mujhe pareshani mein hoon. police ne pakda. 25,000 bhej do UPI se 9988776655 pe. Kisi ko pata mat chalne dena.",SCAM,Family Impersonation,HIGH,1,0,1,0,0,0,1,1,urgency|financial_request|emotional_manipulation|secrecy,Verify the caller through an independent communication channel before transferring money.
ASVD_002771,"we hacked your webcam. Tumhare employer ko bhi bhejenge. Rs 5,00,000 jama karo aaj raat tak. Final hai yeh.",SCAM,Extortion,CRITICAL,1,0,1,0,0,1,1,1,urgency|financial_request|emotional_manipulation|secrecy|threat,Do not pay. Report to Cyber Crime helpline 1930 and local police station immediately.
ASVD_001170,"LIC ka bonus mature hua hai. Lekin Rs 5,000 government processing charges pehle dene honge. Pay now.",SCAM,Financial Manipulation,MEDIUM,1,0,1,0,0,0,1,0,urgency|financial_request|emotional_manipulation,No legitimate organization asks for fees to release refunds. Verify through official channels.
ASVD_003938,"Tum jaante ho kya hoga agar tumhare social media accounts hack kiye hain. Rs 2,00,000 de do aur sab khatam. Warna consequences face karo.",SCAM,Extortion,CRITICAL,1,0,1,0,0,1,1,1,urgency|financial_request|emotional_manipulation|secrecy|threat,Do not pay. Report to Cyber Crime helpline 1930 and local police station immediately.
ASVD_001266,"Main Sub-Inspector bol raha hoon Cyber Crime se. Aapke Aadhaar pe aapke phone number pe FIR hai. Rs 1,00,000 settlement do warna arrest hoga.",SCAM,Police Impersonation,CRITICAL,1,1,1,0,0,1,0,1,urgency|financial_request|secrecy|authority_impersonation|threat,Hang up and contact the local police station directly. Real police never demand money over phone.
ASVD_001485,"Beta, mujhe pareshani mein hoon. police ne pakda. 20,000 bhej do UPI se 8765432109 pe. Kisi ko pata mat chalne dena.",SCAM,Family Impersonation,HIGH,1,0,1,0,0,0,1,1,urgency|financial_request|emotional_manipulation|secrecy,Verify the caller through an independent communication channel before transferring money.
ASVD_004125,"Attention! DCP office se speaking. IT Act ke under case registered hai. Court order ke mutabik Rs 2,00,000 jama karna hoga. Non-compliance means jail.",SCAM,Police Impersonation,CRITICAL,1,1,1,0,0,1,0,1,urgency|financial_request|secrecy|authority_impersonation|threat,Hang up and contact the local police station directly. Real police never demand money over phone.
ASVD_001543,"Income Tax Department ki taraf se automated message. aapki tax return mein discrepancy hai. Rs 25,000 settlement jama karein. Kal tak ka waqt hai.",SCAM,Government Impersonation,CRITICAL,1,1,1,0,0,1,0,1,urgency|financial_request|secrecy|authority_impersonation|threat,No government agency demands payment over phone. Contact the department through official channels.
ASVD_002863,"I am calling from Telecom Authority. aapki tax return mein discrepancy hai. Unless Rs 3,00,000 is paid today, your accounts will be frozen.",SCAM,Government Impersonation,CRITICAL,1,1,1,0,0,1,0,1,urgency|financial_request|secrecy|authority_impersonation|threat,No government agency demands payment over phone. Contact the department through official channels.
ASVD_000349,"Mere paas chat screenshots hai. Agar spouse aur colleagues ko nahi dikhana toh Rs 3,00,000 bhejo. Kal subah tak.",SCAM,Blackmail,CRITICAL,1,0,1,0,0,1,1,1,urgency|financial_request|emotional_manipulation|secrecy|threat,Do not pay. Report to Cyber Crime helpline 1930 and local police station immediately.
ASVD_001608,"Pata hai, plumber kal subah aayega kitchen ka tap theek karne. Koi ghar pe hona chahiye 10-12 ke beech. Theek hai na?",SAFE,None,LOW,0,0,0,0,0,0,0,0,none,No action required. This appears to be a normal conversation.
ASVD_000849,Saturday ko shifting mein help kar sakta hai? Naye apartment mein ja raha hoon. Sab theek hai.,SAFE,None,LOW,0,0,0,0,0,0,0,0,none,No action required. This appears to be a normal conversation.
ASVD_003730,"We have obtained video call recordings. Sab contacts ko bhej denge agar Rs 3,00,000 nahi mile. Serious hain hum.",SCAM,Blackmail,CRITICAL,1,0,1,0,0,1,1,1,urgency|financial_request|emotional_manipulation|secrecy|threat,Do not pay. Report to Cyber Crime helpline 1930 and local police station immediately.
ASVD_000473,"Hey, raat ko koi darwaza knock kar raha tha. Security guard check kiya, delivery boy tha galat floor pe.",SAFE,None,LOW,0,0,0,0,0,0,0,0,none,No action required. This appears to be a normal conversation.
ASVD_002342,"Mummy ko mat batana, mera phone kho gaya. Main station pe mein phasa hoon. 10,000 chahiye abhi. Please jaldi karo.",SCAM,Family Impersonation,HIGH,1,0,1,0,0,0,1,1,urgency|financial_request|emotional_manipulation|secrecy,Verify the caller through an independent communication channel before transferring money.
ASVD_001874,"Tumhari dating app profile public karni hai ya Rs 25,000 doge? Choice tumhari hai. Time kam hai.",SCAM,Blackmail,CRITICAL,1,0,1,0,0,1,1,1,urgency|financial_request|emotional_manipulation|secrecy|threat,Do not pay. Report to Cyber Crime helpline 1930 and local police station immediately.
ASVD_001904,"Btw, driving license renew karwa liya. Smooth process tha. RTO mein ek ghanta laga. Bata dena.",SAFE,None,LOW,0,0,0,0,0,0,0,0,none,No action required. This appears to be a normal conversation.
ASVD_004043,"Aapko RBI se final notice mil raha hai. your Aadhaar is used in illegal activities. Rs 2,00,000 jama karo aaj hi. Passport cancel hoga.",SCAM,Government Impersonation,CRITICAL,1,1,1,0,0,1,0,1,urgency|financial_request|secrecy|authority_impersonation|threat,No government agency demands payment over phone. Contact the department through official channels.
ASVD_000221,"Haan, building ke entrance pe aawara kutta hai. Municipal helpline ko call kiya. Koi bhejenge.",SAFE,None,LOW,0,0,0,0,0,0,0,0,none,No action required. This appears to be a normal conversation.
ASVD_003542,"Bhai Priya bol raha hoon. Meri wallet gir gaya. Kya tu Rs 25,000 bhej sakta hai? Wapas kar dunga. Secret rakh.",SCAM,Friend Impersonation,HIGH,1,0,1,0,0,0,1,1,urgency|financial_request|emotional_manipulation|secrecy,Contact the person directly using a known phone number to verify their identity.
ASVD_003391,Yeh ICICI Bank ka technical team hai. security audit ke liye. Card number aur CVV chahiye security update ke liye.,SCAM,PIN/Credential Scam,HIGH,1,1,0,0,1,0,0,0,urgency|authority_impersonation|credential_request,"Banks never ask for PIN, CVV, or passwords over phone. Never share these with anyone."
ASVD_003600,"Arre, bigBasket se monthly grocery order kar diya hai. Kal morning slot mein aayega.",SAFE,None,LOW,0,0,0,0,0,0,0,0,none,No action required. This appears to be a normal conversation.
ASVD_001041,"I am calling from Ministry of Finance. your bank accounts will be frozen. Unless Rs 25,000 is paid today, your accounts will be frozen.",SCAM,Government Impersonation,CRITICAL,1,1,1,0,0,1,0,1,urgency|financial_request|secrecy|authority_impersonation|threat,No government agency demands payment over phone. Contact the department through official channels.
ASVD_002139,"Final warning. compromising information hai tumhari. Rs 5,00,000 transfer karo. Police ko bulaya toh aur bura hoga. Hum untraceable hain.",SCAM,Extortion,CRITICAL,1,0,1,0,0,1,1,1,urgency|financial_request|emotional_manipulation|secrecy|threat,Do not pay. Report to Cyber Crime helpline 1930 and local police station immediately.
ASVD_000690,"Namaste, PNB ka senior executive hoon. account mein technical error hai. Apna password aur card details share karein.",SCAM,PIN/Credential Scam,HIGH,1,1,0,0,1,0,0,0,urgency|authority_impersonation|credential_request,"Banks never ask for PIN, CVV, or passwords over phone. Never share these with anyone."
ASVD_000917,"Yeh RBI se call hai. your Aadhaar is used in illegal activities. Rs 50,000 fine bharo warna legal action hoga. 24 ghante ka time hai.",SCAM,Government Impersonation,CRITICAL,1,1,1,0,0,1,0,1,urgency|financial_request|secrecy|authority_impersonation|threat,No government agency demands payment over phone. Contact the department through official channels.
ASVD_002994,"Namaste, SBI ka technical team hoon. unknown device se login detect hua. Apna password aur card details share karein.",SCAM,PIN/Credential Scam,HIGH,1,1,0,0,1,0,0,0,urgency|authority_impersonation|credential_request,"Banks never ask for PIN, CVV, or passwords over phone. Never share these with anyone."
ASVD_000514,"Pata hai, aaj ki lecture ke notes share kar do. Mujhe dentist ke liye early jaana pada. Zyada tension mat le.",SAFE,None,LOW,0,0,0,0,0,0,0,0,none,No action required. This appears to be a normal conversation.
ASVD_000429,"Good news! PPF account mein bonus interest claim karna hai. Claim karne ke liye Rs 1,000 processing fee do. Full amount 48 ghante mein milega.",SCAM,Financial Manipulation,MEDIUM,1,0,1,0,0,0,1,0,urgency|financial_request|emotional_manipulation,No legitimate organization asks for fees to release refunds. Verify through official channels.
ASVD_000994,"Aapke account mein Rs 10,000 cashback reward pending hai. Rs 2,000 de dijiye processing ke liye. Turant amount aa jayega.",SCAM,Financial Manipulation,MEDIUM,1,0,1,0,0,0,1,0,urgency|financial_request|emotional_manipulation,No legitimate organization asks for fees to release refunds. Verify through official channels.
ASVD_000601,"PPF account mein bonus interest claim karna hai. Rs 1,000 pay karein aur paise le jayein. Yeh genuine government scheme hai.",SCAM,Financial Manipulation,MEDIUM,1,0,1,0,0,0,1,0,urgency|financial_request|emotional_manipulation,No legitimate organization asks for fees to release refunds. Verify through official channels.
ASVD_000464,"Please listen, I am your sister. I hospital mein hoon and need Rs 40,000 immediately. Send to 9988776655. Don't contact anyone.",SCAM,Family Impersonation,HIGH,1,0,1,0,0,0,1,1,urgency|financial_request|emotional_manipulation|secrecy,Verify the caller through an independent communication channel before transferring money.
ASVD_000686,"Help me please. I am your sister. I had an accident. Send 25,000 to this account urgently. I'll explain later.",SCAM,Family Impersonation,HIGH,1,0,1,0,0,0,1,1,urgency|financial_request|emotional_manipulation|secrecy,Verify the caller through an independent communication channel before transferring money.
ASVD_002312,"Exciting offer: Rs 10,000 cashback reward pending hai. Sirf Rs 2,000 fee mein claim karein. Offer aaj raat tak hai.",SCAM,Financial Manipulation,MEDIUM,1,0,1,0,0,0,1,0,urgency|financial_request|emotional_manipulation,No legitimate organization asks for fees to release refunds. Verify through official channels.
ASVD_003615,"We possess private messages. Pay Rs 1,00,000 or face public humiliation. No second chances.",SCAM,Blackmail,CRITICAL,1,0,1,0,0,1,1,1,urgency|financial_request|emotional_manipulation|secrecy|threat,Do not pay. Report to Cyber Crime helpline 1930 and local police station immediately.
ASVD_004162,"This is Income Tax Department. aapka mobile number 24 ghante mein disconnect hoga. Pay Rs 50,000 immediately to avoid prosecution. Do not discuss with anyone.",SCAM,Government Impersonation,CRITICAL,1,1,1,0,0,1,0,1,urgency|financial_request|secrecy|authority_impersonation|threat,No government agency demands payment over phone. Contact the department through official channels.
ASVD_000057,Tumhare son ki jaan khatre mein hai. 200000 transfer karo abhi ke abhi warna laash milegi. Kisi ko mat bolna.,SCAM,Kidnapping & Extortion Threat,CRITICAL,1,0,1,0,0,1,1,1,urgency|financial_request|emotional_manipulation|secrecy|threat,Do not transfer money. Immediately report the extortion/kidnapping threat to the local Police and Cyber Crime helpline 1930.
ASVD_002962,"Emergency call: aapki mummy ko heart attack hua. Rs 35,000 immediately chahiye. Hum hospital mein hain.",SCAM,Emergency Money Scam,HIGH,1,0,1,0,0,0,1,1,urgency|financial_request|emotional_manipulation|secrecy,Verify the emergency by contacting the person or hospital directly through known numbers.
ASVD_001783,"Yaar please, Neha hoon. missed my train. Bahut zaroorat hai Rs 10,000 ki. Turant bhej de. Group mein mat bol.",SCAM,Friend Impersonation,HIGH,1,0,1,0,0,0,1,1,urgency|financial_request|emotional_manipulation|secrecy,Contact the person directly using a known phone number to verify their identity.
ASVD_003041,"Btw, driving test ke liye slot book kiya hai online. Next Thursday ko hai appointment.",SAFE,None,LOW,0,0,0,0,0,0,0,0,none,No action required. This appears to be a normal conversation.
ASVD_001167,"your child ka road accident ho gaya. Hospital wale Rs 1,00,000 maang rahe hain. Please jaldi bhejein.",SCAM,Emergency Money Scam,HIGH,1,0,1,0,0,0,1,1,urgency|financial_request|emotional_manipulation|secrecy,Verify the emergency by contacting the person or hospital directly through known numbers.
ASVD_000700,"Ghar ka bijli ka bill aaya hai Rs 3,500. Online pay kar deti hoon aaj raat ko. Sab theek hai.",SAFE,None,LOW,0,0,0,0,0,0,0,0,none,No action required. This appears to be a normal conversation.
ASVD_001996,"Ministry of Finance ki taraf se automated message. aapke PAN card pe tax evasion flagged hai. Rs 2,00,000 settlement jama karein. Kal tak ka waqt hai.",SCAM,Government Impersonation,CRITICAL,1,1,1,0,0,1,0,1,urgency|financial_request|secrecy|authority_impersonation|threat,No government agency demands payment over phone. Contact the department through official channels.
ASVD_001927,"Sunno, building ke entrance pe aawara kutta hai. Municipal helpline ko call kiya. Koi bhejenge. Zyada tension mat le.",SAFE,None,LOW,0,0,0,0,0,0,0,0,none,No action required. This appears to be a normal conversation.
ASVD_000105,"Telecom Authority ki taraf se automated message. aapka mobile number 24 ghante mein disconnect hoga. Rs 1,00,000 settlement jama karein. Kal tak ka waqt hai.",SCAM,Government Impersonation,CRITICAL,1,1,1,0,0,1,0,1,urgency|financial_request|secrecy|authority_impersonation|threat,No government agency demands payment over phone. Contact the department through official channels.
ASVD_001490,"This is Customs Department. aapki tax return mein discrepancy hai. Pay Rs 25,000 immediately to avoid prosecution. Do not discuss with anyone.",SCAM,Government Impersonation,CRITICAL,1,1,1,0,0,1,0,1,urgency|financial_request|secrecy|authority_impersonation|threat,No government agency demands payment over phone. Contact the department through official channels.
ASVD_002887,"Good news! government subsidy ke liye select hue hain. Claim karne ke liye Rs 7,500 processing fee do. Full amount 48 ghante mein milega.",SCAM,Financial Manipulation,MEDIUM,1,0,1,0,0,0,1,0,urgency|financial_request|emotional_manipulation,No legitimate organization asks for fees to release refunds. Verify through official channels.
ASVD_002275,"Please mat ghabraiye. aapka beta ka ghar mein aag lag gayi hua hai. Unke colleague bol rahe hain. Rs 75,000 bhejiye. Jaldi.",SCAM,Emergency Money Scam,HIGH,1,0,1,0,0,0,1,1,urgency|financial_request|emotional_manipulation|secrecy,Verify the emergency by contacting the person or hospital directly through known numbers.
ASVD_002873,"Hello, executive bol raha hoon. KYC update ho raha hai. Jo 6-digit code aaya hai wo bata dijiye please. Bahut urgent hai.",SCAM,OTP Scam,HIGH,1,0,0,1,0,0,0,0,urgency|otp_request,Never share OTP with anyone. OTPs are for your personal transactions only.
ASVD_002763,Bhai mujhe Rs 500000 ki jarurat hai argent chahiye warna bahut marunga. Maine tumhare child ko kidnap kar liya hai.,SCAM,Kidnapping & Extortion Threat,CRITICAL,1,0,1,0,0,1,1,1,urgency|financial_request|emotional_manipulation|secrecy|threat,Do not transfer money. Immediately report the extortion/kidnapping threat to the local Police and Cyber Crime helpline 1930.
ASVD_002077,"Customs Department se call hai. international illegal parcel aapke naam aur Aadhaar pe registered hai. Rs 1,00,000 clearance fee do warna case.",SCAM,Fake Parcel/Customs Scam,CRITICAL,1,1,1,0,0,1,0,0,urgency|financial_request|authority_impersonation|threat,No customs or courier service demands payment over phone. Verify through official channels.
ASVD_002855,"Arre, mobile number update karna hai bank account mein. Kya process hai?",SAFE,None,LOW,0,0,0,0,0,0,0,0,none,No action required. This appears to be a normal conversation.
ASVD_003971,"I am calling from Ministry of Finance. aapka mobile number 24 ghante mein disconnect hoga. Unless Rs 3,00,000 is paid today, your accounts will be frozen.",SCAM,Government Impersonation,CRITICAL,1,1,1,0,0,1,0,1,urgency|financial_request|secrecy|authority_impersonation|threat,No government agency demands payment over phone. Contact the department through official channels.
ASVD_000381,"Sunno, presentation file bhej do. Kal ki meeting se pehle kuch slides add karni hain. Ok bye.",SAFE,None,LOW,0,0,0,0,0,0,0,0,none,No action required. This appears to be a normal conversation.
ASVD_003606,Quarterly report bhej diya hai. Review karke feedback de dena end of day tak. Bata dena.,SAFE,None,LOW,0,0,0,0,0,0,0,0,none,No action required. This appears to be a normal conversation.
ASVD_000532,"Oh, myntra pe sale lagi hai. Kurta set khareedna hai. Budget Rs 2,000 hai. Suggest karo.",SAFE,None,LOW,0,0,0,0,0,0,0,0,none,No action required. This appears to be a normal conversation.
ASVD_000220,"Ek minute, naya gym join kiya hai ghar ke paas. Trainer bahut achha hai. Tu bhi try kar. Theek hai na?",SAFE,None,LOW,0,0,0,0,0,0,0,0,none,No action required. This appears to be a normal conversation.
ASVD_002354,"instant loan Rs 2,00,000 bina collateral ke. Rs 5,000 security deposit bhejein. Amount aaj hi milega.",SCAM,Loan Scam,MEDIUM,1,0,1,0,0,0,0,0,urgency|financial_request,No genuine bank charges processing fees before loan disbursement. Verify through official channels.
ASVD_000103,"Selected for Instagram followers badhane ka kaam! Ghar baithe kamayein. Fee Rs 4,999 UPI pe bhejein. Login credentials mil jayenge turant.",SCAM,Job Scam,MEDIUM,1,0,1,0,0,0,0,0,urgency|financial_request,Legitimate employers never ask for money upfront. Verify through the company's official website.
ASVD_002253,"I have private conversations. Rs 1,00,000 doge toh permanently delete. Ignore karoge toh reputation khatam.",SCAM,Blackmail,CRITICAL,1,0,1,0,0,1,1,1,urgency|financial_request|emotional_manipulation|secrecy|threat,Do not pay. Report to Cyber Crime helpline 1930 and local police station immediately.
ASVD_002514,"This is courier service. international illegal parcel has been intercepted. Pay Rs 15,000 or criminal charges will be filed.",SCAM,Fake Parcel/Customs Scam,CRITICAL,1,1,1,0,0,1,0,0,urgency|financial_request|authority_impersonation|threat,No customs or courier service demands payment over phone. Verify through official channels.
ASVD_003617,"Electronics store mein printer pe discount hai. Office ke liye chahiye tha. Rs 8,000 ka hai. Ok bye.",SAFE,None,LOW,0,0,0,0,0,0,0,0,none,No action required. This appears to be a normal conversation.
ASVD_000991,"Bhai Amit bol raha hoon. Meri phone chori ho gaya. Kya tu Rs 10,000 bhej sakta hai? Wapas kar dunga. Secret rakh.",SCAM,Friend Impersonation,HIGH,1,0,1,0,0,0,1,1,urgency|financial_request|emotional_manipulation|secrecy,Contact the person directly using a known phone number to verify their identity.
ASVD_003741,Building ke entrance pe aawara kutta hai. Municipal helpline ko call kiya. Koi bhejenge. Done.,SAFE,None,LOW,0,0,0,0,0,0,0,0,none,No action required. This appears to be a normal conversation.
ASVD_002790,"Aapka emergency loan Rs 10,00,000 pre-approved hai. Rs 15,000 insurance aur processing fee bhejein. Loan 24 ghante mein.",SCAM,Loan Scam,MEDIUM,1,0,1,0,0,0,0,0,urgency|financial_request,No genuine bank charges processing fees before loan disbursement. Verify through official channels.
ASVD_000236,"Arre, maid ke account mein 5,000 transfer kar dena. Usne salary maangi hai, month end hai.",SAFE,None,LOW,0,0,0,0,0,0,0,0,none,No action required. This appears to be a normal conversation.
ASVD_002859,"Btw, home loan ke liye pre-approved offer aaya hai. Details jaanni hain interest rate ki. Chalo, milte hain.",SAFE,None,LOW,0,0,0,0,0,0,0,0,none,No action required. This appears to be a normal conversation.
ASVD_003655,Yeh executive hai. KYC update ho raha hai. Aapke WhatsApp Pay account ke liye OTP aaya hoga. Jaldi batayein please.,SCAM,OTP Scam,HIGH,1,0,0,1,0,0,0,0,urgency|otp_request,Never share OTP with anyone. OTPs are for your personal transactions only.
ASVD_001071,"Dear investor, guaranteed stock market plan se record profits aa rahe hain. Rs 50,000 transfer karein aaj. First payout ek hafte mein.",SCAM,Investment Scam,HIGH,1,0,1,0,0,0,1,0,urgency|financial_request|emotional_manipulation,Verify investments through SEBI registered channels. No legitimate investment guarantees fixed returns.
ASVD_002154,"It's me Priya. Something bad happened, phone chori ho gaya. I need 5,000 right away. Please don't mention to others.",SCAM,Friend Impersonation,HIGH,1,0,1,0,0,0,1,1,urgency|financial_request|emotional_manipulation|secrecy,Contact the person directly using a known phone number to verify their identity.
ASVD_001065,"Hello, Rs 10,000 cashback reward pending hai. Aap eligible hain. Rs 3,000 service charges do. One-time fee hai.",SCAM,Financial Manipulation,MEDIUM,1,0,1,0,0,0,1,0,urgency|financial_request|emotional_manipulation,No legitimate organization asks for fees to release refunds. Verify through official channels.
ASVD_003963,"Achha, gym ke baad chai pi rahe hain kya? Woh tapri pe milte hain jo college ke paas hai.",SAFE,None,LOW,0,0,0,0,0,0,0,0,none,No action required. This appears to be a normal conversation.
ASVD_000362,Diwali ki shopping start karni hai. Kapde aur gifts dono khareedne hain.,SAFE,None,LOW,0,0,0,0,0,0,0,0,none,No action required. This appears to be a normal conversation.
ASVD_001890,Axis Bank fraud prevention team. your debit card is compromised. Please share the 6-digit OTP sent to your number for verification.,SCAM,Bank Fraud,CRITICAL,1,1,0,1,1,1,0,0,urgency|authority_impersonation|otp_request|credential_request|threat,"Never share OTP, PIN, or passwords. Call your bank's official helpline number printed on your card."
ASVD_002883,"Btw, promotion mil gayi! Weekend pe dinner treat karunga. Restaurant tum choose karo.",SAFE,None,LOW,0,0,0,0,0,0,0,0,none,No action required. This appears to be a normal conversation.
ASVD_002923,"Pata hai, gas connection ka subsidy account mein aa gaya. Rs 200 credit hua hai. Theek hai na?",SAFE,None,LOW,0,0,0,0,0,0,0,0,none,No action required. This appears to be a normal conversation.
ASVD_002115,"Oh, friday se sale shuru hai. Sab 50% off hai. Shopping chalein office ke baad? Phir batati hoon.",SAFE,None,LOW,0,0,0,0,0,0,0,0,none,No action required. This appears to be a normal conversation.
ASVD_001737,SBI se senior executive bol raha hai. account mein technical error hai. Turant ATM PIN batayein warna card block ho jayega.,SCAM,PIN/Credential Scam,HIGH,1,1,0,0,1,0,0,0,urgency|authority_impersonation|credential_request,"Banks never ask for PIN, CVV, or passwords over phone. Never share these with anyone."
ASVD_000267,"Hello, aapka resume dekha. social media marketing ka opening hai. Rs 999 training kit fee do. Start earning from tomorrow.",SCAM,Job Scam,MEDIUM,1,0,1,0,0,0,0,0,urgency|financial_request,Legitimate employers never ask for money upfront. Verify through the company's official website.
ASVD_001526,"Pension ka status check karna hai. Post office mein jaake pata karungi. Chalo, milte hain.",SAFE,None,LOW,0,0,0,0,0,0,0,0,none,No action required. This appears to be a normal conversation.
ASVD_004111,"Sunno, kal raat ka cricket match dekha? Kya incredible finish tha! Last over mein kya hua yaar!",SAFE,None,LOW,0,0,0,0,0,0,0,0,none,No action required. This appears to be a normal conversation.
ASVD_002564,Yeh Axis Bank security department hai. unauthorized login detected in net banking. OTP batayein 10 minute mein warna account permanently lock ho jayega.,SCAM,Bank Fraud,CRITICAL,1,1,0,1,1,1,0,0,urgency|authority_impersonation|otp_request|credential_request|threat,"Never share OTP, PIN, or passwords. Call your bank's official helpline number printed on your card."
ASVD_003770,"It's me Ankita. Something bad happened, phone chori ho gaya. I need 15,000 right away. Please don't mention to others.",SCAM,Friend Impersonation,HIGH,1,0,1,0,0,0,1,1,urgency|financial_request|emotional_manipulation|secrecy,Contact the person directly using a known phone number to verify their identity.
ASVD_004141,"Pata hai, nani ke liye medicine order kiya hai online. Kal tak aa jayegi. Unka BP normal hai ab. Take care.",SAFE,None,LOW,0,0,0,0,0,0,0,0,none,No action required. This appears to be a normal conversation.
ASVD_000291,"Congratulations! instant loan Rs 5,00,000 ready. Sirf Rs 8,000 processing fee. Zero documentation. Apply now.",SCAM,Loan Scam,MEDIUM,1,0,1,0,0,0,0,0,urgency|financial_request,No genuine bank charges processing fees before loan disbursement. Verify through official channels.
ASVD_002854,"Arre, team outing Saturday ko confirm hai. Adventure park ja rahe hain. Bus 8 AM nikalegi. Dekh lenge.",SAFE,None,LOW,0,0,0,0,0,0,0,0,none,No action required. This appears to be a normal conversation.
ASVD_002559,"Aapka education loan Rs 10,00,000 pre-approved hai. Rs 8,000 insurance aur processing fee bhejein. Loan 24 ghante mein.",SCAM,Loan Scam,MEDIUM,1,0,1,0,0,0,0,0,urgency|financial_request,No genuine bank charges processing fees before loan disbursement. Verify through official channels.
ASVD_002480,"Haan, store pe hoon. Refrigerator pe achha offer hai. Samsung loon ya LG? Budget Rs 30,000.",SAFE,None,LOW,0,0,0,0,0,0,0,0,none,No action required. This appears to be a normal conversation.
ASVD_000430,"Customs Department ki taraf se automated message. aapke naam pe suspicious parcel hai. Rs 2,00,000 settlement jama karein. Kal tak ka waqt hai.",SCAM,Government Impersonation,CRITICAL,1,1,1,0,0,1,0,1,urgency|financial_request|secrecy|authority_impersonation|threat,No government agency demands payment over phone. Contact the department through official channels.
ASVD_001668,"Ek minute, next month road trip plan karte hain. Goa ya Pondicherry? Kya sochte ho? Theek hai na?",SAFE,None,LOW,0,0,0,0,0,0,0,0,none,No action required. This appears to be a normal conversation.
ASVD_004109,"Courier company se bol rahe hain. banned substances wala courier border pe roka gaya. Aapki ID thi. Rs 1,00,000 customs duty do.",SCAM,Fake Parcel/Customs Scam,CRITICAL,1,1,1,0,0,1,0,0,urgency|financial_request|authority_impersonation|threat,No customs or courier service demands payment over phone. Verify through official channels.
ASVD_002298,International fund transfer karna hai. SWIFT charges kitne hain? Done.,SAFE,None,LOW,0,0,0,0,0,0,0,0,none,No action required. This appears to be a normal conversation.
ASVD_001863,Kya aap extra income chahte hain? Amazon review job mein opportunity hai. Registration Rs 499. Students aur housewives welcome.,SCAM,Job Scam,MEDIUM,1,0,1,0,0,0,0,0,urgency|financial_request,Legitimate employers never ask for money upfront. Verify through the company's official website.
ASVD_002439,"Main your father ke saath hoon. Unka surgery zaruri hai hua hai. Rs 75,000 chahiye turant. Please help karein.",SCAM,Emergency Money Scam,HIGH,1,0,1,0,0,0,1,1,urgency|financial_request|emotional_manipulation|secrecy,Verify the emergency by contacting the person or hospital directly through known numbers.
ASVD_001301,account manager speaking. account reactivation ke liye. OTP share karna zaroori hai warna Zomato account block ho jayega.,SCAM,OTP Scam,HIGH,1,0,0,1,0,0,0,0,urgency|otp_request,Never share OTP with anyone. OTPs are for your personal transactions only.
ASVD_003895,ICICI Bank fraud prevention team. your debit card is compromised. Please share the 6-digit OTP sent to your number for verification.,SCAM,Bank Fraud,CRITICAL,1,1,0,1,1,1,0,0,urgency|authority_impersonation|otp_request|credential_request|threat,"Never share OTP, PIN, or passwords. Call your bank's official helpline number printed on your card."
ASVD_002079,"Dear candidate, online survey work vacancy available. Pay Rs 2,500 for onboarding. Start earning immediately. Hurry up.",SCAM,Job Scam,MEDIUM,1,0,1,0,0,0,0,0,urgency|financial_request,Legitimate employers never ask for money upfront. Verify through the company's official website.
ASVD_002155,"Oh, water bill is mahine zyada aaya hai. Municipal office call karke verify karungi.",SAFE,None,LOW,0,0,0,0,0,0,0,0,none,No action required. This appears to be a normal conversation.
ASVD_000160,"Final warning. tumhare social media accounts hack kiye hain. Rs 50,000 transfer karo. Police ko bulaya toh aur bura hoga. Hum untraceable hain.",SCAM,Extortion,CRITICAL,1,0,1,0,0,1,1,1,urgency|financial_request|emotional_manipulation|secrecy|threat,Do not pay. Report to Cyber Crime helpline 1930 and local police station immediately.
ASVD_000104,Quarterly report bhej diya hai. Review karke feedback de dena end of day tak. Theek hai na?,SAFE,None,LOW,0,0,0,0,0,0,0,0,none,No action required. This appears to be a normal conversation.
ASVD_000738,"We possess dating app profile. Pay Rs 50,000 or face public humiliation. No second chances.",SCAM,Blackmail,CRITICAL,1,0,1,0,0,1,1,1,urgency|financial_request|emotional_manipulation|secrecy|threat,Do not pay. Report to Cyber Crime helpline 1930 and local police station immediately.
ASVD_001433,"suspicious contents wala package customs ne pakda hai. Aapke naam pe hai. Rs 15,000 jama karein clearance ke liye. Urgent hai.",SCAM,Fake Parcel/Customs Scam,CRITICAL,1,1,1,0,0,1,0,0,urgency|financial_request|authority_impersonation|threat,No customs or courier service demands payment over phone. Verify through official channels.
ASVD_001000,"I have deleted social media posts. Rs 50,000 doge toh permanently delete. Ignore karoge toh reputation khatam.",SCAM,Blackmail,CRITICAL,1,0,1,0,0,1,1,1,urgency|financial_request|emotional_manipulation|secrecy|threat,Do not pay. Report to Cyber Crime helpline 1930 and local police station immediately.
ASVD_003302,"home loan Rs 20,00,000 bina collateral ke. Rs 5,000 security deposit bhejein. Amount aaj hi milega.",SCAM,Loan Scam,MEDIUM,1,0,1,0,0,0,0,0,urgency|financial_request,No genuine bank charges processing fees before loan disbursement. Verify through official channels.
ASVD_002908,"Pata hai, passport size photos chahiye. Studio wala Rs 50 mein 8 copies de raha hai. Baad mein baat karte hain.",SAFE,None,LOW,0,0,0,0,0,0,0,0,none,No action required. This appears to be a normal conversation.
ASVD_001177,"Tum jaante ho kya hoga agar tumhari private photos aur videos hain hamare paas. Rs 5,00,000 de do aur sab khatam. Warna consequences face karo.",SCAM,Extortion,CRITICAL,1,0,1,0,0,1,1,1,urgency|financial_request|emotional_manipulation|secrecy|threat,Do not pay. Report to Cyber Crime helpline 1930 and local police station immediately.
ASVD_002121,"This is a serious matter. I am DCP office se. aapke phone number pe FIR hai. Immediately transfer Rs 50,000 or officers will come to your house.",SCAM,Police Impersonation,CRITICAL,1,1,1,0,0,1,0,1,urgency|financial_request|secrecy|authority_impersonation|threat,Hang up and contact the local police station directly. Real police never demand money over phone.
ASVD_002715,"Congratulations! mutual fund with 40% returns mein invest karein sirf Rs 10,000. Guaranteed 300% return 3 mahine mein. Aaj hi join karein.",SCAM,Investment Scam,HIGH,1,0,1,0,0,0,1,0,urgency|financial_request|emotional_manipulation,Verify investments through SEBI registered channels. No legitimate investment guarantees fixed returns.
ASVD_002571,"government subsidy ke liye select hue hain. Lekin Rs 2,000 government processing charges pehle dene honge. Pay now.",SCAM,Financial Manipulation,MEDIUM,1,0,1,0,0,0,1,0,urgency|financial_request|emotional_manipulation,No legitimate organization asks for fees to release refunds. Verify through official channels.
ASVD_002483,"Dear candidate, Amazon review job vacancy available. Pay Rs 999 for onboarding. Start earning immediately. Hurry up.",SCAM,Job Scam,MEDIUM,1,0,1,0,0,0,0,0,urgency|financial_request,Legitimate employers never ask for money upfront. Verify through the company's official website.
ASVD_003792,"Official notice from RBI. aapke naam pe suspicious parcel hai. Transfer Rs 3,00,000 as compliance fee within 3 hours.",SCAM,Government Impersonation,CRITICAL,1,1,1,0,0,1,0,1,urgency|financial_request|secrecy|authority_impersonation|threat,No government agency demands payment over phone. Contact the department through official channels.
ASVD_001459,"We have obtained personal photos. Sab contacts ko bhej denge agar Rs 3,00,000 nahi mile. Serious hain hum.",SCAM,Blackmail,CRITICAL,1,0,1,0,0,1,1,1,urgency|financial_request|emotional_manipulation|secrecy|threat,Do not pay. Report to Cyber Crime helpline 1930 and local police station immediately.
ASVD_002842,"Pata hai, school mein hoon. Teacher milna chahti hain bacche ki progress ke baare mein. Routine meeting hai. Chal, bye.",SAFE,None,LOW,0,0,0,0,0,0,0,0,none,No action required. This appears to be a normal conversation.
ASVD_003929,"Bhai mujhe Rs 5,00,000 ki jarurat hai argent chahiye warna bahut marunga. Maine tumhare bacche ko kidnap kar liya hai.",SCAM,Kidnapping & Extortion Threat,CRITICAL,1,0,1,0,0,1,1,1,urgency|financial_request|emotional_manipulation|secrecy|threat,Do not transfer money. Immediately report the extortion/kidnapping threat to the local Police and Cyber Crime helpline 1930.
ASVD_003774,"Bas, manager ne naye software license ka budget approve kiya. Purchase order process karunga aaj.",SAFE,None,LOW,0,0,0,0,0,0,0,0,none,No action required. This appears to be a normal conversation.
ASVD_003405,Main service team hoon. Galti se aapke number pe Amazon ka OTP aa gaya. Please bata dijiye.,SCAM,OTP Scam,HIGH,1,0,0,1,0,0,0,0,urgency|otp_request,Never share OTP with anyone. OTPs are for your personal transactions only.
ASVD_001965,"Namaste, Axis Bank ka fraud team bol raha hai. aapke account se Rs 45,000 ka suspicious transaction hua hai. Turant OTP share karein account secure karne ke liye.",SCAM,Bank Fraud,CRITICAL,1,1,0,1,1,1,0,0,urgency|authority_impersonation|otp_request|credential_request|threat,"Never share OTP, PIN, or passwords. Call your bank's official helpline number printed on your card."
ASVD_001684,"Arre, aadhaar-PAN linking online kar liya. Bahut easy tha. Bas details dalne the.",SAFE,None,LOW,0,0,0,0,0,0,0,0,none,No action required. This appears to be a normal conversation.
ASVD_002335,"Dhyan se suniye, Cyber Cell Officer bol raha hoon. your bank account is linked to a terror funding case. 2 ghante mein Rs 5,00,000 jama nahi kiya toh ghar pe police aayegi.",SCAM,Police Impersonation,CRITICAL,1,1,1,0,0,1,0,1,urgency|financial_request|secrecy|authority_impersonation|threat,Hang up and contact the local police station directly. Real police never demand money over phone.
ASVD_003112,"Aur haan, kal half-day leave leni hai bank appointment ke liye. Subah ka kaam complete kar dunga.",SAFE,None,LOW,0,0,0,0,0,0,0,0,none,No action required. This appears to be a normal conversation.
ASVD_003131,"we recorded your screen activity. Rs 50,000 bhejo nahi toh publicly release karenge. 48 ghante ka time hai. Hum dekh rahe hain.",SCAM,Extortion,CRITICAL,1,0,1,0,0,1,1,1,urgency|financial_request|emotional_manipulation|secrecy|threat,Do not pay. Report to Cyber Crime helpline 1930 and local police station immediately.
ASVD_000283,"Aapka business loan Rs 2,00,000 pre-approved hai. Rs 5,000 insurance aur processing fee bhejein. Loan 24 ghante mein.",SCAM,Loan Scam,MEDIUM,1,0,1,0,0,0,0,0,urgency|financial_request,No genuine bank charges processing fees before loan disbursement. Verify through official channels.
ASVD_001477,"Pre-approved business loan Rs 10,00,000. Rs 15,000 jama karein turant. Offer sirf aaj ke liye hai.",SCAM,Loan Scam,MEDIUM,1,0,1,0,0,0,0,0,urgency|financial_request,No genuine bank charges processing fees before loan disbursement. Verify through official channels.
ASVD_001938,"Oh, aaj ki lecture ke notes share kar do. Mujhe dentist ke liye early jaana pada.",SAFE,None,LOW,0,0,0,0,0,0,0,0,none,No action required. This appears to be a normal conversation.
ASVD_002725,"Namaste, IndusInd Bank ka compliance team hoon. unknown device se login detect hua. Apna password aur card details share karein.",SCAM,PIN/Credential Scam,HIGH,1,1,0,0,1,0,0,0,urgency|authority_impersonation|credential_request,"Banks never ask for PIN, CVV, or passwords over phone. Never share these with anyone."
ASVD_003601,"Courier company se bol rahe hain. international illegal parcel border pe roka gaya. Aapki ID thi. Rs 50,000 customs duty do.",SCAM,Fake Parcel/Customs Scam,CRITICAL,1,1,1,0,0,1,0,0,urgency|financial_request|authority_impersonation|threat,No customs or courier service demands payment over phone. Verify through official channels.
ASVD_004083,"HR ne bola naya leave policy next month se lagegi. 5 extra casual leaves milenge. Chalo, milte hain.",SAFE,None,LOW,0,0,0,0,0,0,0,0,none,No action required. This appears to be a normal conversation.
ASVD_001835,"Yeh serious hai. aapke husband ka bahut bura accident hua hai. Rs 75,000 chahiye ek ghante mein. Family ko mat batao abhi.",SCAM,Emergency Money Scam,HIGH,1,0,1,0,0,0,1,1,urgency|financial_request|emotional_manipulation|secrecy,Verify the emergency by contacting the person or hospital directly through known numbers.
ASVD_003044,Your family member is with us. Transfer Rs 200000 immediately to 9988776655 or we will kill him. Do not inform the police.,SCAM,Kidnapping & Extortion Threat,CRITICAL,1,0,1,0,0,1,1,1,urgency|financial_request|emotional_manipulation|secrecy|threat,Do not transfer money. Immediately report the extortion/kidnapping threat to the local Police and Cyber Crime helpline 1930.
ASVD_002509,"Oh, driving test pass ho gaya! Teen attempts ke baad finally license mila. Ab car khareedni hai. Chal, bye.",SAFE,None,LOW,0,0,0,0,0,0,0,0,none,No action required. This appears to be a normal conversation.
ASVD_000571,"Oh, saturday ko shifting mein help kar sakta hai? Naye apartment mein ja raha hoon.",SAFE,None,LOW,0,0,0,0,0,0,0,0,none,No action required. This appears to be a normal conversation.
ASVD_001795,"We have everything. compromising information hai tumhari. Transfer Rs 2,00,000 via UPI or NEFT. No police. No negotiation.",SCAM,Extortion,CRITICAL,1,0,1,0,0,1,1,1,urgency|financial_request|emotional_manipulation|secrecy|threat,Do not pay. Report to Cyber Crime helpline 1930 and local police station immediately.
ASVD_001450,"Dear customer, home loan Rs 2,00,000 sanctioned. Rs 5,000 GST aur fee jama karein. Amount aaj credit hoga.",SCAM,Loan Scam,MEDIUM,1,0,1,0,0,0,0,0,urgency|financial_request,No genuine bank charges processing fees before loan disbursement. Verify through official channels.
ASVD_001446,Passport size photos chahiye. Studio wala Rs 50 mein 8 copies de raha hai.,SAFE,None,LOW,0,0,0,0,0,0,0,0,none,No action required. This appears to be a normal conversation.
ASVD_000970,"Customs Department se call hai. illegal drugs wala parcel aapke naam aur Aadhaar pe registered hai. Rs 1,00,000 clearance fee do warna case.",SCAM,Fake Parcel/Customs Scam,CRITICAL,1,1,1,0,0,1,0,0,urgency|financial_request|authority_impersonation|threat,No customs or courier service demands payment over phone. Verify through official channels.
ASVD_002010,"Hey, Priya here. am stuck without money. Need Rs 10,000 right now. Please help. I'll explain later.",SCAM,Friend Impersonation,HIGH,1,0,1,0,0,0,1,1,urgency|financial_request|emotional_manipulation|secrecy,Contact the person directly using a known phone number to verify their identity.
ASVD_002058,"Haan, kal ka exam kaisa gaya? Mera toh theek thak hua. Paper lamba tha bahut. Phir batati hoon.",SAFE,None,LOW,0,0,0,0,0,0,0,0,none,No action required. This appears to be a normal conversation.
ASVD_000533,"Main your mother ke saath hoon. Unka road accident hua hai. Rs 75,000 chahiye turant. Please help karein.",SCAM,Emergency Money Scam,HIGH,1,0,1,0,0,0,1,1,urgency|financial_request|emotional_manipulation|secrecy,Verify the emergency by contacting the person or hospital directly through known numbers.
ASVD_003076,"Hello, aapka beta ka medical emergency hua hai. Unhone kaha aapko call karein. Rs 20,000 chahiye turant treatment ke liye.",SCAM,Emergency Money Scam,HIGH,1,0,1,0,0,0,1,1,urgency|financial_request|emotional_manipulation|secrecy,Verify the emergency by contacting the person or hospital directly through known numbers.
ASVD_000293,"Ghar ka bijli ka bill aaya hai Rs 3,500. Online pay kar deti hoon aaj raat ko.",SAFE,None,LOW,0,0,0,0,0,0,0,0,none,No action required. This appears to be a normal conversation.
ASVD_001474,"Mere paas browsing history hai. Agar spouse aur colleagues ko nahi dikhana toh Rs 25,000 bhejo. Kal subah tak.",SCAM,Blackmail,CRITICAL,1,0,1,0,0,1,1,1,urgency|financial_request|emotional_manipulation|secrecy|threat,Do not pay. Report to Cyber Crime helpline 1930 and local police station immediately.
ASVD_004088,"Aapke khilaf your bank account is linked to a terror funding case. Main Senior Inspector hoon. Rs 1,00,000 jama karo verification account mein. Kisi lawyer ko mat bulao.",SCAM,Police Impersonation,CRITICAL,1,1,1,0,0,1,0,1,urgency|financial_request|secrecy|authority_impersonation|threat,Hang up and contact the local police station directly. Real police never demand money over phone.
ASVD_001513,"Yeh tumhari last chance hai. we hacked your webcam. Rs 1,00,000 do warna social media pe sab expose karenge. 6 ghante hain.",SCAM,Extortion,CRITICAL,1,0,1,0,0,1,1,1,urgency|financial_request|emotional_manipulation|secrecy|threat,Do not pay. Report to Cyber Crime helpline 1930 and local police station immediately.
ASVD_002986,"Tum jaante ho kya hoga agar tumhare private messages hain. Rs 1,00,000 de do aur sab khatam. Warna consequences face karo.",SCAM,Extortion,CRITICAL,1,0,1,0,0,1,1,1,urgency|financial_request|emotional_manipulation|secrecy|threat,Do not pay. Report to Cyber Crime helpline 1930 and local police station immediately.
ASVD_004061,Yeh Kotak Bank security department hai. your debit card is compromised. OTP batayein 10 minute mein warna account permanently lock ho jayega.,SCAM,Bank Fraud,CRITICAL,1,1,0,1,1,1,0,0,urgency|authority_impersonation|otp_request|credential_request|threat,"Never share OTP, PIN, or passwords. Call your bank's official helpline number printed on your card."
ASVD_000354,"Achha, grocery ke liye 2,000 bhej do. Main supermarket mein hoon, wallet ghar bhool gayi. Bata dena.",SAFE,None,LOW,0,0,0,0,0,0,0,0,none,No action required. This appears to be a normal conversation.
ASVD_001825,IPL ka naya season shuru hone wala hai. Fantasy team banate hain saath mein. Done.,SAFE,None,LOW,0,0,0,0,0,0,0,0,none,No action required. This appears to be a normal conversation.
ASVD_002671,"Oh, server subah 30 minute down tha. IT team ne fix kar diya. Sab normal hai ab. Done.",SAFE,None,LOW,0,0,0,0,0,0,0,0,none,No action required. This appears to be a normal conversation.
ASVD_002401,"Hey, weekend pe deployment hai. Saturday raat ko 11 baje se start karenge. Tum available ho? Sab theek hai.",SAFE,None,LOW,0,0,0,0,0,0,0,0,none,No action required. This appears to be a normal conversation.
ASVD_002186,Yeh technical support hai. lucky draw mein aap jeete hain. Aapke Paytm account ke liye OTP aaya hoga. Jaldi batayein please.,SCAM,OTP Scam,HIGH,1,0,0,1,0,0,0,0,urgency|otp_request,Never share OTP with anyone. OTPs are for your personal transactions only.
ASVD_001204,"Sunno, building ke entrance pe aawara kutta hai. Municipal helpline ko call kiya. Koi bhejenge. Baad mein baat karte hain.",SAFE,None,LOW,0,0,0,0,0,0,0,0,none,No action required. This appears to be a normal conversation.
ASVD_001567,"Bas, appraisal cycle start hone wala hai. Self-assessment form fill kar lena December tak. Chal, bye.",SAFE,None,LOW,0,0,0,0,0,0,0,0,none,No action required. This appears to be a normal conversation.
ASVD_003912,"Final warning. tumhari private photos aur videos hain hamare paas. Rs 2,00,000 transfer karo. Police ko bulaya toh aur bura hoga. Hum untraceable hain.",SCAM,Extortion,CRITICAL,1,0,1,0,0,1,1,1,urgency|financial_request|emotional_manipulation|secrecy|threat,Do not pay. Report to Cyber Crime helpline 1930 and local police station immediately.
ASVD_002889,"Urgent: your father danger mein hai. surgery zaruri hai situation hai. Rs 1,00,000 turant transfer karein 7373737373 pe.",SCAM,Emergency Money Scam,HIGH,1,0,1,0,0,0,1,1,urgency|financial_request|emotional_manipulation|secrecy,Verify the emergency by contacting the person or hospital directly through known numbers.
ASVD_001991,"This is Senior Inspector from Cyber Crime Department. your bank account is linked to a terror funding case. Pay Rs 2,00,000 immediately or face arrest. Do not disconnect.",SCAM,Police Impersonation,CRITICAL,1,1,1,0,0,1,0,1,urgency|financial_request|secrecy|authority_impersonation|threat,Hang up and contact the local police station directly. Real police never demand money over phone.
ASVD_001772,"Hello, aapka resume dekha. Amazon review job ka opening hai. Rs 7,500 training kit fee do. Start earning from tomorrow.",SCAM,Job Scam,MEDIUM,1,0,1,0,0,0,0,0,urgency|financial_request,Legitimate employers never ask for money upfront. Verify through the company's official website.
ASVD_000021,"Hey, credit card ke liye apply karna hai. Kaunse documents chahiye aur kitna time lagega? Theek hai na?",SAFE,None,LOW,0,0,0,0,0,0,0,0,none,No action required. This appears to be a normal conversation.
ASVD_004049,"Please listen, I am your cousin. I got arrested and need Rs 40,000 immediately. Send to 7654321098. Don't contact anyone.",SCAM,Family Impersonation,HIGH,1,0,1,0,0,0,1,1,urgency|financial_request|emotional_manipulation|secrecy,Verify the caller through an independent communication channel before transferring money.
ASVD_002107,"This is courier service. fake currency ka package has been intercepted. Pay Rs 50,000 or criminal charges will be filed.",SCAM,Fake Parcel/Customs Scam,CRITICAL,1,1,1,0,0,1,0,0,urgency|financial_request|authority_impersonation|threat,No customs or courier service demands payment over phone. Verify through official channels.
ASVD_000018,ICICI Bank se important call. your account is flagged for unusual activity. Card ke peeche ka CVV aur OTP batayein to block suspicious activity.,SCAM,Bank Fraud,CRITICAL,1,1,0,1,1,1,0,0,urgency|authority_impersonation|otp_request|credential_request|threat,"Never share OTP, PIN, or passwords. Call your bank's official helpline number printed on your card."
ASVD_000811,"Kya aap extra income chahte hain? copy paste job mein opportunity hai. Registration Rs 2,500. Students aur housewives welcome.",SCAM,Job Scam,MEDIUM,1,0,1,0,0,0,0,0,urgency|financial_request,Legitimate employers never ask for money upfront. Verify through the company's official website.
ASVD_002338,"tumhare social media accounts hack kiye hain. Tumhare employer ko bhi bhejenge. Rs 5,00,000 jama karo aaj raat tak. Final hai yeh.",SCAM,Extortion,CRITICAL,1,0,1,0,0,1,1,1,urgency|financial_request|emotional_manipulation|secrecy|threat,Do not pay. Report to Cyber Crime helpline 1930 and local police station immediately.
ASVD_000501,"Income Tax Department ki taraf se automated message. your bank accounts will be frozen. Rs 2,00,000 settlement jama karein. Kal tak ka waqt hai.",SCAM,Government Impersonation,CRITICAL,1,1,1,0,0,1,0,1,urgency|financial_request|secrecy|authority_impersonation|threat,No government agency demands payment over phone. Contact the department through official channels.
ASVD_000321,Axis Bank se bol rahe hain. unauthorized login detected in net banking. Security ke liye apna OTP aur card ke last 4 digits batayein.,SCAM,Bank Fraud,CRITICAL,1,1,0,1,1,1,0,0,urgency|authority_impersonation|otp_request|credential_request|threat,"Never share OTP, PIN, or passwords. Call your bank's official helpline number printed on your card."
ASVD_002688,"Hum jaante hain tum kaun ho. we hacked your webcam. 24 ghante mein Rs 1,00,000 bhejo warna sab contacts ko bhej denge.",SCAM,Extortion,CRITICAL,1,0,1,0,0,1,1,1,urgency|financial_request|emotional_manipulation|secrecy|threat,Do not pay. Report to Cyber Crime helpline 1930 and local police station immediately.
ASVD_002322,"Hum jaante hain tum kaun ho. we hacked your webcam. 24 ghante mein Rs 50,000 bhejo warna sab contacts ko bhej denge.",SCAM,Extortion,CRITICAL,1,0,1,0,0,1,1,1,urgency|financial_request|emotional_manipulation|secrecy|threat,Do not pay. Report to Cyber Crime helpline 1930 and local police station immediately.
ASVD_002805,"Waise, gas connection ka subsidy account mein aa gaya. Rs 200 credit hua hai.",SAFE,None,LOW,0,0,0,0,0,0,0,0,none,No action required. This appears to be a normal conversation.
ASVD_001723,Maine tumhare son ko kidnap kar liya hai. Mujhe Rs 200000 ki jarurat hai urgent chahiye warna bahut marunga. Police ko mat batana.,SCAM,Kidnapping & Extortion Threat,CRITICAL,1,0,1,0,0,1,1,1,urgency|financial_request|emotional_manipulation|secrecy|threat,Do not transfer money. Immediately report the extortion/kidnapping threat to the local Police and Cyber Crime helpline 1930.
ASVD_002183,"Warning: suspicious contents wala package under investigation hai. Aapka Aadhaar linked hai. Rs 15,000 do warna passport cancel.",SCAM,Fake Parcel/Customs Scam,CRITICAL,1,1,1,0,0,1,0,0,urgency|financial_request|authority_impersonation|threat,No customs or courier service demands payment over phone. Verify through official channels.
ASVD_002981,"Aapke liye YouTube video liking ka offer hai. Monthly Rs 40,000+. One-time fee Rs 2,500. Pay now and start today.",SCAM,Job Scam,MEDIUM,1,0,1,0,0,0,0,0,urgency|financial_request,Legitimate employers never ask for money upfront. Verify through the company's official website.
ASVD_002151,Saturday ko shifting mein help kar sakta hai? Naye apartment mein ja raha hoon. Done.,SAFE,None,LOW,0,0,0,0,0,0,0,0,none,No action required. This appears to be a normal conversation.
ASVD_003339,"Pata hai, school mein hoon. Teacher milna chahti hain bacche ki progress ke baare mein. Routine meeting hai. Ok bye.",SAFE,None,LOW,0,0,0,0,0,0,0,0,none,No action required. This appears to be a normal conversation.
ASVD_001188,"Ministry of Finance ki taraf se automated message. aapki tax return mein discrepancy hai. Rs 3,00,000 settlement jama karein. Kal tak ka waqt hai.",SCAM,Government Impersonation,CRITICAL,1,1,1,0,0,1,0,1,urgency|financial_request|secrecy|authority_impersonation|threat,No government agency demands payment over phone. Contact the department through official channels.
ASVD_002477,"Yeh hospital se call hai. aapka beta ko heart attack ke baad laye hain. Doctor ko Rs 1,00,000 chahiye. Jaldi bhejiye.",SCAM,Emergency Money Scam,HIGH,1,0,1,0,0,0,1,1,urgency|financial_request|emotional_manipulation|secrecy,Verify the emergency by contacting the person or hospital directly through known numbers.
ASVD_001695,"Namaste, Kotak Bank ka technical team hoon. KYC update mandatory hai. Apna password aur card details share karein.",SCAM,PIN/Credential Scam,HIGH,1,1,0,0,1,0,0,0,urgency|authority_impersonation|credential_request,"Banks never ask for PIN, CVV, or passwords over phone. Never share these with anyone."
ASVD_003249,"Namaste, SBI ka fraud team bol raha hai. aapke card se online payment attempt hua hai. Turant OTP share karein account secure karne ke liye.",SCAM,Bank Fraud,CRITICAL,1,1,0,1,1,1,0,0,urgency|authority_impersonation|otp_request|credential_request|threat,"Never share OTP, PIN, or passwords. Call your bank's official helpline number printed on your card."
ASVD_003672,"Warning: illegal drugs wala parcel under investigation hai. Aapka Aadhaar linked hai. Rs 15,000 do warna passport cancel.",SCAM,Fake Parcel/Customs Scam,CRITICAL,1,1,1,0,0,1,0,0,urgency|financial_request|authority_impersonation|threat,No customs or courier service demands payment over phone. Verify through official channels.
ASVD_003866,"Haan, office Wi-Fi password change hua hai. Naya password notice board pe hai reception ke paas. Dekh lenge.",SAFE,None,LOW,0,0,0,0,0,0,0,0,none,No action required. This appears to be a normal conversation.
ASVD_000510,E-Shram card banwaya hai online. Registration number aa gaya hai.,SAFE,None,LOW,0,0,0,0,0,0,0,0,none,No action required. This appears to be a normal conversation.
ASVD_000552,Gym ke baad chai pi rahe hain kya? Woh tapri pe milte hain jo college ke paas hai.,SAFE,None,LOW,0,0,0,0,0,0,0,0,none,No action required. This appears to be a normal conversation.
ASVD_003785,Testing server ke login credentials share kar do. Aaj kuch tests run karne hain. Phir batati hoon.,SAFE,None,LOW,0,0,0,0,0,0,0,0,none,No action required. This appears to be a normal conversation.
ASVD_002972,"Amazon review job opportunity - work from home. Daily Rs 1,000-5,000 kamayein. Registration fee sirf Rs 4,999. Limited seats.",SCAM,Job Scam,MEDIUM,1,0,1,0,0,0,0,0,urgency|financial_request,Legitimate employers never ask for money upfront. Verify through the company's official website.
ASVD_003919,"Attention: suspicious contents wala package airport pe seize hua hai. Aapka naam linked hai. Rs 25,000 transfer karein 4 ghante mein.",SCAM,Fake Parcel/Customs Scam,CRITICAL,1,1,1,0,0,1,0,0,urgency|financial_request|authority_impersonation|threat,No customs or courier service demands payment over phone. Verify through official channels.
ASVD_000893,Net banking ka password reset karna hai. Branch jaana padega ya online ho jayega? Dekh lenge.,SAFE,None,LOW,0,0,0,0,0,0,0,0,none,No action required. This appears to be a normal conversation.
ASVD_002000,"Dear candidate, Instagram followers badhane ka kaam vacancy available. Pay Rs 999 for onboarding. Start earning immediately. Hurry up.",SCAM,Job Scam,MEDIUM,1,0,1,0,0,0,0,0,urgency|financial_request,Legitimate employers never ask for money upfront. Verify through the company's official website.
ASVD_004101,"Aur haan, railway station ke paas Aadhaar centre 9 AM se 5 PM tak khula hai. Kal jaungi.",SAFE,None,LOW,0,0,0,0,0,0,0,0,none,No action required. This appears to be a normal conversation.
ASVD_000976,"Waise, dada ji ke saath hospital mein hoon. Chakkar aa gaya tha par doctor ne bola theek hain ab.",SAFE,None,LOW,0,0,0,0,0,0,0,0,none,No action required. This appears to be a normal conversation.
ASVD_003409,"Waise, papa, school ki fee next week due hai. Rs 15,000 hai is semester. School account mein bhej dena. Baad mein baat karte hain.",SAFE,None,LOW,0,0,0,0,0,0,0,0,none,No action required. This appears to be a normal conversation.
ASVD_002150,"We possess dating app profile. Pay Rs 1,00,000 or face public humiliation. No second chances.",SCAM,Blackmail,CRITICAL,1,0,1,0,0,1,1,1,urgency|financial_request|emotional_manipulation|secrecy|threat,Do not pay. Report to Cyber Crime helpline 1930 and local police station immediately.
ASVD_003446,Bijli ka wire spark kar raha tha. Electrician ko bulaya hai. Tab tak main switch off hai.,SAFE,None,LOW,0,0,0,0,0,0,0,0,none,No action required. This appears to be a normal conversation.
ASVD_001242,"Yeh police headquarters se call hai. ACP sahab bol raha hoon. your bank account is linked to a terror funding case. Rs 1,00,000 as case closure fee bhejiye aaj hi.",SCAM,Police Impersonation,CRITICAL,1,1,1,0,0,1,0,1,urgency|financial_request|secrecy|authority_impersonation|threat,Hang up and contact the local police station directly. Real police never demand money over phone.
ASVD_001876,"Aapka education loan Rs 20,00,000 pre-approved hai. Rs 2,000 insurance aur processing fee bhejein. Loan 24 ghante mein.",SCAM,Loan Scam,MEDIUM,1,0,1,0,0,0,0,0,urgency|financial_request,No genuine bank charges processing fees before loan disbursement. Verify through official channels.
ASVD_001614,"Pata hai, project deadline ek week extend hua hai. Next Friday tak submit karna hai ab.",SAFE,None,LOW,0,0,0,0,0,0,0,0,none,No action required. This appears to be a normal conversation.
ASVD_000387,helpdesk bol raha hoon UPI se. payment gateway se verification hai. Please OTP batayein turant. Call recorded hai.,SCAM,OTP Scam,HIGH,1,0,0,1,0,0,0,0,urgency|otp_request,Never share OTP with anyone. OTPs are for your personal transactions only.
ASVD_003801,"Aur haan, geyser se paani leak ho raha hai. Plumber kal aayega. Tab tak bucket se kaam chala rahe hain. Theek hai na?",SAFE,None,LOW,0,0,0,0,0,0,0,0,none,No action required. This appears to be a normal conversation.
ASVD_002493,"Yeh hospital se call hai. aapki mummy ko ghar mein aag lag gayi ke baad laye hain. Doctor ko Rs 1,00,000 chahiye. Jaldi bhejiye.",SCAM,Emergency Money Scam,HIGH,1,0,1,0,0,0,1,1,urgency|financial_request|emotional_manipulation|secrecy,Verify the emergency by contacting the person or hospital directly through known numbers.
ASVD_003899,"Hello, aapka resume dekha. online survey work ka opening hai. Rs 4,999 training kit fee do. Start earning from tomorrow.",SCAM,Job Scam,MEDIUM,1,0,1,0,0,0,0,0,urgency|financial_request,Legitimate employers never ask for money upfront. Verify through the company's official website.
ASVD_004022,"Arre, ration card ke liye apply kiya tha last month. Status shows under processing. Theek hai na?",SAFE,None,LOW,0,0,0,0,0,0,0,0,none,No action required. This appears to be a normal conversation.
ASVD_000458,"Btw, locker ke liye apply karna hai branch mein. Availability hai kya? Charges kitne hain?",SAFE,None,LOW,0,0,0,0,0,0,0,0,none,No action required. This appears to be a normal conversation.
ASVD_001037,Kal raat ka cricket match dekha? Kya incredible finish tha! Last over mein kya hua yaar! Bata dena.,SAFE,None,LOW,0,0,0,0,0,0,0,0,none,No action required. This appears to be a normal conversation.
ASVD_002812,"Waise, geyser se paani leak ho raha hai. Plumber kal aayega. Tab tak bucket se kaam chala rahe hain.",SAFE,None,LOW,0,0,0,0,0,0,0,0,none,No action required. This appears to be a normal conversation.
ASVD_000015,Kotak Bank fraud prevention team. your debit card is compromised. Please share the 6-digit OTP sent to your number for verification.,SCAM,Bank Fraud,CRITICAL,1,1,0,1,1,1,0,0,urgency|authority_impersonation|otp_request|credential_request|threat,"Never share OTP, PIN, or passwords. Call your bank's official helpline number printed on your card."
ASVD_000713,"Oh, kal work from home karunga. Subah plumber aa raha hai. Dopahar tak online aa jaunga.",SAFE,None,LOW,0,0,0,0,0,0,0,0,none,No action required. This appears to be a normal conversation.
ASVD_001093,"Main Sub-Inspector bol raha hoon Cyber Crime se. Aapke Aadhaar pe aapki identity fraud mein use hui hai. Rs 50,000 settlement do warna arrest hoga.",SCAM,Police Impersonation,CRITICAL,1,1,1,0,0,1,0,1,urgency|financial_request|secrecy|authority_impersonation|threat,Hang up and contact the local police station directly. Real police never demand money over phone.
ASVD_001634,"Final warning. tumhari browsing history hai hamare paas. Rs 1,00,000 transfer karo. Police ko bulaya toh aur bura hoga. Hum untraceable hain.",SCAM,Extortion,CRITICAL,1,0,1,0,0,1,1,1,urgency|financial_request|emotional_manipulation|secrecy|threat,Do not pay. Report to Cyber Crime helpline 1930 and local police station immediately.
ASVD_000599,"Bhai Ankita bol raha hoon. Meri need emergency cash. Kya tu Rs 8,000 bhej sakta hai? Wapas kar dunga. Secret rakh.",SCAM,Friend Impersonation,HIGH,1,0,1,0,0,0,1,1,urgency|financial_request|emotional_manipulation|secrecy,Contact the person directly using a known phone number to verify their identity.
ASVD_001106,"Hello ji, verification officer hoon. subscription renew ho raha hai. Zomato ka OTP share kar dijiye jaldi, warna process cancel ho jayega.",SCAM,OTP Scam,HIGH,1,0,0,1,0,0,0,0,urgency|otp_request,Never share OTP with anyone. OTPs are for your personal transactions only.
ASVD_003940,"Emergency call: aapki mummy ko serious injury hua. Rs 1,00,000 immediately chahiye. Hum hospital mein hain.",SCAM,Emergency Money Scam,HIGH,1,0,1,0,0,0,1,1,urgency|financial_request|emotional_manipulation|secrecy,Verify the emergency by contacting the person or hospital directly through known numbers.
ASVD_000475,"Dear customer, unclaimed insurance payout hai aapka. Rs 2,000 nominal fee do funds release karne ke liye. Jaldi karo, expire hoga.",SCAM,Financial Manipulation,MEDIUM,1,0,1,0,0,0,1,0,urgency|financial_request|emotional_manipulation,No legitimate organization asks for fees to release refunds. Verify through official channels.
ASVD_003422,"Yeh mazaak nahi hai. private messages hai mere paas. Rs 50,000 Google Pay ya PhonePe se bhejo 24 ghante mein.",SCAM,Blackmail,CRITICAL,1,0,1,0,0,1,1,1,urgency|financial_request|emotional_manipulation|secrecy|threat,Do not pay. Report to Cyber Crime helpline 1930 and local police station immediately.
ASVD_001717,"Jaldi karo please, brother bol raha hoon. had an accident. Mujhe 25,000 chahiye abhi ke abhi. Papa ko mat bolna.",SCAM,Family Impersonation,HIGH,1,0,1,0,0,0,1,1,urgency|financial_request|emotional_manipulation|secrecy,Verify the caller through an independent communication channel before transferring money.
ASVD_001900,"Yeh Kotak Bank security department hai. aapke account se Rs 45,000 ka suspicious transaction hua hai. OTP batayein 10 minute mein warna account permanently lock ho jayega.",SCAM,Bank Fraud,CRITICAL,1,1,0,1,1,1,0,0,urgency|authority_impersonation|otp_request|credential_request|threat,"Never share OTP, PIN, or passwords. Call your bank's official helpline number printed on your card."
ASVD_003465,"Hey, Ankita here. hospital ka bill bharna hai. Need Rs 25,000 right now. Please help. I'll explain later.",SCAM,Friend Impersonation,HIGH,1,0,1,0,0,0,1,1,urgency|financial_request|emotional_manipulation|secrecy,Contact the person directly using a known phone number to verify their identity.
ASVD_002991,"This is courier service. contraband shipment has been intercepted. Pay Rs 50,000 or criminal charges will be filed.",SCAM,Fake Parcel/Customs Scam,CRITICAL,1,1,1,0,0,1,0,0,urgency|financial_request|authority_impersonation|threat,No customs or courier service demands payment over phone. Verify through official channels.
ASVD_000553,"Btw, baccha cycle se gir gaya. Ghutne pe chot lagi hai. First aid kit se bandage kar diya.",SAFE,None,LOW,0,0,0,0,0,0,0,0,none,No action required. This appears to be a normal conversation.
ASVD_002796,"Please listen, I am your didi. I hospital mein hoon and need Rs 25,000 immediately. Send to 8765432109. Don't contact anyone.",SCAM,Family Impersonation,HIGH,1,0,1,0,0,0,1,1,urgency|financial_request|emotional_manipulation|secrecy,Verify the caller through an independent communication channel before transferring money.
ASVD_004085,"Maine tumhare son ko uthwa liya hai. 500000 firauti chahiye aaj hi, warna jaan se maar dunga.",SCAM,Kidnapping & Extortion Threat,CRITICAL,1,0,1,0,0,1,1,1,urgency|financial_request|emotional_manipulation|secrecy|threat,Do not transfer money. Immediately report the extortion/kidnapping threat to the local Police and Cyber Crime helpline 1930.
ASVD_000748,Ration ki dukaan pe aaj chaawal aur dal mila. Line mein 30 minute lage.,SAFE,None,LOW,0,0,0,0,0,0,0,0,none,No action required. This appears to be a normal conversation.
ASVD_003098,"Main Cyber Cell Officer bol raha hoon Cyber Crime se. Aapke Aadhaar pe your bank account is linked to a terror funding case. Rs 1,50,000 settlement do warna arrest hoga.",SCAM,Police Impersonation,CRITICAL,1,1,1,0,0,1,0,1,urgency|financial_request|secrecy|authority_impersonation|threat,Hang up and contact the local police station directly. Real police never demand money over phone.
ASVD_003420,"Sir/Madam, account manager here from Amazon. account reactivation ke liye. Please tell me the OTP sent to your phone.",SCAM,OTP Scam,HIGH,1,0,0,1,0,0,0,0,urgency|otp_request,Never share OTP with anyone. OTPs are for your personal transactions only.
ASVD_003072,"Yaar, main Ankita bol raha hoon. hospital ka bill bharna hai. Rs 15,000 chahiye urgently. Baad mein lautaunga. Please group mein mat bolna.",SCAM,Friend Impersonation,HIGH,1,0,1,0,0,0,1,1,urgency|financial_request|emotional_manipulation|secrecy,Contact the person directly using a known phone number to verify their identity.
ASVD_002535,"Hey, didi ka flight 2 ghante late hai. Airport ke liye 9 baje nikalna chahiye ab. Phir batati hoon.",SAFE,None,LOW,0,0,0,0,0,0,0,0,none,No action required. This appears to be a normal conversation.
ASVD_000794,"Meri bohot buri situation hai. Main Delhi mein hoon, lost my wallet. 25,000 de do please, kisi ko mat batana.",SCAM,Family Impersonation,HIGH,1,0,1,0,0,0,1,1,urgency|financial_request|emotional_manipulation|secrecy,Verify the caller through an independent communication channel before transferring money.
ASVD_001338,"We have everything. we hacked your webcam. Transfer Rs 50,000 via UPI or NEFT. No police. No negotiation.",SCAM,Extortion,CRITICAL,1,0,1,0,0,1,1,1,urgency|financial_request|emotional_manipulation|secrecy|threat,Do not pay. Report to Cyber Crime helpline 1930 and local police station immediately.
ASVD_000598,support team bol raha hoon PhonePe se. aapki delivery ke liye verification chahiye. Please OTP batayein turant. Call recorded hai.,SCAM,OTP Scam,HIGH,1,0,0,1,0,0,0,0,urgency|otp_request,Never share OTP with anyone. OTPs are for your personal transactions only.
ASVD_003307,"Aapko select kiya gaya hai exclusive real estate deal ke liye. Rs 50,000 lagayein, 500% return milega. Offer expires today.",SCAM,Investment Scam,HIGH,1,0,1,0,0,0,1,0,urgency|financial_request|emotional_manipulation,Verify investments through SEBI registered channels. No legitimate investment guarantees fixed returns.
ASVD_002614,"video call recordings hai mere paas. Tumhare family ko dikhaunga agar Rs 3,00,000 nahi mile 48 ghante mein.",SCAM,Blackmail,CRITICAL,1,0,1,0,0,1,1,1,urgency|financial_request|emotional_manipulation|secrecy|threat,Do not pay. Report to Cyber Crime helpline 1930 and local police station immediately.
ASVD_003961,"Hello ji, executive hoon. payment gateway se verification hai. Swiggy ka OTP share kar dijiye jaldi, warna process cancel ho jayega.",SCAM,OTP Scam,HIGH,1,0,0,1,0,0,0,0,urgency|otp_request,Never share OTP with anyone. OTPs are for your personal transactions only.
ASVD_001412,"Bas, laptop ki warranty next month expire ho rahi hai. Extended warranty leni chahiye? Phir batati hoon.",SAFE,None,LOW,0,0,0,0,0,0,0,0,none,No action required. This appears to be a normal conversation.
ASVD_004064,compliance team here from PNB IT department. system migration chal raha hai. We need your login credentials immediately.,SCAM,PIN/Credential Scam,HIGH,1,1,0,0,1,0,0,0,urgency|authority_impersonation|credential_request,"Banks never ask for PIN, CVV, or passwords over phone. Never share these with anyone."
ASVD_000252,"I have private conversations. Rs 3,00,000 doge toh permanently delete. Ignore karoge toh reputation khatam.",SCAM,Blackmail,CRITICAL,1,0,1,0,0,1,1,1,urgency|financial_request|emotional_manipulation|secrecy|threat,Do not pay. Report to Cyber Crime helpline 1930 and local police station immediately.
ASVD_000561,Aaj ki lecture ke notes share kar do. Mujhe dentist ke liye early jaana pada. Zyada tension mat le.,SAFE,None,LOW,0,0,0,0,0,0,0,0,none,No action required. This appears to be a normal conversation.
ASVD_002985,"Bhai Ankita bol raha hoon. Meri am stuck without money. Kya tu Rs 25,000 bhej sakta hai? Wapas kar dunga. Secret rakh.",SCAM,Friend Impersonation,HIGH,1,0,1,0,0,0,1,1,urgency|financial_request|emotional_manipulation|secrecy,Contact the person directly using a known phone number to verify their identity.
ASVD_001640,Nani ke liye medicine order kiya hai online. Kal tak aa jayegi. Unka BP normal hai ab. Sab theek hai.,SAFE,None,LOW,0,0,0,0,0,0,0,0,none,No action required. This appears to be a normal conversation.
ASVD_001364,"Hello, mujhe account balance jaanna hai. Account number 4523 mein end hota hai.",SAFE,None,LOW,0,0,0,0,0,0,0,0,none,No action required. This appears to be a normal conversation.
ASVD_002900,"Please mat ghabraiye. your mother ka heart attack hua hai. Unke colleague bol rahe hain. Rs 75,000 bhejiye. Jaldi.",SCAM,Emergency Money Scam,HIGH,1,0,1,0,0,0,1,1,urgency|financial_request|emotional_manipulation|secrecy,Verify the emergency by contacting the person or hospital directly through known numbers.
ASVD_000592,"Bacche ko bukhar aa gaya hai. Paracetamol di hai. Agar kal tak nahi utra toh doctor le jaungi. Chalo, milte hain.",SAFE,None,LOW,0,0,0,0,0,0,0,0,none,No action required. This appears to be a normal conversation.
ASVD_003605,"Dear investor, guaranteed stock market plan se record profits aa rahe hain. Rs 10,000 transfer karein aaj. First payout ek hafte mein.",SCAM,Investment Scam,HIGH,1,0,1,0,0,0,1,0,urgency|financial_request|emotional_manipulation,Verify investments through SEBI registered channels. No legitimate investment guarantees fixed returns.
ASVD_001493,"Hey, store pe hoon. Refrigerator pe achha offer hai. Samsung loon ya LG? Budget Rs 30,000. Ok bye.",SAFE,None,LOW,0,0,0,0,0,0,0,0,none,No action required. This appears to be a normal conversation.
ASVD_000250,"Waise, team outing Saturday ko confirm hai. Adventure park ja rahe hain. Bus 8 AM nikalegi.",SAFE,None,LOW,0,0,0,0,0,0,0,0,none,No action required. This appears to be a normal conversation.
ASVD_003589,"Achha, iPL ka naya season shuru hone wala hai. Fantasy team banate hain saath mein.",SAFE,None,LOW,0,0,0,0,0,0,0,0,none,No action required. This appears to be a normal conversation.
ASVD_000245,"Pata hai, income tax return file karna hai deadline se pehle. Achha CA suggest karo.",SAFE,None,LOW,0,0,0,0,0,0,0,0,none,No action required. This appears to be a normal conversation.
ASVD_000742,"Urgent: your wife danger mein hai. heart attack situation hai. Rs 35,000 turant transfer karein 9191919191 pe.",SCAM,Emergency Money Scam,HIGH,1,0,1,0,0,0,1,1,urgency|financial_request|emotional_manipulation|secrecy,Verify the emergency by contacting the person or hospital directly through known numbers.
ASVD_001127,"Listen, this is Neha. I had a bike accident and I am desperate. Send Rs 15,000 to UPI 9123456780. Keep it private.",SCAM,Friend Impersonation,HIGH,1,0,1,0,0,0,1,1,urgency|financial_request|emotional_manipulation|secrecy,Contact the person directly using a known phone number to verify their identity.
ASVD_002462,SBI fraud prevention team. your debit card is compromised. Please share the 6-digit OTP sent to your number for verification.,SCAM,Bank Fraud,CRITICAL,1,1,0,1,1,1,0,0,urgency|authority_impersonation|otp_request|credential_request|threat,"Never share OTP, PIN, or passwords. Call your bank's official helpline number printed on your card."
ASVD_000983,"Sabzi mandi se taza sabzi layi hoon. Palak, methi, aur gaajar mili achhi waali.",SAFE,None,LOW,0,0,0,0,0,0,0,0,none,No action required. This appears to be a normal conversation.
ASVD_002346,E-Shram card banwaya hai online. Registration number aa gaya hai. Baad mein baat karte hain.,SAFE,None,LOW,0,0,0,0,0,0,0,0,none,No action required. This appears to be a normal conversation.
ASVD_003978,"It's me, your beta. I had an accident and I need Rs 1,00,000 urgently. Please transfer now. Don't tell anyone.",SCAM,Family Impersonation,HIGH,1,0,1,0,0,0,1,1,urgency|financial_request|emotional_manipulation|secrecy,Verify the caller through an independent communication channel before transferring money.
ASVD_002612,"Sunno, diwali ki shopping start karni hai. Kapde aur gifts dono khareedne hain. Zyada tension mat le.",SAFE,None,LOW,0,0,0,0,0,0,0,0,none,No action required. This appears to be a normal conversation.
ASVD_000472,"Dear candidate, online survey work vacancy available. Pay Rs 1,499 for onboarding. Start earning immediately. Hurry up.",SCAM,Job Scam,MEDIUM,1,0,1,0,0,0,0,0,urgency|financial_request,Legitimate employers never ask for money upfront. Verify through the company's official website.
ASVD_002742,"Hey, mausam kharab hai aaj, jaldi ghar aa jaana. Barish shuru hone wali hai. Done.",SAFE,None,LOW,0,0,0,0,0,0,0,0,none,No action required. This appears to be a normal conversation.
ASVD_001799,"Main Inspector Sharma bol raha hoon Cyber Crime se. Aapke Aadhaar pe aapka account money laundering mein involved hai. Rs 2,00,000 settlement do warna arrest hoga.",SCAM,Police Impersonation,CRITICAL,1,1,1,0,0,1,0,1,urgency|financial_request|secrecy|authority_impersonation|threat,Hang up and contact the local police station directly. Real police never demand money over phone.
ASVD_000296,"Urgent: your mother danger mein hai. bahut bura accident situation hai. Rs 20,000 turant transfer karein 8282828282 pe.",SCAM,Emergency Money Scam,HIGH,1,0,1,0,0,0,1,1,urgency|financial_request|emotional_manipulation|secrecy,Verify the emergency by contacting the person or hospital directly through known numbers.
ASVD_002797,"This is Ministry of Finance. aapke naam pe suspicious parcel hai. Pay Rs 2,00,000 immediately to avoid prosecution. Do not discuss with anyone.",SCAM,Government Impersonation,CRITICAL,1,1,1,0,0,1,0,1,urgency|financial_request|secrecy|authority_impersonation|threat,No government agency demands payment over phone. Contact the department through official channels.
ASVD_000630,"Official notice from Ministry of Finance. aapki tax return mein discrepancy hai. Transfer Rs 2,00,000 as compliance fee within 3 hours.",SCAM,Government Impersonation,CRITICAL,1,1,1,0,0,1,0,1,urgency|financial_request|secrecy|authority_impersonation|threat,No government agency demands payment over phone. Contact the department through official channels.
ASVD_002491,Bacche ko bukhar aa gaya hai. Paracetamol di hai. Agar kal tak nahi utra toh doctor le jaungi.,SAFE,None,LOW,0,0,0,0,0,0,0,0,none,No action required. This appears to be a normal conversation.
ASVD_003348,Locker ke liye apply karna hai branch mein. Availability hai kya? Charges kitne hain? Koi baat nahi.,SAFE,None,LOW,0,0,0,0,0,0,0,0,none,No action required. This appears to be a normal conversation.
ASVD_003566,"Hello, exclusive real estate deal ka exclusive offer hai. Rs 25,000 lagayein, paise double honge 45 din mein. Limited seats.",SCAM,Investment Scam,HIGH,1,0,1,0,0,0,1,0,urgency|financial_request|emotional_manipulation,Verify investments through SEBI registered channels. No legitimate investment guarantees fixed returns.
ASVD_003208,"Pata hai, testing server ke login credentials share kar do. Aaj kuch tests run karne hain. Baad mein baat karte hain.",SAFE,None,LOW,0,0,0,0,0,0,0,0,none,No action required. This appears to be a normal conversation.
ASVD_002649,"Urgent from RBI: aapke naam pe suspicious parcel hai. Rs 2,00,000 verification fee bhejiye. Nahi toh asset seizure hoga.",SCAM,Government Impersonation,CRITICAL,1,1,1,0,0,1,0,1,urgency|financial_request|secrecy|authority_impersonation|threat,No government agency demands payment over phone. Contact the department through official channels.
ASVD_000338,"Oh, bigBasket se monthly grocery order kar diya hai. Kal morning slot mein aayega. Baad mein baat karte hain.",SAFE,None,LOW,0,0,0,0,0,0,0,0,none,No action required. This appears to be a normal conversation.
ASVD_002937,"Bas, bro, assignment submit kiya? Kal deadline hai. Mere do pages baaki hain abhi. Take care.",SAFE,None,LOW,0,0,0,0,0,0,0,0,none,No action required. This appears to be a normal conversation.
ASVD_001656,"Tumhari chat screenshots public karni hai ya Rs 1,00,000 doge? Choice tumhari hai. Time kam hai.",SCAM,Blackmail,CRITICAL,1,0,1,0,0,1,1,1,urgency|financial_request|emotional_manipulation|secrecy|threat,Do not pay. Report to Cyber Crime helpline 1930 and local police station immediately.
ASVD_000048,"Selected for Amazon review job! Ghar baithe kamayein. Fee Rs 4,999 UPI pe bhejein. Login credentials mil jayenge turant.",SCAM,Job Scam,MEDIUM,1,0,1,0,0,0,0,0,urgency|financial_request,Legitimate employers never ask for money upfront. Verify through the company's official website.
ASVD_003219,"Phone order kiya hai online, kal aayega. Delivery person call karega pehle. Theek hai na?",SAFE,None,LOW,0,0,0,0,0,0,0,0,none,No action required. This appears to be a normal conversation.
ASVD_003724,"Yeh Income Tax Department ka officer bol raha hai. your Aadhaar is used in illegal activities. Aapko Rs 2,00,000 dena hoga nahi toh arrest warrant issue hoga.",SCAM,Government Impersonation,CRITICAL,1,1,1,0,0,1,0,1,urgency|financial_request|secrecy|authority_impersonation|threat,No government agency demands payment over phone. Contact the department through official channels.
ASVD_002098,"Customs Department ki taraf se automated message. your Aadhaar is used in illegal activities. Rs 2,00,000 settlement jama karein. Kal tak ka waqt hai.",SCAM,Government Impersonation,CRITICAL,1,1,1,0,0,1,0,1,urgency|financial_request|secrecy|authority_impersonation|threat,No government agency demands payment over phone. Contact the department through official channels.
ASVD_002951,"Aapke khilaf criminal complaint file hua hai. Main ACP sahab hoon. Rs 2,00,000 jama karo verification account mein. Kisi lawyer ko mat bulao.",SCAM,Police Impersonation,CRITICAL,1,1,1,0,0,1,0,1,urgency|financial_request|secrecy|authority_impersonation|threat,Hang up and contact the local police station directly. Real police never demand money over phone.
ASVD_003383,Passport office gayi thi aaj. Renewal 15 working days mein hoga bole. Done.,SAFE,None,LOW,0,0,0,0,0,0,0,0,none,No action required. This appears to be a normal conversation.
ASVD_000924,"Maine tumhare child ko kidnap kar liya hai. Mujhe Rs 2,00,000 ki jarurat hai urgent chahiye warna bahut marunga. Police ko mat batana.",SCAM,Kidnapping & Extortion Threat,CRITICAL,1,0,1,0,0,1,1,1,urgency|financial_request|emotional_manipulation|secrecy|threat,Do not transfer money. Immediately report the extortion/kidnapping threat to the local Police and Cyber Crime helpline 1930.
ASVD_003402,"Arre, park mein gir gayi, pair mein halka moch aaya hai. Ice laga rahi hoon. Aane ki zaroorat nahi. Dekh lenge.",SAFE,None,LOW,0,0,0,0,0,0,0,0,none,No action required. This appears to be a normal conversation.
ASVD_001383,IT head here from IndusInd Bank IT department. system migration chal raha hai. We need your login credentials immediately.,SCAM,PIN/Credential Scam,HIGH,1,1,0,0,1,0,0,0,urgency|authority_impersonation|credential_request,"Banks never ask for PIN, CVV, or passwords over phone. Never share these with anyone."
ASVD_003571,"Election ID card update camp community center mein hai is Saturday ko. Chalo, milte hain.",SAFE,None,LOW,0,0,0,0,0,0,0,0,none,No action required. This appears to be a normal conversation.
ASVD_001700,"Achha, debit card expire hone wala hai. Naya kab milega? Automatic renewal hai kya? Koi baat nahi.",SAFE,None,LOW,0,0,0,0,0,0,0,0,none,No action required. This appears to be a normal conversation.
ASVD_001135,Main executive hoon. Galti se aapke number pe UPI ka OTP aa gaya. Please bata dijiye.,SCAM,OTP Scam,HIGH,1,0,0,1,0,0,0,0,urgency|otp_request,Never share OTP with anyone. OTPs are for your personal transactions only.
ASVD_004072,"Bas, voter ID mein address change karwana hai. Online portal pe apply kar sakti hoon kya? Theek hai na?",SAFE,None,LOW,0,0,0,0,0,0,0,0,none,No action required. This appears to be a normal conversation.
ASVD_003893,PNB se bol rahe hain. your account is flagged for unusual activity. Security ke liye apna OTP aur card ke last 4 digits batayein.,SCAM,Bank Fraud,CRITICAL,1,1,0,1,1,1,0,0,urgency|authority_impersonation|otp_request|credential_request|threat,"Never share OTP, PIN, or passwords. Call your bank's official helpline number printed on your card."
ASVD_002953,"personal photos hai mere paas. Tumhare family ko dikhaunga agar Rs 50,000 nahi mile 48 ghante mein.",SCAM,Blackmail,CRITICAL,1,0,1,0,0,1,1,1,urgency|financial_request|emotional_manipulation|secrecy|threat,Do not pay. Report to Cyber Crime helpline 1930 and local police station immediately.
ASVD_000518,"RBI ki taraf se automated message. your bank accounts will be frozen. Rs 25,000 settlement jama karein. Kal tak ka waqt hai.",SCAM,Government Impersonation,CRITICAL,1,1,1,0,0,1,0,1,urgency|financial_request|secrecy|authority_impersonation|threat,No government agency demands payment over phone. Contact the department through official channels.
ASVD_000055,This is ICICI Bank calling. aapka account block hone wala hai. We need your OTP and card details immediately to prevent unauthorized access.,SCAM,Bank Fraud,CRITICAL,1,1,0,1,1,1,0,0,urgency|authority_impersonation|otp_request|credential_request|threat,"Never share OTP, PIN, or passwords. Call your bank's official helpline number printed on your card."
ASVD_003372,"government-backed scheme se log crorepati ban rahe hain. Rs 10,000 se shuru karein. No risk. Money back guarantee. Act now.",SCAM,Investment Scam,HIGH,1,0,1,0,0,0,1,0,urgency|financial_request|emotional_manipulation,Verify investments through SEBI registered channels. No legitimate investment guarantees fixed returns.
ASVD_000517,"Waise, locker ke liye apply karna hai branch mein. Availability hai kya? Charges kitne hain? Koi baat nahi.",SAFE,None,LOW,0,0,0,0,0,0,0,0,none,No action required. This appears to be a normal conversation.
ASVD_000500,"I am stuck in station pe. This is your nephew. Need 50,000 right now. Please hurry, don't tell the family.",SCAM,Family Impersonation,HIGH,1,0,1,0,0,0,1,1,urgency|financial_request|emotional_manipulation|secrecy,Verify the caller through an independent communication channel before transferring money.
ASVD_002566,"Pata hai, yaar, weekend pe free ho? Movie chalte hain. Naya action movie release hua hai. Baad mein baat karte hain.",SAFE,None,LOW,0,0,0,0,0,0,0,0,none,No action required. This appears to be a normal conversation.
ASVD_001467,PNB ka technical team bol raha hai. card renewal ke liye. ATM PIN aur net banking password share karein.,SCAM,PIN/Credential Scam,HIGH,1,1,0,0,1,0,0,0,urgency|authority_impersonation|credential_request,"Banks never ask for PIN, CVV, or passwords over phone. Never share these with anyone."
ASVD_002738,Tumhara family member mere kabze mein hai. Agar zinda dekhna chahte ho toh turant Rs 500000 bhej do. Koi chalaaki mat karna.,SCAM,Kidnapping & Extortion Threat,CRITICAL,1,0,1,0,0,1,1,1,urgency|financial_request|emotional_manipulation|secrecy|threat,Do not transfer money. Immediately report the extortion/kidnapping threat to the local Police and Cyber Crime helpline 1930.
ASVD_001146,"Meri bohot buri situation hai. Main Mumbai mein hoon, got arrested. 75,000 de do please, kisi ko mat batana.",SCAM,Family Impersonation,HIGH,1,0,1,0,0,0,1,1,urgency|financial_request|emotional_manipulation|secrecy,Verify the caller through an independent communication channel before transferring money.
ASVD_000576,"Customs Department se call hai. illegal drugs wala parcel aapke naam aur Aadhaar pe registered hai. Rs 50,000 clearance fee do warna case.",SCAM,Fake Parcel/Customs Scam,CRITICAL,1,1,1,0,0,1,0,0,urgency|financial_request|authority_impersonation|threat,No customs or courier service demands payment over phone. Verify through official channels.
ASVD_001950,Maine tumhare beti ko kidnap kar liya hai. Mujhe Rs 200000 ki jarurat hai urgent chahiye warna bahut marunga. Police ko mat batana.,SCAM,Kidnapping & Extortion Threat,CRITICAL,1,0,1,0,0,1,1,1,urgency|financial_request|emotional_manipulation|secrecy|threat,Do not transfer money. Immediately report the extortion/kidnapping threat to the local Police and Cyber Crime helpline 1930.
ASVD_003365,Main verification officer bol raha hoon. Mera OTP galat number pe chala gaya. payment gateway se verification hai. Please wo code bata do.,SCAM,OTP Scam,HIGH,1,0,0,1,0,0,0,0,urgency|otp_request,Never share OTP with anyone. OTPs are for your personal transactions only.
ASVD_003052,"Please mat ghabraiye. aapke husband ka medical emergency hua hai. Unke colleague bol rahe hain. Rs 1,00,000 bhejiye. Jaldi.",SCAM,Emergency Money Scam,HIGH,1,0,1,0,0,0,1,1,urgency|financial_request|emotional_manipulation|secrecy,Verify the emergency by contacting the person or hospital directly through known numbers.
ASVD_001385,Kal ka exam kaisa gaya? Mera toh theek thak hua. Paper lamba tha bahut. Bata dena.,SAFE,None,LOW,0,0,0,0,0,0,0,0,none,No action required. This appears to be a normal conversation.
ASVD_000597,"Congratulations! exclusive real estate deal mein invest karein sirf Rs 2,00,000. Guaranteed 300% return 3 mahine mein. Aaj hi join karein.",SCAM,Investment Scam,HIGH,1,0,1,0,0,0,1,0,urgency|financial_request|emotional_manipulation,Verify investments through SEBI registered channels. No legitimate investment guarantees fixed returns.
ASVD_002488,Bacche ko bukhar aa gaya hai. Paracetamol di hai. Agar kal tak nahi utra toh doctor le jaungi. Take care.,SAFE,None,LOW,0,0,0,0,0,0,0,0,none,No action required. This appears to be a normal conversation.
ASVD_001267,"Amazon review job opportunity - work from home. Daily Rs 1,000-5,000 kamayein. Registration fee sirf Rs 1,499. Limited seats.",SCAM,Job Scam,MEDIUM,1,0,1,0,0,0,0,0,urgency|financial_request,Legitimate employers never ask for money upfront. Verify through the company's official website.
ASVD_003922,Laptop ki warranty next month expire ho rahi hai. Extended warranty leni chahiye? Baad mein baat karte hain.,SAFE,None,LOW,0,0,0,0,0,0,0,0,none,No action required. This appears to be a normal conversation.
ASVD_001212,ICICI Bank fraud prevention team. unauthorized login detected in net banking. Please share the 6-digit OTP sent to your number for verification.,SCAM,Bank Fraud,CRITICAL,1,1,0,1,1,1,0,0,urgency|authority_impersonation|otp_request|credential_request|threat,"Never share OTP, PIN, or passwords. Call your bank's official helpline number printed on your card."
ASVD_003667,"Main your father ke saath hoon. Unka road accident hua hai. Rs 50,000 chahiye turant. Please help karein.",SCAM,Emergency Money Scam,HIGH,1,0,1,0,0,0,1,1,urgency|financial_request|emotional_manipulation|secrecy,Verify the emergency by contacting the person or hospital directly through known numbers.
ASVD_003035,"Namaste, main verification officer hoon. KYC update ho raha hai. Aapke PhonePe pe jo OTP aaya hai wo bata dijiye. 5 minute mein expire ho jayega.",SCAM,OTP Scam,HIGH,1,0,0,1,0,0,0,0,urgency|otp_request,Never share OTP with anyone. OTPs are for your personal transactions only.
ASVD_002191,Kal work from home karunga. Subah plumber aa raha hai. Dopahar tak online aa jaunga. Ok bye.,SAFE,None,LOW,0,0,0,0,0,0,0,0,none,No action required. This appears to be a normal conversation.
ASVD_000166,"It's me, your brother. I had an accident and I need Rs 1,00,000 urgently. Please transfer now. Don't tell anyone.",SCAM,Family Impersonation,HIGH,1,0,1,0,0,0,1,1,urgency|financial_request|emotional_manipulation|secrecy,Verify the caller through an independent communication channel before transferring money.
ASVD_003166,"This is Income Tax Department. your Aadhaar is used in illegal activities. Pay Rs 1,00,000 immediately to avoid prosecution. Do not discuss with anyone.",SCAM,Government Impersonation,CRITICAL,1,1,1,0,0,1,0,1,urgency|financial_request|secrecy|authority_impersonation|threat,No government agency demands payment over phone. Contact the department through official channels.
ASVD_003537,Phone paani mein gir gaya par bacha liya. Abhi kaam kar raha hai. Dry karne band kar rahi hoon. Sab theek hai.,SAFE,None,LOW,0,0,0,0,0,0,0,0,none,No action required. This appears to be a normal conversation.
ASVD_002711,"We have obtained browsing history. Sab contacts ko bhej denge agar Rs 3,00,000 nahi mile. Serious hain hum.",SCAM,Blackmail,CRITICAL,1,0,1,0,0,1,1,1,urgency|financial_request|emotional_manipulation|secrecy|threat,Do not pay. Report to Cyber Crime helpline 1930 and local police station immediately.
ASVD_002973,"Namaste, Yes Bank ka verification officer hoon. system migration chal raha hai. Apna password aur card details share karein.",SCAM,PIN/Credential Scam,HIGH,1,1,0,0,1,0,0,0,urgency|authority_impersonation|credential_request,"Banks never ask for PIN, CVV, or passwords over phone. Never share these with anyone."
ASVD_004018,Bacche ke shoes tight ho gaye hain. Weekend pe naye khareedne jaana hai. Theek hai na?,SAFE,None,LOW,0,0,0,0,0,0,0,0,none,No action required. This appears to be a normal conversation.
ASVD_003980,"Selected for Instagram followers badhane ka kaam! Ghar baithe kamayein. Fee Rs 7,500 UPI pe bhejein. Login credentials mil jayenge turant.",SCAM,Job Scam,MEDIUM,1,0,1,0,0,0,0,0,urgency|financial_request,Legitimate employers never ask for money upfront. Verify through the company's official website.
ASVD_001830,"Meri bohot buri situation hai. Main highway pe mein hoon, police ne pakda. 40,000 de do please, kisi ko mat batana.",SCAM,Family Impersonation,HIGH,1,0,1,0,0,0,1,1,urgency|financial_request|emotional_manipulation|secrecy,Verify the caller through an independent communication channel before transferring money.
ASVD_003731,"Ek minute, hR ne bola naya leave policy next month se lagegi. 5 extra casual leaves milenge. Bata dena.",SAFE,None,LOW,0,0,0,0,0,0,0,0,none,No action required. This appears to be a normal conversation.
ASVD_001257,"Meri bohot buri situation hai. Main highway pe mein hoon, am in hospital. 20,000 de do please, kisi ko mat batana.",SCAM,Family Impersonation,HIGH,1,0,1,0,0,0,1,1,urgency|financial_request|emotional_manipulation|secrecy,Verify the caller through an independent communication channel before transferring money.
ASVD_003777,"Arre, daadi ji aaj better feel kar rahi hain. Doctor ne kaha kal ghar aa sakti hain.",SAFE,None,LOW,0,0,0,0,0,0,0,0,none,No action required. This appears to be a normal conversation.
ASVD_000016,"Attention! ACP sahab speaking. aapki identity fraud mein use hui hai. Court order ke mutabik Rs 2,00,000 jama karna hoga. Non-compliance means jail.",SCAM,Police Impersonation,CRITICAL,1,1,1,0,0,1,0,1,urgency|financial_request|secrecy|authority_impersonation|threat,Hang up and contact the local police station directly. Real police never demand money over phone.
ASVD_003583,"Please mat ghabraiye. aapke husband ka road accident hua hai. Unke colleague bol rahe hain. Rs 1,00,000 bhejiye. Jaldi.",SCAM,Emergency Money Scam,HIGH,1,0,1,0,0,0,1,1,urgency|financial_request|emotional_manipulation|secrecy,Verify the emergency by contacting the person or hospital directly through known numbers.
ASVD_001827,"Courier company se bol rahe hain. fake currency ka package border pe roka gaya. Aapki ID thi. Rs 50,000 customs duty do.",SCAM,Fake Parcel/Customs Scam,CRITICAL,1,1,1,0,0,1,0,0,urgency|financial_request|authority_impersonation|threat,No customs or courier service demands payment over phone. Verify through official channels.
ASVD_001321,"Hey, vikram ko 3,000 diye the last week. Usne bola aaj return karega. Bas reminder hai. Sab theek hai.",SAFE,None,LOW,0,0,0,0,0,0,0,0,none,No action required. This appears to be a normal conversation.
ASVD_002988,"Sunno, e-Shram card banwaya hai online. Registration number aa gaya hai. Phir batati hoon.",SAFE,None,LOW,0,0,0,0,0,0,0,0,none,No action required. This appears to be a normal conversation.
ASVD_001217,Good morning. Client meeting 3 PM reschedule ho gayi hai. Calendar update kar lena. Ok bye.,SAFE,None,LOW,0,0,0,0,0,0,0,0,none,No action required. This appears to be a normal conversation.
ASVD_001130,Ghar ke paas ka ATM 3 din se band hai. Koi aur ATM nearby hai kya? Done.,SAFE,None,LOW,0,0,0,0,0,0,0,0,none,No action required. This appears to be a normal conversation.
ASVD_000317,"Aapko Ministry of Finance se final notice mil raha hai. your bank accounts will be frozen. Rs 50,000 jama karo aaj hi. Passport cancel hoga.",SCAM,Government Impersonation,CRITICAL,1,1,1,0,0,1,0,1,urgency|financial_request|secrecy|authority_impersonation|threat,No government agency demands payment over phone. Contact the department through official channels.
ASVD_002926,"Kal half-day leave leni hai bank appointment ke liye. Subah ka kaam complete kar dunga. Chalo, milte hain.",SAFE,None,LOW,0,0,0,0,0,0,0,0,none,No action required. This appears to be a normal conversation.
ASVD_000462,"Mere paas browsing history hai. Agar spouse aur colleagues ko nahi dikhana toh Rs 3,00,000 bhejo. Kal subah tak.",SCAM,Blackmail,CRITICAL,1,0,1,0,0,1,1,1,urgency|financial_request|emotional_manipulation|secrecy|threat,Do not pay. Report to Cyber Crime helpline 1930 and local police station immediately.
ASVD_000684,"We possess private conversations. Pay Rs 1,00,000 or face public humiliation. No second chances.",SCAM,Blackmail,CRITICAL,1,0,1,0,0,1,1,1,urgency|financial_request|emotional_manipulation|secrecy|threat,Do not pay. Report to Cyber Crime helpline 1930 and local police station immediately.
ASVD_000448,"Hey, kal work from home karunga. Subah plumber aa raha hai. Dopahar tak online aa jaunga.",SAFE,None,LOW,0,0,0,0,0,0,0,0,none,No action required. This appears to be a normal conversation.
ASVD_002578,"Congratulations! Rs 50,000 ka tax refund eligible hai aap. Rs 2,000 verification charges do aur amount turant credit hoga. Aaj hi valid.",SCAM,Financial Manipulation,MEDIUM,1,0,1,0,0,0,1,0,urgency|financial_request|emotional_manipulation,No legitimate organization asks for fees to release refunds. Verify through official channels.
ASVD_000199,"Btw, stray dogs raat ko bahut bhonk rahe hain. Society guard se baat ki hai. Dekhega woh. Bata dena.",SAFE,None,LOW,0,0,0,0,0,0,0,0,none,No action required. This appears to be a normal conversation.
ASVD_000109,"Tumhare bhai ki jaan khatre mein hai. 5,00,000 transfer karo abhi ke abhi warna laash milegi. Kisi ko mat bolna.",SCAM,Kidnapping & Extortion Threat,CRITICAL,1,0,1,0,0,1,1,1,urgency|financial_request|emotional_manipulation|secrecy|threat,Do not transfer money. Immediately report the extortion/kidnapping threat to the local Police and Cyber Crime helpline 1930.
ASVD_002339,"I have private messages. Rs 25,000 doge toh permanently delete. Ignore karoge toh reputation khatam.",SCAM,Blackmail,CRITICAL,1,0,1,0,0,1,1,1,urgency|financial_request|emotional_manipulation|secrecy|threat,Do not pay. Report to Cyber Crime helpline 1930 and local police station immediately.
ASVD_003378,"Ek minute, team outing Saturday ko confirm hai. Adventure park ja rahe hain. Bus 8 AM nikalegi.",SAFE,None,LOW,0,0,0,0,0,0,0,0,none,No action required. This appears to be a normal conversation.
ASVD_000466,Yeh technical support hai. reward points expire ho rahe hain. Aapke Google Pay account ke liye OTP aaya hoga. Jaldi batayein please.,SCAM,OTP Scam,HIGH,1,0,0,1,0,0,0,0,urgency|otp_request,Never share OTP with anyone. OTPs are for your personal transactions only.
ASVD_003926,"Sunno, diwali ki shopping start karni hai. Kapde aur gifts dono khareedne hain.",SAFE,None,LOW,0,0,0,0,0,0,0,0,none,No action required. This appears to be a normal conversation.
ASVD_002099,"Attention! Senior Inspector speaking. your bank account is linked to a terror funding case. Court order ke mutabik Rs 1,00,000 jama karna hoga. Non-compliance means jail.",SCAM,Police Impersonation,CRITICAL,1,1,1,0,0,1,0,1,urgency|financial_request|secrecy|authority_impersonation|threat,Hang up and contact the local police station directly. Real police never demand money over phone.
ASVD_001423,Selected for copy paste job! Ghar baithe kamayein. Fee Rs 499 UPI pe bhejein. Login credentials mil jayenge turant.,SCAM,Job Scam,MEDIUM,1,0,1,0,0,0,0,0,urgency|financial_request,Legitimate employers never ask for money upfront. Verify through the company's official website.
ASVD_000241,"Bhai Priya bol raha hoon. Meri phone chori ho gaya. Kya tu Rs 25,000 bhej sakta hai? Wapas kar dunga. Secret rakh.",SCAM,Friend Impersonation,HIGH,1,0,1,0,0,0,1,1,urgency|financial_request|emotional_manipulation|secrecy,Contact the person directly using a known phone number to verify their identity.
ASVD_003820,Diwali ki shopping start karni hai. Kapde aur gifts dono khareedne hain. Theek hai na?,SAFE,None,LOW,0,0,0,0,0,0,0,0,none,No action required. This appears to be a normal conversation.
ASVD_003572,Next month road trip plan karte hain. Goa ya Pondicherry? Kya sochte ho? Take care.,SAFE,None,LOW,0,0,0,0,0,0,0,0,none,No action required. This appears to be a normal conversation.
ASVD_000347,"Aapke liye social media marketing ka offer hai. Monthly Rs 40,000+. One-time fee Rs 2,500. Pay now and start today.",SCAM,Job Scam,MEDIUM,1,0,1,0,0,0,0,0,urgency|financial_request,Legitimate employers never ask for money upfront. Verify through the company's official website.
ASVD_003210,"Hello, unclaimed insurance payout hai aapka. Aap eligible hain. Rs 3,000 service charges do. One-time fee hai.",SCAM,Financial Manipulation,MEDIUM,1,0,1,0,0,0,1,0,urgency|financial_request|emotional_manipulation,No legitimate organization asks for fees to release refunds. Verify through official channels.
ASVD_001347,"I am Sub-Inspector. A warrant has been issued. your bank account is linked to a terror funding case. Transfer Rs 5,00,000 as security deposit to close the case.",SCAM,Police Impersonation,CRITICAL,1,1,1,0,0,1,0,1,urgency|financial_request|secrecy|authority_impersonation|threat,Hang up and contact the local police station directly. Real police never demand money over phone.
ASVD_003257,Address update karna hai bank records mein. Online ho sakta hai ya branch jaana padega? Ok bye.,SAFE,None,LOW,0,0,0,0,0,0,0,0,none,No action required. This appears to be a normal conversation.
ASVD_003745,"Emergency call: aapke papa ko bahut bura accident hua. Rs 20,000 immediately chahiye. Hum hospital mein hain.",SCAM,Emergency Money Scam,HIGH,1,0,1,0,0,0,1,1,urgency|financial_request|emotional_manipulation|secrecy,Verify the emergency by contacting the person or hospital directly through known numbers.
ASVD_002532,"Listen carefully, we have kidnapped your son. Send 10,00,000 right now or face the consequences. Keep this secret.",SCAM,Kidnapping & Extortion Threat,CRITICAL,1,0,1,0,0,1,1,1,urgency|financial_request|emotional_manipulation|secrecy|threat,Do not transfer money. Immediately report the extortion/kidnapping threat to the local Police and Cyber Crime helpline 1930.
ASVD_000217,We are senior executive from Yes Bank. card renewal ke liye. Share your net banking credentials for verification.,SCAM,PIN/Credential Scam,HIGH,1,1,0,0,1,0,0,0,urgency|authority_impersonation|credential_request,"Banks never ask for PIN, CVV, or passwords over phone. Never share these with anyone."
ASVD_000141,"Bas, yaar, weekend pe free ho? Movie chalte hain. Naya action movie release hua hai. Chalo, milte hain.",SAFE,None,LOW,0,0,0,0,0,0,0,0,none,No action required. This appears to be a normal conversation.
ASVD_001137,Property registration ke liye stamp duty kitni lagegi? 3 BHK flat hai. Dekh lenge.,SAFE,None,LOW,0,0,0,0,0,0,0,0,none,No action required. This appears to be a normal conversation.
ASVD_001877,Voter ID mein address change karwana hai. Online portal pe apply kar sakti hoon kya?,SAFE,None,LOW,0,0,0,0,0,0,0,0,none,No action required. This appears to be a normal conversation.
ASVD_001463,Promotion mil gayi! Weekend pe dinner treat karunga. Restaurant tum choose karo.,SAFE,None,LOW,0,0,0,0,0,0,0,0,none,No action required. This appears to be a normal conversation.
ASVD_003622,customer care bol raha hoon WhatsApp Pay se. subscription renew ho raha hai. Please OTP batayein turant. Call recorded hai.,SCAM,OTP Scam,HIGH,1,0,0,1,0,0,0,0,urgency|otp_request,Never share OTP with anyone. OTPs are for your personal transactions only.
ASVD_001248,"Ek minute, birthday party ke liye venue suggest karo. Budget Rs 15,000 tak hai. 20 log honge.",SAFE,None,LOW,0,0,0,0,0,0,0,0,none,No action required. This appears to be a normal conversation.
ASVD_001821,"Job Alert: part-time typing position open. No experience needed. Rs 30,000+ monthly. Processing fee Rs 4,999. Pay via UPI.",SCAM,Job Scam,MEDIUM,1,0,1,0,0,0,0,0,urgency|financial_request,Legitimate employers never ask for money upfront. Verify through the company's official website.
ASVD_002304,"It's me Ankita. Something bad happened, phone chori ho gaya. I need 25,000 right away. Please don't mention to others.",SCAM,Friend Impersonation,HIGH,1,0,1,0,0,0,1,1,urgency|financial_request|emotional_manipulation|secrecy,Contact the person directly using a known phone number to verify their identity.
ASVD_000288,"PNB ka system admin bol raha hai. account mein technical error hai. Card ke 16-digit number, CVV, aur PIN batayein.",SCAM,PIN/Credential Scam,HIGH,1,1,0,0,1,0,0,0,urgency|authority_impersonation|credential_request,"Banks never ask for PIN, CVV, or passwords over phone. Never share these with anyone."
ASVD_002952,"Tumhara bacche mere kabze mein hai. Agar zinda dekhna chahte ho toh turant Rs 5,00,000 bhej do. Koi chalaaki mat karna.",SCAM,Kidnapping & Extortion Threat,CRITICAL,1,0,1,0,0,1,1,1,urgency|financial_request|emotional_manipulation|secrecy|threat,Do not transfer money. Immediately report the extortion/kidnapping threat to the local Police and Cyber Crime helpline 1930.
ASVD_003611,"Yaar please, Sneha hoon. wallet gir gaya. Bahut zaroorat hai Rs 20,000 ki. Turant bhej de. Group mein mat bol.",SCAM,Friend Impersonation,HIGH,1,0,1,0,0,0,1,1,urgency|financial_request|emotional_manipulation|secrecy,Contact the person directly using a known phone number to verify their identity.
ASVD_001858,"Bro, it's Vikram. I wallet gir gaya. Can you send Rs 20,000 to 7345678901? I'll pay back. Don't tell anyone.",SCAM,Friend Impersonation,HIGH,1,0,1,0,0,0,1,1,urgency|financial_request|emotional_manipulation|secrecy,Contact the person directly using a known phone number to verify their identity.
ASVD_003831,"Bas, aaj Jal Board ka bill bhara online. Rs 850 tha. Receipt save kar li hai. Chal, bye.",SAFE,None,LOW,0,0,0,0,0,0,0,0,none,No action required. This appears to be a normal conversation.
ASVD_003973,Security guard ko suspicious bag mila. Police ko bulaya. Check kiya toh khana tha usme.,SAFE,None,LOW,0,0,0,0,0,0,0,0,none,No action required. This appears to be a normal conversation.
ASVD_000118,"Your bhai is with us. Transfer Rs 1,00,000 immediately to 9988776655 or we will kill him. Do not inform the police.",SCAM,Kidnapping & Extortion Threat,CRITICAL,1,0,1,0,0,1,1,1,urgency|financial_request|emotional_manipulation|secrecy|threat,Do not transfer money. Immediately report the extortion/kidnapping threat to the local Police and Cyber Crime helpline 1930.
ASVD_003080,"Btw, bigBasket se monthly grocery order kar diya hai. Kal morning slot mein aayega. Zyada tension mat le.",SAFE,None,LOW,0,0,0,0,0,0,0,0,none,No action required. This appears to be a normal conversation.
ASVD_003873,"Oh, friday se sale shuru hai. Sab 50% off hai. Shopping chalein office ke baad? Ok bye.",SAFE,None,LOW,0,0,0,0,0,0,0,0,none,No action required. This appears to be a normal conversation.
ASVD_000995,"Aur haan, pados mein ambulance aayi thi. Aunty ji ko hospital le gaye. Unke bete ko inform kar diya.",SAFE,None,LOW,0,0,0,0,0,0,0,0,none,No action required. This appears to be a normal conversation.
ASVD_001615,"Bas, rs 10,000 per month recurring deposit set kiya tha. Confirm kar dijiye active hai ya nahi. Take care.",SAFE,None,LOW,0,0,0,0,0,0,0,0,none,No action required. This appears to be a normal conversation.
ASVD_002372,We are security officer from HDFC Bank. account mein technical error hai. Share your net banking credentials for verification.,SCAM,PIN/Credential Scam,HIGH,1,1,0,0,1,0,0,0,urgency|authority_impersonation|credential_request,"Banks never ask for PIN, CVV, or passwords over phone. Never share these with anyone."
ASVD_003092,"We have everything. compromising information hai tumhari. Transfer Rs 50,000 via UPI or NEFT. No police. No negotiation.",SCAM,Extortion,CRITICAL,1,0,1,0,0,1,1,1,urgency|financial_request|emotional_manipulation|secrecy|threat,Do not pay. Report to Cyber Crime helpline 1930 and local police station immediately.
ASVD_002042,"Warning: international illegal parcel under investigation hai. Aapka Aadhaar linked hai. Rs 1,00,000 do warna passport cancel.",SCAM,Fake Parcel/Customs Scam,CRITICAL,1,1,1,0,0,1,0,0,urgency|financial_request|authority_impersonation|threat,No customs or courier service demands payment over phone. Verify through official channels.
ASVD_002035,"Arre, doodh aur bread le aana ghar aate waqt. Papa ki dawai bhi leni hai pharmacy se.",SAFE,None,LOW,0,0,0,0,0,0,0,0,none,No action required. This appears to be a normal conversation.
ASVD_000414,"Courier company se bol rahe hain. illegal drugs wala parcel border pe roka gaya. Aapki ID thi. Rs 50,000 customs duty do.",SCAM,Fake Parcel/Customs Scam,CRITICAL,1,1,1,0,0,1,0,0,urgency|financial_request|authority_impersonation|threat,No customs or courier service demands payment over phone. Verify through official channels.
ASVD_003487,"PPF account mein bonus interest claim karna hai. Lekin Rs 2,000 government processing charges pehle dene honge. Pay now.",SCAM,Financial Manipulation,MEDIUM,1,0,1,0,0,0,1,0,urgency|financial_request|emotional_manipulation,No legitimate organization asks for fees to release refunds. Verify through official channels.
ASVD_001094,"Hey, Rahul here. phone chori ho gaya. Need Rs 25,000 right now. Please help. I'll explain later.",SCAM,Friend Impersonation,HIGH,1,0,1,0,0,0,1,1,urgency|financial_request|emotional_manipulation|secrecy,Contact the person directly using a known phone number to verify their identity.
ASVD_002059,"Haan, birthday party ke liye venue suggest karo. Budget Rs 15,000 tak hai. 20 log honge. Bata dena.",SAFE,None,LOW,0,0,0,0,0,0,0,0,none,No action required. This appears to be a normal conversation.
ASVD_002843,"Good news! Rs 50,000 ka tax refund eligible hai aap. Claim karne ke liye Rs 7,500 processing fee do. Full amount 48 ghante mein milega.",SCAM,Financial Manipulation,MEDIUM,1,0,1,0,0,0,1,0,urgency|financial_request|emotional_manipulation,No legitimate organization asks for fees to release refunds. Verify through official channels.
ASVD_001476,"Btw, fixed deposit scheme ke baare mein message aaya tha. Interest rates bata dijiye. Theek hai na?",SAFE,None,LOW,0,0,0,0,0,0,0,0,none,No action required. This appears to be a normal conversation.
ASVD_001403,Shirt return ki jo last week khareedt thi. Refund 5-7 business days mein aayega. Phir batati hoon.,SAFE,None,LOW,0,0,0,0,0,0,0,0,none,No action required. This appears to be a normal conversation.
ASVD_002114,"Beta, mujhe pareshani mein hoon. had an accident. 50,000 bhej do UPI se 9988776655 pe. Kisi ko pata mat chalne dena.",SCAM,Family Impersonation,HIGH,1,0,1,0,0,0,1,1,urgency|financial_request|emotional_manipulation|secrecy,Verify the caller through an independent communication channel before transferring money.
ASVD_003369,Yeh HDFC Bank security department hai. your debit card is compromised. OTP batayein 10 minute mein warna account permanently lock ho jayega.,SCAM,Bank Fraud,CRITICAL,1,1,0,1,1,1,0,0,urgency|authority_impersonation|otp_request|credential_request|threat,"Never share OTP, PIN, or passwords. Call your bank's official helpline number printed on your card."
ASVD_002068,"dating app profile hai mere paas. Tumhare family ko dikhaunga agar Rs 1,00,000 nahi mile 48 ghante mein.",SCAM,Blackmail,CRITICAL,1,0,1,0,0,1,1,1,urgency|financial_request|emotional_manipulation|secrecy|threat,Do not pay. Report to Cyber Crime helpline 1930 and local police station immediately.
ASVD_003019,"Park mein gir gayi, pair mein halka moch aaya hai. Ice laga rahi hoon. Aane ki zaroorat nahi.",SAFE,None,LOW,0,0,0,0,0,0,0,0,none,No action required. This appears to be a normal conversation.
ASVD_000175,"Urgent: Aapka instant loan application Rs 2,00,000 approved. Rs 5,000 verification charges do. Delay = cancellation.",SCAM,Loan Scam,MEDIUM,1,0,1,0,0,0,0,0,urgency|financial_request,No genuine bank charges processing fees before loan disbursement. Verify through official channels.
ASVD_004123,"We possess chat screenshots. Pay Rs 3,00,000 or face public humiliation. No second chances.",SCAM,Blackmail,CRITICAL,1,0,1,0,0,1,1,1,urgency|financial_request|emotional_manipulation|secrecy|threat,Do not pay. Report to Cyber Crime helpline 1930 and local police station immediately.
ASVD_002425,"Yeh serious hai. aapke papa ka bahut bura accident hua hai. Rs 1,00,000 chahiye ek ghante mein. Family ko mat batao abhi.",SCAM,Emergency Money Scam,HIGH,1,0,1,0,0,0,1,1,urgency|financial_request|emotional_manipulation|secrecy,Verify the emergency by contacting the person or hospital directly through known numbers.
ASVD_000209,verification officer se call hai. reward points expire ho rahe hain. Aapke number pe ek verification code aaya hoga. Please share karein.,SCAM,OTP Scam,HIGH,1,0,0,1,0,0,0,0,urgency|otp_request,Never share OTP with anyone. OTPs are for your personal transactions only.
ASVD_003990,"Instant instant loan Rs 1,00,000 at 2% interest. No documents. Pre-approved. Processing fee Rs 5,000. Aaj hi valid.",SCAM,Loan Scam,MEDIUM,1,0,1,0,0,0,0,0,urgency|financial_request,No genuine bank charges processing fees before loan disbursement. Verify through official channels.
ASVD_000014,Mobile number update karna hai bank account mein. Kya process hai? Koi baat nahi.,SAFE,None,LOW,0,0,0,0,0,0,0,0,none,No action required. This appears to be a normal conversation.
ASVD_002761,"Arre, passport office gayi thi aaj. Renewal 15 working days mein hoga bole. Bata dena.",SAFE,None,LOW,0,0,0,0,0,0,0,0,none,No action required. This appears to be a normal conversation.
ASVD_003191,"Listen, this is Sneha. I phone chori ho gaya and I am desperate. Send Rs 10,000 to UPI 9876501234. Keep it private.",SCAM,Friend Impersonation,HIGH,1,0,1,0,0,0,1,1,urgency|financial_request|emotional_manipulation|secrecy,Contact the person directly using a known phone number to verify their identity.
ASVD_000124,"Sunno, office Wi-Fi password change hua hai. Naya password notice board pe hai reception ke paas. Koi baat nahi.",SAFE,None,LOW,0,0,0,0,0,0,0,0,none,No action required. This appears to be a normal conversation.
ASVD_002450,"PPF account mein bonus interest claim karna hai. Lekin Rs 1,000 government processing charges pehle dene honge. Pay now.",SCAM,Financial Manipulation,MEDIUM,1,0,1,0,0,0,1,0,urgency|financial_request|emotional_manipulation,No legitimate organization asks for fees to release refunds. Verify through official channels.
ASVD_002694,"Yeh customs department se official call hai. contraband shipment aapke address pe register hai. Rs 25,000 fine bharo.",SCAM,Fake Parcel/Customs Scam,CRITICAL,1,1,1,0,0,1,0,0,urgency|financial_request|authority_impersonation|threat,No customs or courier service demands payment over phone. Verify through official channels.
ASVD_002280,compliance team from Kotak Bank. security audit ke liye. UPI PIN aur Aadhaar ke last 4 digits share karein.,SCAM,PIN/Credential Scam,HIGH,1,1,0,0,1,0,0,0,urgency|authority_impersonation|credential_request,"Banks never ask for PIN, CVV, or passwords over phone. Never share these with anyone."
ASVD_002677,"Uncle se baat hui. Cousin ki shaadi December mein fix hui hai. Train tickets book karni hain. Chalo, milte hain.",SAFE,None,LOW,0,0,0,0,0,0,0,0,none,No action required. This appears to be a normal conversation.
ASVD_001628,"Mere paas dating app profile hai. Agar spouse aur colleagues ko nahi dikhana toh Rs 50,000 bhejo. Kal subah tak.",SCAM,Blackmail,CRITICAL,1,0,1,0,0,1,1,1,urgency|financial_request|emotional_manipulation|secrecy|threat,Do not pay. Report to Cyber Crime helpline 1930 and local police station immediately.
ASVD_002885,"Ek minute, bacche ko bukhar aa gaya hai. Paracetamol di hai. Agar kal tak nahi utra toh doctor le jaungi. Koi baat nahi.",SAFE,None,LOW,0,0,0,0,0,0,0,0,none,No action required. This appears to be a normal conversation.
ASVD_004175,"Instant business loan Rs 5,00,000 at 2% interest. No documents. Pre-approved. Processing fee Rs 15,000. Aaj hi valid.",SCAM,Loan Scam,MEDIUM,1,0,1,0,0,0,0,0,urgency|financial_request,No genuine bank charges processing fees before loan disbursement. Verify through official channels.
ASVD_003516,Main customer care bol raha hoon. Mera OTP galat number pe chala gaya. aapka mobile verify karna hai. Please wo code bata do.,SCAM,OTP Scam,HIGH,1,0,0,1,0,0,0,0,urgency|otp_request,Never share OTP with anyone. OTPs are for your personal transactions only.
ASVD_003824,"Achha, kitchen mein chhoti si aag lagi thi par turant bujha di. Sab safe hain, chinta mat karo. Koi baat nahi.",SAFE,None,LOW,0,0,0,0,0,0,0,0,none,No action required. This appears to be a normal conversation.
ASVD_000544,service team bol raha hoon WhatsApp Pay se. aapki delivery ke liye verification chahiye. Please OTP batayein turant. Call recorded hai.,SCAM,OTP Scam,HIGH,1,0,0,1,0,0,0,0,urgency|otp_request,Never share OTP with anyone. OTPs are for your personal transactions only.
ASVD_000490,"personal loan Rs 20,00,000 bina collateral ke. Rs 12,000 security deposit bhejein. Amount aaj hi milega.",SCAM,Loan Scam,MEDIUM,1,0,1,0,0,0,0,0,urgency|financial_request,No genuine bank charges processing fees before loan disbursement. Verify through official channels.
ASVD_000868,Mobile number update karna hai bank account mein. Kya process hai? Take care.,SAFE,None,LOW,0,0,0,0,0,0,0,0,none,No action required. This appears to be a normal conversation.
ASVD_001896,IPL ka naya season shuru hone wala hai. Fantasy team banate hain saath mein. Dekh lenge.,SAFE,None,LOW,0,0,0,0,0,0,0,0,none,No action required. This appears to be a normal conversation.
ASVD_003269,"forex trading with zero risk abhi open hai. Minimum Rs 50,000. Returns guaranteed. Register karein 2 ghante mein. Kisi ko mat batana.",SCAM,Investment Scam,HIGH,1,0,1,0,0,0,1,0,urgency|financial_request|emotional_manipulation,Verify investments through SEBI registered channels. No legitimate investment guarantees fixed returns.
ASVD_001749,"Hello, aapka resume dekha. part-time typing ka opening hai. Rs 4,999 training kit fee do. Start earning from tomorrow.",SCAM,Job Scam,MEDIUM,1,0,1,0,0,0,0,0,urgency|financial_request,Legitimate employers never ask for money upfront. Verify through the company's official website.
ASVD_000075,"Your son is with us. Transfer Rs 10,00,000 immediately to 7654321098 or we will kill him. Do not inform the police.",SCAM,Kidnapping & Extortion Threat,CRITICAL,1,0,1,0,0,1,1,1,urgency|financial_request|emotional_manipulation|secrecy|threat,Do not transfer money. Immediately report the extortion/kidnapping threat to the local Police and Cyber Crime helpline 1930.
ASVD_001686,"Maine tumhare daughter ko uthwa liya hai. 500000 firauti chahiye aaj hi, warna jaan se maar dunga.",SCAM,Kidnapping & Extortion Threat,CRITICAL,1,0,1,0,0,1,1,1,urgency|financial_request|emotional_manipulation|secrecy|threat,Do not transfer money. Immediately report the extortion/kidnapping threat to the local Police and Cyber Crime helpline 1930.
ASVD_002563,HDFC Bank se verification officer bol raha hai. unknown device se login detect hua. Turant ATM PIN batayein warna card block ho jayega.,SCAM,PIN/Credential Scam,HIGH,1,1,0,0,1,0,0,0,urgency|authority_impersonation|credential_request,"Banks never ask for PIN, CVV, or passwords over phone. Never share these with anyone."
ASVD_001678,"Oh, sabzi mandi se taza sabzi layi hoon. Palak, methi, aur gaajar mili achhi waali. Done.",SAFE,None,LOW,0,0,0,0,0,0,0,0,none,No action required. This appears to be a normal conversation.
ASVD_003282,"Bas, bhai ko hospital le ja rahi hoon regular checkup ke liye. Dopahar ke baad nikalenge.",SAFE,None,LOW,0,0,0,0,0,0,0,0,none,No action required. This appears to be a normal conversation.
ASVD_003857,"Urgent: your father danger mein hai. road accident situation hai. Rs 20,000 turant transfer karein 7373737373 pe.",SCAM,Emergency Money Scam,HIGH,1,0,1,0,0,0,1,1,urgency|financial_request|emotional_manipulation|secrecy,Verify the emergency by contacting the person or hospital directly through known numbers.
ASVD_004024,"Aur haan, phone paani mein gir gaya par bacha liya. Abhi kaam kar raha hai. Dry karne band kar rahi hoon.",SAFE,None,LOW,0,0,0,0,0,0,0,0,none,No action required. This appears to be a normal conversation.
ASVD_000962,"illegal drugs wala parcel customs ne pakda hai. Aapke naam pe hai. Rs 50,000 jama karein clearance ke liye. Urgent hai.",SCAM,Fake Parcel/Customs Scam,CRITICAL,1,1,1,0,0,1,0,0,urgency|financial_request|authority_impersonation|threat,No customs or courier service demands payment over phone. Verify through official channels.
ASVD_003330,"I am stuck in Delhi. This is your brother. Need 50,000 right now. Please hurry, don't tell the family.",SCAM,Family Impersonation,HIGH,1,0,1,0,0,0,1,1,urgency|financial_request|emotional_manipulation|secrecy,Verify the caller through an independent communication channel before transferring money.
ASVD_004081,"Achha, mausam kharab hai aaj, jaldi ghar aa jaana. Barish shuru hone wali hai.",SAFE,None,LOW,0,0,0,0,0,0,0,0,none,No action required. This appears to be a normal conversation.
ASVD_002218,"Yeh mazaak nahi hai. video call recordings hai mere paas. Rs 3,00,000 Google Pay ya PhonePe se bhejo 24 ghante mein.",SCAM,Blackmail,CRITICAL,1,0,1,0,0,1,1,1,urgency|financial_request|emotional_manipulation|secrecy|threat,Do not pay. Report to Cyber Crime helpline 1930 and local police station immediately.
ASVD_002768,"Mummy, hostel pahunch gayi main. Chinta mat karo. Warden bahut strict hai safety ke baare mein. Sab theek hai.",SAFE,None,LOW,0,0,0,0,0,0,0,0,none,No action required. This appears to be a normal conversation.
ASVD_002886,Bijli 3 ghante se gayi hui hai. Electricity board ko call kiya. Shaam tak aayegi bole. Take care.,SAFE,None,LOW,0,0,0,0,0,0,0,0,none,No action required. This appears to be a normal conversation.
ASVD_003426,We are technical team from Axis Bank. system migration chal raha hai. Share your net banking credentials for verification.,SCAM,PIN/Credential Scam,HIGH,1,1,0,0,1,0,0,0,urgency|authority_impersonation|credential_request,"Banks never ask for PIN, CVV, or passwords over phone. Never share these with anyone."
ASVD_002046,"banned substances wala courier customs ne pakda hai. Aapke naam pe hai. Rs 50,000 jama karein clearance ke liye. Urgent hai.",SCAM,Fake Parcel/Customs Scam,CRITICAL,1,1,1,0,0,1,0,0,urgency|financial_request|authority_impersonation|threat,No customs or courier service demands payment over phone. Verify through official channels.
ASVD_000170,"tumhari browsing history hai hamare paas. Rs 50,000 bhejo nahi toh publicly release karenge. 48 ghante ka time hai. Hum dekh rahe hain.",SCAM,Extortion,CRITICAL,1,0,1,0,0,1,1,1,urgency|financial_request|emotional_manipulation|secrecy|threat,Do not pay. Report to Cyber Crime helpline 1930 and local police station immediately.
ASVD_002262,"Emergency call: your wife ko road accident hua. Rs 50,000 immediately chahiye. Hum hospital mein hain.",SCAM,Emergency Money Scam,HIGH,1,0,1,0,0,0,1,1,urgency|financial_request|emotional_manipulation|secrecy,Verify the emergency by contacting the person or hospital directly through known numbers.
ASVD_000777,"Main ACP sahab bol raha hoon Cyber Crime se. Aapke Aadhaar pe aapki identity fraud mein use hui hai. Rs 50,000 settlement do warna arrest hoga.",SCAM,Police Impersonation,CRITICAL,1,1,1,0,0,1,0,1,urgency|financial_request|secrecy|authority_impersonation|threat,Hang up and contact the local police station directly. Real police never demand money over phone.
ASVD_001801,"Maine tumhare family member ko uthwa liya hai. 50,000 firauti chahiye aaj hi, warna jaan se maar dunga.",SCAM,Kidnapping & Extortion Threat,CRITICAL,1,0,1,0,0,1,1,1,urgency|financial_request|emotional_manipulation|secrecy|threat,Do not transfer money. Immediately report the extortion/kidnapping threat to the local Police and Cyber Crime helpline 1930.
ASVD_001733,Gas cylinder ka regulator kharab ho gaya. Agency ko call kiya hai. Kal naya bhejenge. Sab theek hai.,SAFE,None,LOW,0,0,0,0,0,0,0,0,none,No action required. This appears to be a normal conversation.
ASVD_000535,"Yeh serious hai. your mother ka bahut bura accident hua hai. Rs 20,000 chahiye ek ghante mein. Family ko mat batao abhi.",SCAM,Emergency Money Scam,HIGH,1,0,1,0,0,0,1,1,urgency|financial_request|emotional_manipulation|secrecy,Verify the emergency by contacting the person or hospital directly through known numbers.
ASVD_002234,"personal loan Rs 5,00,000 bina collateral ke. Rs 2,000 security deposit bhejein. Amount aaj hi milega.",SCAM,Loan Scam,MEDIUM,1,0,1,0,0,0,0,0,urgency|financial_request,No genuine bank charges processing fees before loan disbursement. Verify through official channels.
ASVD_000973,"Bank of Baroda fraud prevention team. aapke account se Rs 45,000 ka suspicious transaction hua hai. Please share the 6-digit OTP sent to your number for verification.",SCAM,Bank Fraud,CRITICAL,1,1,0,1,1,1,0,0,urgency|authority_impersonation|otp_request|credential_request|threat,"Never share OTP, PIN, or passwords. Call your bank's official helpline number printed on your card."
ASVD_000302,Home loan ke liye pre-approved offer aaya hai. Details jaanni hain interest rate ki. Koi baat nahi.,SAFE,None,LOW,0,0,0,0,0,0,0,0,none,No action required. This appears to be a normal conversation.
ASVD_000776,"I am calling from Income Tax Department. aapka mobile number 24 ghante mein disconnect hoga. Unless Rs 50,000 is paid today, your accounts will be frozen.",SCAM,Government Impersonation,CRITICAL,1,1,1,0,0,1,0,1,urgency|financial_request|secrecy|authority_impersonation|threat,No government agency demands payment over phone. Contact the department through official channels.
ASVD_002895,"Congratulations! part-time typing ke liye select hue hain. Salary Rs 25,000-50,000 per month. Registration fee Rs 499 do.",SCAM,Job Scam,MEDIUM,1,0,1,0,0,0,0,0,urgency|financial_request,Legitimate employers never ask for money upfront. Verify through the company's official website.
ASVD_004058,Beta ki parent-teacher meeting hai Friday ko. 3 baje jaana hai school. Tum aa sakte ho?,SAFE,None,LOW,0,0,0,0,0,0,0,0,none,No action required. This appears to be a normal conversation.
ASVD_003059,"Warning: illegal drugs wala parcel under investigation hai. Aapka Aadhaar linked hai. Rs 25,000 do warna passport cancel.",SCAM,Fake Parcel/Customs Scam,CRITICAL,1,1,1,0,0,1,0,0,urgency|financial_request|authority_impersonation|threat,No customs or courier service demands payment over phone. Verify through official channels.
ASVD_003382,"Urgent: Aapka education loan application Rs 5,00,000 approved. Rs 15,000 verification charges do. Delay = cancellation.",SCAM,Loan Scam,MEDIUM,1,0,1,0,0,0,0,0,urgency|financial_request,No genuine bank charges processing fees before loan disbursement. Verify through official channels.
ASVD_003322,"ICICI Bank se bol rahe hain. aapke account se Rs 45,000 ka suspicious transaction hua hai. Security ke liye apna OTP aur card ke last 4 digits batayein.",SCAM,Bank Fraud,CRITICAL,1,1,0,1,1,1,0,0,urgency|authority_impersonation|otp_request|credential_request|threat,"Never share OTP, PIN, or passwords. Call your bank's official helpline number printed on your card."
ASVD_002305,"Hey, bhai ko hospital le ja rahi hoon regular checkup ke liye. Dopahar ke baad nikalenge.",SAFE,None,LOW,0,0,0,0,0,0,0,0,none,No action required. This appears to be a normal conversation.
ASVD_003182,"AI-powered trading bot se log crorepati ban rahe hain. Rs 50,000 se shuru karein. No risk. Money back guarantee. Act now.",SCAM,Investment Scam,HIGH,1,0,1,0,0,0,1,0,urgency|financial_request|emotional_manipulation,Verify investments through SEBI registered channels. No legitimate investment guarantees fixed returns.
ASVD_002024,"Instant instant loan Rs 20,00,000 at 2% interest. No documents. Pre-approved. Processing fee Rs 5,000. Aaj hi valid.",SCAM,Loan Scam,MEDIUM,1,0,1,0,0,0,0,0,urgency|financial_request,No genuine bank charges processing fees before loan disbursement. Verify through official channels.
ASVD_001667,"Aapko select kiya gaya hai private equity fund ke liye. Rs 50,000 lagayein, 500% return milega. Offer expires today.",SCAM,Investment Scam,HIGH,1,0,1,0,0,0,1,0,urgency|financial_request|emotional_manipulation,Verify investments through SEBI registered channels. No legitimate investment guarantees fixed returns.
ASVD_000864,"Dhyan se suniye, Senior Inspector bol raha hoon. criminal complaint file hua hai. 2 ghante mein Rs 2,00,000 jama nahi kiya toh ghar pe police aayegi.",SCAM,Police Impersonation,CRITICAL,1,1,1,0,0,1,0,1,urgency|financial_request|secrecy|authority_impersonation|threat,Hang up and contact the local police station directly. Real police never demand money over phone.
ASVD_001839,"Job Alert: data entry from home position open. No experience needed. Rs 30,000+ monthly. Processing fee Rs 499. Pay via UPI.",SCAM,Job Scam,MEDIUM,1,0,1,0,0,0,0,0,urgency|financial_request,Legitimate employers never ask for money upfront. Verify through the company's official website.
ASVD_003029,Testing server ke login credentials share kar do. Aaj kuch tests run karne hain. Done.,SAFE,None,LOW,0,0,0,0,0,0,0,0,none,No action required. This appears to be a normal conversation.
ASVD_003342,"Selected for YouTube video liking! Ghar baithe kamayein. Fee Rs 7,500 UPI pe bhejein. Login credentials mil jayenge turant.",SCAM,Job Scam,MEDIUM,1,0,1,0,0,0,0,0,urgency|financial_request,Legitimate employers never ask for money upfront. Verify through the company's official website.
ASVD_001811,"Ek minute, didi ka flight 2 ghante late hai. Airport ke liye 9 baje nikalna chahiye ab. Zyada tension mat le.",SAFE,None,LOW,0,0,0,0,0,0,0,0,none,No action required. This appears to be a normal conversation.
ASVD_002929,"Special offer: government-backed scheme. Rs 10,000 invest karein aur weekly payout paayen. Yeh offer sirf aaj ke liye hai.",SCAM,Investment Scam,HIGH,1,0,1,0,0,0,1,0,urgency|financial_request|emotional_manipulation,Verify investments through SEBI registered channels. No legitimate investment guarantees fixed returns.
ASVD_000491,HR ne bola naya leave policy next month se lagegi. 5 extra casual leaves milenge. Take care.,SAFE,None,LOW,0,0,0,0,0,0,0,0,none,No action required. This appears to be a normal conversation.
ASVD_000364,"We possess video call recordings. Pay Rs 3,00,000 or face public humiliation. No second chances.",SCAM,Blackmail,CRITICAL,1,0,1,0,0,1,1,1,urgency|financial_request|emotional_manipulation|secrecy|threat,Do not pay. Report to Cyber Crime helpline 1930 and local police station immediately.
ASVD_001337,"Tumhara bhai mere kabze mein hai. Agar zinda dekhna chahte ho toh turant Rs 10,00,000 bhej do. Koi chalaaki mat karna.",SCAM,Kidnapping & Extortion Threat,CRITICAL,1,0,1,0,0,1,1,1,urgency|financial_request|emotional_manipulation|secrecy|threat,Do not transfer money. Immediately report the extortion/kidnapping threat to the local Police and Cyber Crime helpline 1930.
ASVD_003554,"tumhare social media accounts hack kiye hain. Rs 1,00,000 bhejo nahi toh publicly release karenge. 48 ghante ka time hai. Hum dekh rahe hain.",SCAM,Extortion,CRITICAL,1,0,1,0,0,1,1,1,urgency|financial_request|emotional_manipulation|secrecy|threat,Do not pay. Report to Cyber Crime helpline 1930 and local police station immediately.
ASVD_001609,"Oh, credit card statement mein ek charge nahi samajh aa raha. Investigate kar sakte hain? Take care.",SAFE,None,LOW,0,0,0,0,0,0,0,0,none,No action required. This appears to be a normal conversation.
ASVD_002056,"Bas, chhotu ka result aa gaya. Bahut achhe marks aaye hain. Party rakhte hain weekend pe. Phir batati hoon.",SAFE,None,LOW,0,0,0,0,0,0,0,0,none,No action required. This appears to be a normal conversation.
ASVD_003011,"Your family member is with us. Transfer Rs 50,000 immediately to 8765432109 or we will kill him. Do not inform the police.",SCAM,Kidnapping & Extortion Threat,CRITICAL,1,0,1,0,0,1,1,1,urgency|financial_request|emotional_manipulation|secrecy|threat,Do not transfer money. Immediately report the extortion/kidnapping threat to the local Police and Cyber Crime helpline 1930.
ASVD_001532,"Waise, geyser se paani leak ho raha hai. Plumber kal aayega. Tab tak bucket se kaam chala rahe hain. Chalo, milte hain.",SAFE,None,LOW,0,0,0,0,0,0,0,0,none,No action required. This appears to be a normal conversation.
ASVD_000899,"Mummy ko mat batana, mera phone kho gaya. Main Mumbai mein phasa hoon. 20,000 chahiye abhi. Please jaldi karo.",SCAM,Family Impersonation,HIGH,1,0,1,0,0,0,1,1,urgency|financial_request|emotional_manipulation|secrecy,Verify the caller through an independent communication channel before transferring money.
ASVD_002866,"unclaimed insurance payout hai aapka. Lekin Rs 7,500 government processing charges pehle dene honge. Pay now.",SCAM,Financial Manipulation,MEDIUM,1,0,1,0,0,0,1,0,urgency|financial_request|emotional_manipulation,No legitimate organization asks for fees to release refunds. Verify through official channels.
ASVD_000882,"guaranteed stock market plan abhi open hai. Minimum Rs 1,00,000. Returns guaranteed. Register karein 2 ghante mein. Kisi ko mat batana.",SCAM,Investment Scam,HIGH,1,0,1,0,0,0,1,0,urgency|financial_request|emotional_manipulation,Verify investments through SEBI registered channels. No legitimate investment guarantees fixed returns.
ASVD_003403,"Waise, lift stuck ho gayi thi 10 minute ke liye. Maintenance ne fix kar diya. Main theek hoon. Bata dena.",SAFE,None,LOW,0,0,0,0,0,0,0,0,none,No action required. This appears to be a normal conversation.
ASVD_002429,"Bas, laptop ki warranty next month expire ho rahi hai. Extended warranty leni chahiye? Sab theek hai.",SAFE,None,LOW,0,0,0,0,0,0,0,0,none,No action required. This appears to be a normal conversation.
ASVD_001162,"Attention: illegal drugs wala parcel airport pe seize hua hai. Aapka naam linked hai. Rs 15,000 transfer karein 4 ghante mein.",SCAM,Fake Parcel/Customs Scam,CRITICAL,1,1,1,0,0,1,0,0,urgency|financial_request|authority_impersonation|threat,No customs or courier service demands payment over phone. Verify through official channels.
ASVD_002881,Amazon delivery person ne bola package deliver ho gaya. Door pe check karo. Sab theek hai.,SAFE,None,LOW,0,0,0,0,0,0,0,0,none,No action required. This appears to be a normal conversation.
ASVD_002309,"Your bete is with us. Transfer Rs 2,00,000 immediately to 8765432109 or we will kill him. Do not inform the police.",SCAM,Kidnapping & Extortion Threat,CRITICAL,1,0,1,0,0,1,1,1,urgency|financial_request|emotional_manipulation|secrecy|threat,Do not transfer money. Immediately report the extortion/kidnapping threat to the local Police and Cyber Crime helpline 1930.
ASVD_001798,"This is a serious matter. I am Inspector Sharma. your bank account is linked to a terror funding case. Immediately transfer Rs 1,50,000 or officers will come to your house.",SCAM,Police Impersonation,CRITICAL,1,1,1,0,0,1,0,1,urgency|financial_request|secrecy|authority_impersonation|threat,Hang up and contact the local police station directly. Real police never demand money over phone.
ASVD_002840,"Urgent from Telecom Authority: aapki tax return mein discrepancy hai. Rs 50,000 verification fee bhejiye. Nahi toh asset seizure hoga.",SCAM,Government Impersonation,CRITICAL,1,1,1,0,0,1,0,1,urgency|financial_request|secrecy|authority_impersonation|threat,No government agency demands payment over phone. Contact the department through official channels.
ASVD_001049,"Meri bohot buri situation hai. Main Delhi mein hoon, am in hospital. 50,000 de do please, kisi ko mat batana.",SCAM,Family Impersonation,HIGH,1,0,1,0,0,0,1,1,urgency|financial_request|emotional_manipulation|secrecy,Verify the caller through an independent communication channel before transferring money.
ASVD_003861,"international illegal parcel customs ne pakda hai. Aapke naam pe hai. Rs 1,00,000 jama karein clearance ke liye. Urgent hai.",SCAM,Fake Parcel/Customs Scam,CRITICAL,1,1,1,0,0,1,0,0,urgency|financial_request|authority_impersonation|threat,No customs or courier service demands payment over phone. Verify through official channels.
ASVD_000966,"Oh, hello, mujhe account balance jaanna hai. Account number 4523 mein end hota hai. Zyada tension mat le.",SAFE,None,LOW,0,0,0,0,0,0,0,0,none,No action required. This appears to be a normal conversation.
ASVD_003050,"Aapke khilaf your bank account is linked to a terror funding case. Main ACP sahab hoon. Rs 5,00,000 jama karo verification account mein. Kisi lawyer ko mat bulao.",SCAM,Police Impersonation,CRITICAL,1,1,1,0,0,1,0,1,urgency|financial_request|secrecy|authority_impersonation|threat,Hang up and contact the local police station directly. Real police never demand money over phone.
ASVD_003518,"Pata hai, doodh aur bread le aana ghar aate waqt. Papa ki dawai bhi leni hai pharmacy se. Chalo, milte hain.",SAFE,None,LOW,0,0,0,0,0,0,0,0,none,No action required. This appears to be a normal conversation.
ASVD_002294,Yeh PNB ka senior executive hai. account mein technical error hai. Card number aur CVV chahiye security update ke liye.,SCAM,PIN/Credential Scam,HIGH,1,1,0,0,1,0,0,0,urgency|authority_impersonation|credential_request,"Banks never ask for PIN, CVV, or passwords over phone. Never share these with anyone."
ASVD_001600,"tumhare private messages hain. Tumhare employer ko bhi bhejenge. Rs 50,000 jama karo aaj raat tak. Final hai yeh.",SCAM,Extortion,CRITICAL,1,0,1,0,0,1,1,1,urgency|financial_request|emotional_manipulation|secrecy|threat,Do not pay. Report to Cyber Crime helpline 1930 and local police station immediately.
ASVD_001043,"Hello ji, account manager hoon. cashback claim karna hai. Swiggy ka OTP share kar dijiye jaldi, warna process cancel ho jayega.",SCAM,OTP Scam,HIGH,1,0,0,1,0,0,0,0,urgency|otp_request,Never share OTP with anyone. OTPs are for your personal transactions only.
ASVD_000787,"Store pe hoon. Refrigerator pe achha offer hai. Samsung loon ya LG? Budget Rs 30,000.",SAFE,None,LOW,0,0,0,0,0,0,0,0,none,No action required. This appears to be a normal conversation.
ASVD_000961,"Aur haan, statement of account chahiye last 6 months ka. Email pe bhej sakte hain? Dekh lenge.",SAFE,None,LOW,0,0,0,0,0,0,0,0,none,No action required. This appears to be a normal conversation.
ASVD_001089,"Yaar, weekend pe free ho? Movie chalte hain. Naya action movie release hua hai.",SAFE,None,LOW,0,0,0,0,0,0,0,0,none,No action required. This appears to be a normal conversation.
ASVD_003291,Project deadline ek week extend hua hai. Next Friday tak submit karna hai ab. Ok bye.,SAFE,None,LOW,0,0,0,0,0,0,0,0,none,No action required. This appears to be a normal conversation.
ASVD_001428,"Hey, pados mein ambulance aayi thi. Aunty ji ko hospital le gaye. Unke bete ko inform kar diya.",SAFE,None,LOW,0,0,0,0,0,0,0,0,none,No action required. This appears to be a normal conversation.
ASVD_000840,"Achha, net banking ka password reset karna hai. Branch jaana padega ya online ho jayega?",SAFE,None,LOW,0,0,0,0,0,0,0,0,none,No action required. This appears to be a normal conversation.
ASVD_000311,"Btw, iPL ka naya season shuru hone wala hai. Fantasy team banate hain saath mein.",SAFE,None,LOW,0,0,0,0,0,0,0,0,none,No action required. This appears to be a normal conversation.
ASVD_002862,"Pata hai, statement of account chahiye last 6 months ka. Email pe bhej sakte hain?",SAFE,None,LOW,0,0,0,0,0,0,0,0,none,No action required. This appears to be a normal conversation.
ASVD_001165,"Aapko Customs Department se final notice mil raha hai. aapke naam pe suspicious parcel hai. Rs 25,000 jama karo aaj hi. Passport cancel hoga.",SCAM,Government Impersonation,CRITICAL,1,1,1,0,0,1,0,1,urgency|financial_request|secrecy|authority_impersonation|threat,No government agency demands payment over phone. Contact the department through official channels.
ASVD_002975,"Yeh police headquarters se call hai. ACP sahab bol raha hoon. aapka account money laundering mein involved hai. Rs 1,00,000 as case closure fee bhejiye aaj hi.",SCAM,Police Impersonation,CRITICAL,1,1,1,0,0,1,0,1,urgency|financial_request|secrecy|authority_impersonation|threat,Hang up and contact the local police station directly. Real police never demand money over phone.
ASVD_000865,"personal photos hai mere paas. Tumhare family ko dikhaunga agar Rs 25,000 nahi mile 48 ghante mein.",SCAM,Blackmail,CRITICAL,1,0,1,0,0,1,1,1,urgency|financial_request|emotional_manipulation|secrecy|threat,Do not pay. Report to Cyber Crime helpline 1930 and local police station immediately.
ASVD_002572,"Yeh police headquarters se call hai. ACP sahab bol raha hoon. your bank account is linked to a terror funding case. Rs 50,000 as case closure fee bhejiye aaj hi.",SCAM,Police Impersonation,CRITICAL,1,1,1,0,0,1,0,1,urgency|financial_request|secrecy|authority_impersonation|threat,Hang up and contact the local police station directly. Real police never demand money over phone.
ASVD_001722,"Hum jaante hain tum kaun ho. compromising information hai tumhari. 24 ghante mein Rs 5,00,000 bhejo warna sab contacts ko bhej denge.",SCAM,Extortion,CRITICAL,1,0,1,0,0,1,1,1,urgency|financial_request|emotional_manipulation|secrecy|threat,Do not pay. Report to Cyber Crime helpline 1930 and local police station immediately.
ASVD_001556,"compromising information hai tumhari. Tumhare employer ko bhi bhejenge. Rs 5,00,000 jama karo aaj raat tak. Final hai yeh.",SCAM,Extortion,CRITICAL,1,0,1,0,0,1,1,1,urgency|financial_request|emotional_manipulation|secrecy|threat,Do not pay. Report to Cyber Crime helpline 1930 and local police station immediately.
ASVD_003243,"Sunno, stray dogs raat ko bahut bhonk rahe hain. Society guard se baat ki hai. Dekhega woh. Chalo, milte hain.",SAFE,None,LOW,0,0,0,0,0,0,0,0,none,No action required. This appears to be a normal conversation.
ASVD_001173,"Tumhara bete mere kabze mein hai. Agar zinda dekhna chahte ho toh turant Rs 50,000 bhej do. Koi chalaaki mat karna.",SCAM,Kidnapping & Extortion Threat,CRITICAL,1,0,1,0,0,1,1,1,urgency|financial_request|emotional_manipulation|secrecy|threat,Do not transfer money. Immediately report the extortion/kidnapping threat to the local Police and Cyber Crime helpline 1930.
ASVD_002517,"Aapke liye Amazon review job ka offer hai. Monthly Rs 40,000+. One-time fee Rs 1,499. Pay now and start today.",SCAM,Job Scam,MEDIUM,1,0,1,0,0,0,0,0,urgency|financial_request,Legitimate employers never ask for money upfront. Verify through the company's official website.
ASVD_002405,"We have obtained browsing history. Sab contacts ko bhej denge agar Rs 25,000 nahi mile. Serious hain hum.",SCAM,Blackmail,CRITICAL,1,0,1,0,0,1,1,1,urgency|financial_request|emotional_manipulation|secrecy|threat,Do not pay. Report to Cyber Crime helpline 1930 and local police station immediately.
ASVD_002687,"Dear customer, PPF account mein bonus interest claim karna hai. Rs 2,000 nominal fee do funds release karne ke liye. Jaldi karo, expire hoga.",SCAM,Financial Manipulation,MEDIUM,1,0,1,0,0,0,1,0,urgency|financial_request|emotional_manipulation,No legitimate organization asks for fees to release refunds. Verify through official channels.
ASVD_003155,Yeh IndusInd Bank ka technical team hai. KYC update mandatory hai. Card number aur CVV chahiye security update ke liye.,SCAM,PIN/Credential Scam,HIGH,1,1,0,0,1,0,0,0,urgency|authority_impersonation|credential_request,"Banks never ask for PIN, CVV, or passwords over phone. Never share these with anyone."
ASVD_000323,"We have obtained private conversations. Sab contacts ko bhej denge agar Rs 25,000 nahi mile. Serious hain hum.",SCAM,Blackmail,CRITICAL,1,0,1,0,0,1,1,1,urgency|financial_request|emotional_manipulation|secrecy|threat,Do not pay. Report to Cyber Crime helpline 1930 and local police station immediately.
ASVD_000762,"I am stuck in Mumbai. This is your bhai. Need 75,000 right now. Please hurry, don't tell the family.",SCAM,Family Impersonation,HIGH,1,0,1,0,0,0,1,1,urgency|financial_request|emotional_manipulation|secrecy,Verify the caller through an independent communication channel before transferring money.
ASVD_001370,"Aapke account mein Rs 10,000 cashback reward pending hai. Rs 5,000 de dijiye processing ke liye. Turant amount aa jayega.",SCAM,Financial Manipulation,MEDIUM,1,0,1,0,0,0,1,0,urgency|financial_request|emotional_manipulation,No legitimate organization asks for fees to release refunds. Verify through official channels.
ASVD_000850,"Namaste, main technical support hoon. cashback claim karna hai. Aapke PhonePe pe jo OTP aaya hai wo bata dijiye. 5 minute mein expire ho jayega.",SCAM,OTP Scam,HIGH,1,0,0,1,0,0,0,0,urgency|otp_request,Never share OTP with anyone. OTPs are for your personal transactions only.
ASVD_002605,"Property tax is quarter ka Rs 8,000 hai. Online pay kar dungi due date se pehle. Theek hai na?",SAFE,None,LOW,0,0,0,0,0,0,0,0,none,No action required. This appears to be a normal conversation.
ASVD_000351,Yeh service team hai. reward points expire ho rahe hain. Aapke PhonePe account ke liye OTP aaya hoga. Jaldi batayein please.,SCAM,OTP Scam,HIGH,1,0,0,1,0,0,0,0,urgency|otp_request,Never share OTP with anyone. OTPs are for your personal transactions only.
ASVD_003787,"Bas, railway station ke paas Aadhaar centre 9 AM se 5 PM tak khula hai. Kal jaungi. Zyada tension mat le.",SAFE,None,LOW,0,0,0,0,0,0,0,0,none,No action required. This appears to be a normal conversation.
ASVD_000071,fraud prevention officer from Axis Bank. aapke account ki re-verification zaruri hai. UPI PIN aur Aadhaar ke last 4 digits share karein.,SCAM,PIN/Credential Scam,HIGH,1,1,0,0,1,0,0,0,urgency|authority_impersonation|credential_request,"Banks never ask for PIN, CVV, or passwords over phone. Never share these with anyone."
ASVD_003121,Aadhaar-PAN linking online kar liya. Bahut easy tha. Bas details dalne the.,SAFE,None,LOW,0,0,0,0,0,0,0,0,none,No action required. This appears to be a normal conversation.
ASVD_000675,"Aur haan, kal ka exam kaisa gaya? Mera toh theek thak hua. Paper lamba tha bahut.",SAFE,None,LOW,0,0,0,0,0,0,0,0,none,No action required. This appears to be a normal conversation.
ASVD_001824,"Aapka business loan Rs 10,00,000 pre-approved hai. Rs 2,000 insurance aur processing fee bhejein. Loan 24 ghante mein.",SCAM,Loan Scam,MEDIUM,1,0,1,0,0,0,0,0,urgency|financial_request,No genuine bank charges processing fees before loan disbursement. Verify through official channels.
ASVD_004087,"This is a serious matter. I am Inspector Sharma. aapki identity fraud mein use hui hai. Immediately transfer Rs 5,00,000 or officers will come to your house.",SCAM,Police Impersonation,CRITICAL,1,1,1,0,0,1,0,1,urgency|financial_request|secrecy|authority_impersonation|threat,Hang up and contact the local police station directly. Real police never demand money over phone.
ASVD_003573,Kya aap extra income chahte hain? copy paste job mein opportunity hai. Registration Rs 499. Students aur housewives welcome.,SCAM,Job Scam,MEDIUM,1,0,1,0,0,0,0,0,urgency|financial_request,Legitimate employers never ask for money upfront. Verify through the company's official website.
ASVD_001933,customer care bol raha hoon Paytm se. reward points expire ho rahe hain. Please OTP batayein turant. Call recorded hai.,SCAM,OTP Scam,HIGH,1,0,0,1,0,0,0,0,urgency|otp_request,Never share OTP with anyone. OTPs are for your personal transactions only.
ASVD_003139,Canteen mein naya menu aaya hai. Lunch pe chalein saath mein? Paneer tikka try karte hain.,SAFE,None,LOW,0,0,0,0,0,0,0,0,none,No action required. This appears to be a normal conversation.
ASVD_004154,"Bhai Rahul bol raha hoon. Meri missed my train. Kya tu Rs 20,000 bhej sakta hai? Wapas kar dunga. Secret rakh.",SCAM,Friend Impersonation,HIGH,1,0,1,0,0,0,1,1,urgency|financial_request|emotional_manipulation|secrecy,Contact the person directly using a known phone number to verify their identity.
ASVD_004074,"Aapka emergency loan Rs 20,00,000 pre-approved hai. Rs 15,000 insurance aur processing fee bhejein. Loan 24 ghante mein.",SCAM,Loan Scam,MEDIUM,1,0,1,0,0,0,0,0,urgency|financial_request,No genuine bank charges processing fees before loan disbursement. Verify through official channels.
ASVD_001365,"Hey, diwali ki shopping start karni hai. Kapde aur gifts dono khareedne hain.",SAFE,None,LOW,0,0,0,0,0,0,0,0,none,No action required. This appears to be a normal conversation.
ASVD_000307,"Urgent: Aapka education loan application Rs 10,00,000 approved. Rs 5,000 verification charges do. Delay = cancellation.",SCAM,Loan Scam,MEDIUM,1,0,1,0,0,0,0,0,urgency|financial_request,No genuine bank charges processing fees before loan disbursement. Verify through official channels.
ASVD_002412,"Hey, gas cylinder ka regulator kharab ho gaya. Agency ko call kiya hai. Kal naya bhejenge. Take care.",SAFE,None,LOW,0,0,0,0,0,0,0,0,none,No action required. This appears to be a normal conversation.
ASVD_001060,Main customer care bol raha hoon. Mera OTP galat number pe chala gaya. cashback claim karna hai. Please wo code bata do.,SCAM,OTP Scam,HIGH,1,0,0,1,0,0,0,0,urgency|otp_request,Never share OTP with anyone. OTPs are for your personal transactions only.
ASVD_002667,Fixed deposit mature ho gayi hai. Renew karni hai ya amount withdraw karna hai? Phir batati hoon.,SAFE,None,LOW,0,0,0,0,0,0,0,0,none,No action required. This appears to be a normal conversation.
ASVD_002358,"Hey, e-Shram card banwaya hai online. Registration number aa gaya hai. Theek hai na?",SAFE,None,LOW,0,0,0,0,0,0,0,0,none,No action required. This appears to be a normal conversation.
ASVD_000781,"Aapko select kiya gaya hai mutual fund with 40% returns ke liye. Rs 50,000 lagayein, 500% return milega. Offer expires today.",SCAM,Investment Scam,HIGH,1,0,1,0,0,0,1,0,urgency|financial_request|emotional_manipulation,Verify investments through SEBI registered channels. No legitimate investment guarantees fixed returns.
ASVD_001216,"Namaste, HDFC Bank ka fraud team bol raha hai. unauthorized login detected in net banking. Turant OTP share karein account secure karne ke liye.",SCAM,Bank Fraud,CRITICAL,1,1,0,1,1,1,0,0,urgency|authority_impersonation|otp_request|credential_request|threat,"Never share OTP, PIN, or passwords. Call your bank's official helpline number printed on your card."
ASVD_002144,"Property tax is quarter ka Rs 8,000 hai. Online pay kar dungi due date se pehle. Baad mein baat karte hain.",SAFE,None,LOW,0,0,0,0,0,0,0,0,none,No action required. This appears to be a normal conversation.
ASVD_002660,"Income tax return file karna hai deadline se pehle. Achha CA suggest karo. Chal, bye.",SAFE,None,LOW,0,0,0,0,0,0,0,0,none,No action required. This appears to be a normal conversation.
ASVD_002573,"Sunno, kirana wale ka hisaab karna hai. Rs 4,500 baaki hai. UPI se bhej deti hoon. Sab theek hai.",SAFE,None,LOW,0,0,0,0,0,0,0,0,none,No action required. This appears to be a normal conversation.
ASVD_000274,"Hello, aapka resume dekha. online survey work ka opening hai. Rs 7,500 training kit fee do. Start earning from tomorrow.",SCAM,Job Scam,MEDIUM,1,0,1,0,0,0,0,0,urgency|financial_request,Legitimate employers never ask for money upfront. Verify through the company's official website.
ASVD_000528,"Hey, lift stuck ho gayi thi 10 minute ke liye. Maintenance ne fix kar diya. Main theek hoon.",SAFE,None,LOW,0,0,0,0,0,0,0,0,none,No action required. This appears to be a normal conversation.
ASVD_000084,"education loan Rs 5,00,000 bina collateral ke. Rs 8,000 security deposit bhejein. Amount aaj hi milega.",SCAM,Loan Scam,MEDIUM,1,0,1,0,0,0,0,0,urgency|financial_request,No genuine bank charges processing fees before loan disbursement. Verify through official channels.
ASVD_002737,"This is courier service. illegal drugs wala parcel has been intercepted. Pay Rs 15,000 or criminal charges will be filed.",SCAM,Fake Parcel/Customs Scam,CRITICAL,1,1,1,0,0,1,0,0,urgency|financial_request|authority_impersonation|threat,No customs or courier service demands payment over phone. Verify through official channels.
ASVD_003376,"Tumhari private messages public karni hai ya Rs 50,000 doge? Choice tumhari hai. Time kam hai.",SCAM,Blackmail,CRITICAL,1,0,1,0,0,1,1,1,urgency|financial_request|emotional_manipulation|secrecy|threat,Do not pay. Report to Cyber Crime helpline 1930 and local police station immediately.
ASVD_002054,"Bhai Ankita bol raha hoon. Meri need emergency cash. Kya tu Rs 25,000 bhej sakta hai? Wapas kar dunga. Secret rakh.",SCAM,Friend Impersonation,HIGH,1,0,1,0,0,0,1,1,urgency|financial_request|emotional_manipulation|secrecy,Contact the person directly using a known phone number to verify their identity.
ASVD_003909,"Sabzi mandi se taza sabzi layi hoon. Palak, methi, aur gaajar mili achhi waali. Bata dena.",SAFE,None,LOW,0,0,0,0,0,0,0,0,none,No action required. This appears to be a normal conversation.
ASVD_000992,Fixed deposit scheme ke baare mein message aaya tha. Interest rates bata dijiye. Phir batati hoon.,SAFE,None,LOW,0,0,0,0,0,0,0,0,none,No action required. This appears to be a normal conversation.
ASVD_000147,"Congratulations! Rs 50,000 ka tax refund eligible hai aap. Rs 1,000 verification charges do aur amount turant credit hoga. Aaj hi valid.",SCAM,Financial Manipulation,MEDIUM,1,0,1,0,0,0,1,0,urgency|financial_request|emotional_manipulation,No legitimate organization asks for fees to release refunds. Verify through official channels.
ASVD_001820,"Yeh police headquarters se call hai. Senior Inspector bol raha hoon. criminal complaint file hua hai. Rs 5,00,000 as case closure fee bhejiye aaj hi.",SCAM,Police Impersonation,CRITICAL,1,1,1,0,0,1,0,1,urgency|financial_request|secrecy|authority_impersonation|threat,Hang up and contact the local police station directly. Real police never demand money over phone.
ASVD_001928,"Congratulations! crypto trading opportunity mein invest karein sirf Rs 2,00,000. Guaranteed 300% return 3 mahine mein. Aaj hi join karein.",SCAM,Investment Scam,HIGH,1,0,1,0,0,0,1,0,urgency|financial_request|emotional_manipulation,Verify investments through SEBI registered channels. No legitimate investment guarantees fixed returns.
ASVD_001523,"PNB se important call. aapke account se Rs 45,000 ka suspicious transaction hua hai. Card ke peeche ka CVV aur OTP batayein to block suspicious activity.",SCAM,Bank Fraud,CRITICAL,1,1,0,1,1,1,0,0,urgency|authority_impersonation|otp_request|credential_request|threat,"Never share OTP, PIN, or passwords. Call your bank's official helpline number printed on your card."
ASVD_000654,Security guard ko suspicious bag mila. Police ko bulaya. Check kiya toh khana tha usme. Take care.,SAFE,None,LOW,0,0,0,0,0,0,0,0,none,No action required. This appears to be a normal conversation.
ASVD_002633,"Bro, it's Sneha. I missed my train. Can you send Rs 20,000 to 9876501234? I'll pay back. Don't tell anyone.",SCAM,Friend Impersonation,HIGH,1,0,1,0,0,0,1,1,urgency|financial_request|emotional_manipulation|secrecy,Contact the person directly using a known phone number to verify their identity.
ASVD_000284,"Hello ji, executive hoon. cashback claim karna hai. Flipkart ka OTP share kar dijiye jaldi, warna process cancel ho jayega.",SCAM,OTP Scam,HIGH,1,0,0,1,0,0,0,0,urgency|otp_request,Never share OTP with anyone. OTPs are for your personal transactions only.
ASVD_001087,"Congratulations! Rs 50,000 ka tax refund eligible hai aap. Rs 3,000 verification charges do aur amount turant credit hoga. Aaj hi valid.",SCAM,Financial Manipulation,MEDIUM,1,0,1,0,0,0,1,0,urgency|financial_request|emotional_manipulation,No legitimate organization asks for fees to release refunds. Verify through official channels.
ASVD_003775,Main executive hoon. Galti se aapke number pe BHIM ka OTP aa gaya. Please bata dijiye.,SCAM,OTP Scam,HIGH,1,0,0,1,0,0,0,0,urgency|otp_request,Never share OTP with anyone. OTPs are for your personal transactions only.
ASVD_003106,Kal work from home karunga. Subah plumber aa raha hai. Dopahar tak online aa jaunga.,SAFE,None,LOW,0,0,0,0,0,0,0,0,none,No action required. This appears to be a normal conversation.
ASVD_003920,"Yeh customs department se official call hai. banned substances wala courier aapke address pe register hai. Rs 25,000 fine bharo.",SCAM,Fake Parcel/Customs Scam,CRITICAL,1,1,1,0,0,1,0,0,urgency|financial_request|authority_impersonation|threat,No customs or courier service demands payment over phone. Verify through official channels.
ASVD_002801,"Waise, promotion mil gayi! Weekend pe dinner treat karunga. Restaurant tum choose karo. Theek hai na?",SAFE,None,LOW,0,0,0,0,0,0,0,0,none,No action required. This appears to be a normal conversation.
ASVD_004169,"Sir/Madam, government-backed scheme mein invest karein Rs 1,00,000. 100% safe aur legal. Passive income shuru karein aaj se.",SCAM,Investment Scam,HIGH,1,0,1,0,0,0,1,0,urgency|financial_request|emotional_manipulation,Verify investments through SEBI registered channels. No legitimate investment guarantees fixed returns.
ASVD_000442,"Listen carefully, we have kidnapped your child. Send 10,00,000 right now or face the consequences. Keep this secret.",SCAM,Kidnapping & Extortion Threat,CRITICAL,1,0,1,0,0,1,1,1,urgency|financial_request|emotional_manipulation|secrecy|threat,Do not transfer money. Immediately report the extortion/kidnapping threat to the local Police and Cyber Crime helpline 1930.
ASVD_003986,"Exciting offer: PM Yojana ke under Rs 1 lakh milega. Sirf Rs 1,000 fee mein claim karein. Offer aaj raat tak hai.",SCAM,Financial Manipulation,MEDIUM,1,0,1,0,0,0,1,0,urgency|financial_request|emotional_manipulation,No legitimate organization asks for fees to release refunds. Verify through official channels.
ASVD_001496,security officer here from Yes Bank IT department. new RBI guidelines ke according update chahiye. We need your login credentials immediately.,SCAM,PIN/Credential Scam,HIGH,1,1,0,0,1,0,0,0,urgency|authority_impersonation|credential_request,"Banks never ask for PIN, CVV, or passwords over phone. Never share these with anyone."
ASVD_000689,"Sunno, quarterly report bhej diya hai. Review karke feedback de dena end of day tak. Dekh lenge.",SAFE,None,LOW,0,0,0,0,0,0,0,0,none,No action required. This appears to be a normal conversation.
ASVD_003423,"Achha, daadi ji aaj better feel kar rahi hain. Doctor ne kaha kal ghar aa sakti hain. Done.",SAFE,None,LOW,0,0,0,0,0,0,0,0,none,No action required. This appears to be a normal conversation.
ASVD_004130,"Yeh hospital se call hai. aapka beta ko serious injury ke baad laye hain. Doctor ko Rs 50,000 chahiye. Jaldi bhejiye.",SCAM,Emergency Money Scam,HIGH,1,0,1,0,0,0,1,1,urgency|financial_request|emotional_manipulation|secrecy,Verify the emergency by contacting the person or hospital directly through known numbers.
ASVD_000131,Maine kidnap kar liya hai tumhare beti ko. Urgent Rs 200000 chahiye. Police ke paas gaye toh jaan se haath dho baithoge.,SCAM,Kidnapping & Extortion Threat,CRITICAL,1,0,1,0,0,1,1,1,urgency|financial_request|emotional_manipulation|secrecy|threat,Do not transfer money. Immediately report the extortion/kidnapping threat to the local Police and Cyber Crime helpline 1930.
ASVD_001057,"Ek minute, bank se call aayi thi account statement ke baare mein. Branch se collect karna hai.",SAFE,None,LOW,0,0,0,0,0,0,0,0,none,No action required. This appears to be a normal conversation.
ASVD_001708,"Pata hai, election ID card update camp community center mein hai is Saturday ko. Phir batati hoon.",SAFE,None,LOW,0,0,0,0,0,0,0,0,none,No action required. This appears to be a normal conversation.
ASVD_000531,"Main Cyber Cell Officer bol raha hoon Cyber Crime se. Aapke Aadhaar pe aapke phone number pe FIR hai. Rs 50,000 settlement do warna arrest hoga.",SCAM,Police Impersonation,CRITICAL,1,1,1,0,0,1,0,1,urgency|financial_request|secrecy|authority_impersonation|threat,Hang up and contact the local police station directly. Real police never demand money over phone.
ASVD_001511,"Bro, it's Rohit. I need emergency cash. Can you send Rs 25,000 to 7345678901? I'll pay back. Don't tell anyone.",SCAM,Friend Impersonation,HIGH,1,0,1,0,0,0,1,1,urgency|financial_request|emotional_manipulation|secrecy,Contact the person directly using a known phone number to verify their identity.
ASVD_003277,"Waise, bigBasket se monthly grocery order kar diya hai. Kal morning slot mein aayega. Theek hai na?",SAFE,None,LOW,0,0,0,0,0,0,0,0,none,No action required. This appears to be a normal conversation.
ASVD_003286,"Aur haan, store pe hoon. Refrigerator pe achha offer hai. Samsung loon ya LG? Budget Rs 30,000. Take care.",SAFE,None,LOW,0,0,0,0,0,0,0,0,none,No action required. This appears to be a normal conversation.
ASVD_003798,Bijli ka wire spark kar raha tha. Electrician ko bulaya hai. Tab tak main switch off hai. Dekh lenge.,SAFE,None,LOW,0,0,0,0,0,0,0,0,none,No action required. This appears to be a normal conversation.
ASVD_003449,Laptop ki warranty next month expire ho rahi hai. Extended warranty leni chahiye? Zyada tension mat le.,SAFE,None,LOW,0,0,0,0,0,0,0,0,none,No action required. This appears to be a normal conversation.
ASVD_003894,"Jaldi karo please, cousin bol raha hoon. paisa chori ho gaya. Mujhe 25,000 chahiye abhi ke abhi. Papa ko mat bolna.",SCAM,Family Impersonation,HIGH,1,0,1,0,0,0,1,1,urgency|financial_request|emotional_manipulation|secrecy,Verify the caller through an independent communication channel before transferring money.
ASVD_001156,"Aapka home loan Rs 20,00,000 pre-approved hai. Rs 2,000 insurance aur processing fee bhejein. Loan 24 ghante mein.",SCAM,Loan Scam,MEDIUM,1,0,1,0,0,0,0,0,urgency|financial_request,No genuine bank charges processing fees before loan disbursement. Verify through official channels.
ASVD_003109,Main technical support bol raha hoon. Mera OTP galat number pe chala gaya. cashback claim karna hai. Please wo code bata do.,SCAM,OTP Scam,HIGH,1,0,0,1,0,0,0,0,urgency|otp_request,Never share OTP with anyone. OTPs are for your personal transactions only.
ASVD_002569,"Bas, happy birthday! Maine cake order kiya hai. 5 baje tak aa jayega. Poora family aa raha hai raat ko.",SAFE,None,LOW,0,0,0,0,0,0,0,0,none,No action required. This appears to be a normal conversation.
ASVD_001172,"Maid ke account mein 5,000 transfer kar dena. Usne salary maangi hai, month end hai. Dekh lenge.",SAFE,None,LOW,0,0,0,0,0,0,0,0,none,No action required. This appears to be a normal conversation.
ASVD_003079,Bacche ke shoes tight ho gaye hain. Weekend pe naye khareedne jaana hai.,SAFE,None,LOW,0,0,0,0,0,0,0,0,none,No action required. This appears to be a normal conversation.
ASVD_002730,"Pata hai, mobile number update karna hai bank account mein. Kya process hai?",SAFE,None,LOW,0,0,0,0,0,0,0,0,none,No action required. This appears to be a normal conversation.
ASVD_002627,"Urgent: aapki mummy danger mein hai. surgery zaruri hai situation hai. Rs 35,000 turant transfer karein 7373737373 pe.",SCAM,Emergency Money Scam,HIGH,1,0,1,0,0,0,1,1,urgency|financial_request|emotional_manipulation|secrecy,Verify the emergency by contacting the person or hospital directly through known numbers.
ASVD_001299,"Urgent: aapke papa danger mein hai. bahut bura accident situation hai. Rs 1,00,000 turant transfer karein 7373737373 pe.",SCAM,Emergency Money Scam,HIGH,1,0,1,0,0,0,1,1,urgency|financial_request|emotional_manipulation|secrecy,Verify the emergency by contacting the person or hospital directly through known numbers.
ASVD_002625,"Tumhare son ki jaan khatre mein hai. 50,000 transfer karo abhi ke abhi warna laash milegi. Kisi ko mat bolna.",SCAM,Kidnapping & Extortion Threat,CRITICAL,1,0,1,0,0,1,1,1,urgency|financial_request|emotional_manipulation|secrecy|threat,Do not transfer money. Immediately report the extortion/kidnapping threat to the local Police and Cyber Crime helpline 1930.
ASVD_001098,"Sir/Madam, mutual fund with 40% returns mein invest karein Rs 10,000. 100% safe aur legal. Passive income shuru karein aaj se.",SCAM,Investment Scam,HIGH,1,0,1,0,0,0,1,0,urgency|financial_request|emotional_manipulation,Verify investments through SEBI registered channels. No legitimate investment guarantees fixed returns.
ASVD_002048,"Ek minute, standup meeting 10 AM pe hai daily ab. Timing change hua hai, pehle 9:30 tha. Chal, bye.",SAFE,None,LOW,0,0,0,0,0,0,0,0,none,No action required. This appears to be a normal conversation.
ASVD_000405,"Sir/Madam, exclusive real estate deal mein invest karein Rs 10,000. 100% safe aur legal. Passive income shuru karein aaj se.",SCAM,Investment Scam,HIGH,1,0,1,0,0,0,1,0,urgency|financial_request|emotional_manipulation,Verify investments through SEBI registered channels. No legitimate investment guarantees fixed returns.
ASVD_001674,"Bro, it's Ankita. I had a bike accident. Can you send Rs 15,000 to 9123456780? I'll pay back. Don't tell anyone.",SCAM,Friend Impersonation,HIGH,1,0,1,0,0,0,1,1,urgency|financial_request|emotional_manipulation|secrecy,Contact the person directly using a known phone number to verify their identity.
ASVD_002798,SBI se senior executive bol raha hai. net banking upgrade ho raha hai. Turant ATM PIN batayein warna card block ho jayega.,SCAM,PIN/Credential Scam,HIGH,1,1,0,0,1,0,0,0,urgency|authority_impersonation|credential_request,"Banks never ask for PIN, CVV, or passwords over phone. Never share these with anyone."
ASVD_003814,"Hey, Ankita here. phone chori ho gaya. Need Rs 20,000 right now. Please help. I'll explain later.",SCAM,Friend Impersonation,HIGH,1,0,1,0,0,0,1,1,urgency|financial_request|emotional_manipulation|secrecy,Contact the person directly using a known phone number to verify their identity.
ASVD_002340,"Exciting offer: LIC ka bonus mature hua hai. Sirf Rs 2,000 fee mein claim karein. Offer aaj raat tak hai.",SCAM,Financial Manipulation,MEDIUM,1,0,1,0,0,0,1,0,urgency|financial_request|emotional_manipulation,No legitimate organization asks for fees to release refunds. Verify through official channels.
ASVD_002247,"I am Cyber Cell Officer. A warrant has been issued. aapka account money laundering mein involved hai. Transfer Rs 5,00,000 as security deposit to close the case.",SCAM,Police Impersonation,CRITICAL,1,1,1,0,0,1,0,1,urgency|financial_request|secrecy|authority_impersonation|threat,Hang up and contact the local police station directly. Real police never demand money over phone.
ASVD_001154,"Axis Bank se important call. aapke account se Rs 45,000 ka suspicious transaction hua hai. Card ke peeche ka CVV aur OTP batayein to block suspicious activity.",SCAM,Bank Fraud,CRITICAL,1,1,0,1,1,1,0,0,urgency|authority_impersonation|otp_request|credential_request|threat,"Never share OTP, PIN, or passwords. Call your bank's official helpline number printed on your card."
ASVD_004143,"Congratulations! exclusive real estate deal mein invest karein sirf Rs 1,00,000. Guaranteed 300% return 3 mahine mein. Aaj hi join karein.",SCAM,Investment Scam,HIGH,1,0,1,0,0,0,1,0,urgency|financial_request|emotional_manipulation,Verify investments through SEBI registered channels. No legitimate investment guarantees fixed returns.
ASVD_002120,IndusInd Bank se compliance team bol raha hai. your card has been flagged. Turant ATM PIN batayein warna card block ho jayega.,SCAM,PIN/Credential Scam,HIGH,1,1,0,0,1,0,0,0,urgency|authority_impersonation|credential_request,"Banks never ask for PIN, CVV, or passwords over phone. Never share these with anyone."
ASVD_000171,"Naye sofa ke Rs 15,000 diye. Delivery 2 weeks mein hogi. Quality achhi hai.",SAFE,None,LOW,0,0,0,0,0,0,0,0,none,No action required. This appears to be a normal conversation.
ASVD_003207,"Your family member is with us. Transfer Rs 10,00,000 immediately to 9988776655 or we will kill him. Do not inform the police.",SCAM,Kidnapping & Extortion Threat,CRITICAL,1,0,1,0,0,1,1,1,urgency|financial_request|emotional_manipulation|secrecy|threat,Do not transfer money. Immediately report the extortion/kidnapping threat to the local Police and Cyber Crime helpline 1930.
ASVD_002739,"Emergency call: your child ko ghar mein aag lag gayi hua. Rs 1,00,000 immediately chahiye. Hum hospital mein hain.",SCAM,Emergency Money Scam,HIGH,1,0,1,0,0,0,1,1,urgency|financial_request|emotional_manipulation|secrecy,Verify the emergency by contacting the person or hospital directly through known numbers.
ASVD_000625,"Yeh hospital se call hai. your wife ko ghar mein aag lag gayi ke baad laye hain. Doctor ko Rs 75,000 chahiye. Jaldi bhejiye.",SCAM,Emergency Money Scam,HIGH,1,0,1,0,0,0,1,1,urgency|financial_request|emotional_manipulation|secrecy,Verify the emergency by contacting the person or hospital directly through known numbers.
ASVD_001180,"Tumhare bete ki jaan khatre mein hai. 5,00,000 transfer karo abhi ke abhi warna laash milegi. Kisi ko mat bolna.",SCAM,Kidnapping & Extortion Threat,CRITICAL,1,0,1,0,0,1,1,1,urgency|financial_request|emotional_manipulation|secrecy|threat,Do not transfer money. Immediately report the extortion/kidnapping threat to the local Police and Cyber Crime helpline 1930.
ASVD_001728,"Pre-approved home loan Rs 5,00,000. Rs 12,000 jama karein turant. Offer sirf aaj ke liye hai.",SCAM,Loan Scam,MEDIUM,1,0,1,0,0,0,0,0,urgency|financial_request,No genuine bank charges processing fees before loan disbursement. Verify through official channels.
ASVD_002784,"Mere paas private messages hai. Agar spouse aur colleagues ko nahi dikhana toh Rs 50,000 bhejo. Kal subah tak.",SCAM,Blackmail,CRITICAL,1,0,1,0,0,1,1,1,urgency|financial_request|emotional_manipulation|secrecy|threat,Do not pay. Report to Cyber Crime helpline 1930 and local police station immediately.
ASVD_000734,"Cheque book khatam ho gayi hai. Naya issue kar dijiye please. Next week tak chahiye. Chalo, milte hain.",SAFE,None,LOW,0,0,0,0,0,0,0,0,none,No action required. This appears to be a normal conversation.
ASVD_000034,"Ek minute, beta ki parent-teacher meeting hai Friday ko. 3 baje jaana hai school. Tum aa sakte ho? Done.",SAFE,None,LOW,0,0,0,0,0,0,0,0,none,No action required. This appears to be a normal conversation.
ASVD_003370,"Hello, PM Yojana ke under Rs 1 lakh milega. Aap eligible hain. Rs 2,000 service charges do. One-time fee hai.",SCAM,Financial Manipulation,MEDIUM,1,0,1,0,0,0,1,0,urgency|financial_request|emotional_manipulation,No legitimate organization asks for fees to release refunds. Verify through official channels.
ASVD_003604,Yeh Axis Bank ka IT head hai. new RBI guidelines ke according update chahiye. Card number aur CVV chahiye security update ke liye.,SCAM,PIN/Credential Scam,HIGH,1,1,0,0,1,0,0,0,urgency|authority_impersonation|credential_request,"Banks never ask for PIN, CVV, or passwords over phone. Never share these with anyone."
ASVD_001144,"Waise, shirt return ki jo last week khareedt thi. Refund 5-7 business days mein aayega.",SAFE,None,LOW,0,0,0,0,0,0,0,0,none,No action required. This appears to be a normal conversation.
ASVD_001790,We are system admin from SBI. your card has been flagged. Share your net banking credentials for verification.,SCAM,PIN/Credential Scam,HIGH,1,1,0,0,1,0,0,0,urgency|authority_impersonation|credential_request,"Banks never ask for PIN, CVV, or passwords over phone. Never share these with anyone."
ASVD_003763,"Namaste, main customer care hoon. refund process ho raha hai. Aapke Flipkart pe jo OTP aaya hai wo bata dijiye. 5 minute mein expire ho jayega.",SCAM,OTP Scam,HIGH,1,0,0,1,0,0,0,0,urgency|otp_request,Never share OTP with anyone. OTPs are for your personal transactions only.
ASVD_001641,"Bas, debit card expire hone wala hai. Naya kab milega? Automatic renewal hai kya? Dekh lenge.",SAFE,None,LOW,0,0,0,0,0,0,0,0,none,No action required. This appears to be a normal conversation.
ASVD_001421,"Jaldi karo please, brother bol raha hoon. hospital mein hoon. Mujhe 75,000 chahiye abhi ke abhi. Papa ko mat bolna.",SCAM,Family Impersonation,HIGH,1,0,1,0,0,0,1,1,urgency|financial_request|emotional_manipulation|secrecy,Verify the caller through an independent communication channel before transferring money.
ASVD_002409,"Waise, good morning. Client meeting 3 PM reschedule ho gayi hai. Calendar update kar lena.",SAFE,None,LOW,0,0,0,0,0,0,0,0,none,No action required. This appears to be a normal conversation.
ASVD_001553,"banned substances wala courier customs ne pakda hai. Aapke naam pe hai. Rs 25,000 jama karein clearance ke liye. Urgent hai.",SCAM,Fake Parcel/Customs Scam,CRITICAL,1,1,1,0,0,1,0,0,urgency|financial_request|authority_impersonation|threat,No customs or courier service demands payment over phone. Verify through official channels.
ASVD_000183,"Hum jaante hain tum kaun ho. we hacked your webcam. 24 ghante mein Rs 2,00,000 bhejo warna sab contacts ko bhej denge.",SCAM,Extortion,CRITICAL,1,0,1,0,0,1,1,1,urgency|financial_request|emotional_manipulation|secrecy|threat,Do not pay. Report to Cyber Crime helpline 1930 and local police station immediately.
ASVD_000495,"Congratulations! crypto trading opportunity mein invest karein sirf Rs 1,00,000. Guaranteed 300% return 3 mahine mein. Aaj hi join karein.",SCAM,Investment Scam,HIGH,1,0,1,0,0,0,1,0,urgency|financial_request|emotional_manipulation,Verify investments through SEBI registered channels. No legitimate investment guarantees fixed returns.
ASVD_001280,"Official notice from RBI. aapke PAN card pe tax evasion flagged hai. Transfer Rs 1,00,000 as compliance fee within 3 hours.",SCAM,Government Impersonation,CRITICAL,1,1,1,0,0,1,0,1,urgency|financial_request|secrecy|authority_impersonation|threat,No government agency demands payment over phone. Contact the department through official channels.
ASVD_002015,"Tumhara daughter mere kabze mein hai. Agar zinda dekhna chahte ho toh turant Rs 50,000 bhej do. Koi chalaaki mat karna.",SCAM,Kidnapping & Extortion Threat,CRITICAL,1,0,1,0,0,1,1,1,urgency|financial_request|emotional_manipulation|secrecy|threat,Do not transfer money. Immediately report the extortion/kidnapping threat to the local Police and Cyber Crime helpline 1930.
ASVD_000720,"Hello, aapka resume dekha. YouTube video liking ka opening hai. Rs 4,999 training kit fee do. Start earning from tomorrow.",SCAM,Job Scam,MEDIUM,1,0,1,0,0,0,0,0,urgency|financial_request,Legitimate employers never ask for money upfront. Verify through the company's official website.
ASVD_003773,"Bhai Ankita bol raha hoon. Meri wallet gir gaya. Kya tu Rs 15,000 bhej sakta hai? Wapas kar dunga. Secret rakh.",SCAM,Friend Impersonation,HIGH,1,0,1,0,0,0,1,1,urgency|financial_request|emotional_manipulation|secrecy,Contact the person directly using a known phone number to verify their identity.
ASVD_000369,"Good news! Rs 10,000 cashback reward pending hai. Claim karne ke liye Rs 3,000 processing fee do. Full amount 48 ghante mein milega.",SCAM,Financial Manipulation,MEDIUM,1,0,1,0,0,0,1,0,urgency|financial_request|emotional_manipulation,No legitimate organization asks for fees to release refunds. Verify through official channels.
ASVD_002714,Bank se call aayi thi account statement ke baare mein. Branch se collect karna hai. Baad mein baat karte hain.,SAFE,None,LOW,0,0,0,0,0,0,0,0,none,No action required. This appears to be a normal conversation.
ASVD_002531,Yeh Axis Bank ka compliance team hai. card renewal ke liye. Card number aur CVV chahiye security update ke liye.,SCAM,PIN/Credential Scam,HIGH,1,1,0,0,1,0,0,0,urgency|authority_impersonation|credential_request,"Banks never ask for PIN, CVV, or passwords over phone. Never share these with anyone."
ASVD_002456,"Kirana wale ka hisaab karna hai. Rs 4,500 baaki hai. UPI se bhej deti hoon.",SAFE,None,LOW,0,0,0,0,0,0,0,0,none,No action required. This appears to be a normal conversation.
ASVD_001598,"Bhai mujhe Rs 5,00,000 ki jarurat hai argent chahiye warna bahut marunga. Maine tumhare child ko kidnap kar liya hai.",SCAM,Kidnapping & Extortion Threat,CRITICAL,1,0,1,0,0,1,1,1,urgency|financial_request|emotional_manipulation|secrecy|threat,Do not transfer money. Immediately report the extortion/kidnapping threat to the local Police and Cyber Crime helpline 1930.
ASVD_001026,"Congratulations! government-backed scheme mein invest karein sirf Rs 10,000. Guaranteed 300% return 3 mahine mein. Aaj hi join karein.",SCAM,Investment Scam,HIGH,1,0,1,0,0,0,1,0,urgency|financial_request|emotional_manipulation,Verify investments through SEBI registered channels. No legitimate investment guarantees fixed returns.
ASVD_001047,"Pay attention. personal photos hai hamare paas aur jaante hain kahan kaam karte ho. Rs 3,00,000 do. Warna share.",SCAM,Blackmail,CRITICAL,1,0,1,0,0,1,1,1,urgency|financial_request|emotional_manipulation|secrecy|threat,Do not pay. Report to Cyber Crime helpline 1930 and local police station immediately.
ASVD_003612,"Achha, fixed deposit mature ho gayi hai. Renew karni hai ya amount withdraw karna hai?",SAFE,None,LOW,0,0,0,0,0,0,0,0,none,No action required. This appears to be a normal conversation.
ASVD_000947,"Yeh RBI ka officer bol raha hai. your Aadhaar is used in illegal activities. Aapko Rs 25,000 dena hoga nahi toh arrest warrant issue hoga.",SCAM,Government Impersonation,CRITICAL,1,1,1,0,0,1,0,1,urgency|financial_request|secrecy|authority_impersonation|threat,No government agency demands payment over phone. Contact the department through official channels.
ASVD_004007,"Tum jaante ho kya hoga agar compromising information hai tumhari. Rs 1,00,000 de do aur sab khatam. Warna consequences face karo.",SCAM,Extortion,CRITICAL,1,0,1,0,0,1,1,1,urgency|financial_request|emotional_manipulation|secrecy|threat,Do not pay. Report to Cyber Crime helpline 1930 and local police station immediately.
ASVD_004106,Pados mein ambulance aayi thi. Aunty ji ko hospital le gaye. Unke bete ko inform kar diya. Ok bye.,SAFE,None,LOW,0,0,0,0,0,0,0,0,none,No action required. This appears to be a normal conversation.
ASVD_000287,"Haan, weekend pe deployment hai. Saturday raat ko 11 baje se start karenge. Tum available ho? Take care.",SAFE,None,LOW,0,0,0,0,0,0,0,0,none,No action required. This appears to be a normal conversation.
ASVD_001108,"Dear customer, business loan Rs 1,00,000 sanctioned. Rs 15,000 GST aur fee jama karein. Amount aaj credit hoga.",SCAM,Loan Scam,MEDIUM,1,0,1,0,0,0,0,0,urgency|financial_request,No genuine bank charges processing fees before loan disbursement. Verify through official channels.
ASVD_000861,We are system admin from HDFC Bank. your card has been flagged. Share your net banking credentials for verification.,SCAM,PIN/Credential Scam,HIGH,1,1,0,0,1,0,0,0,urgency|authority_impersonation|credential_request,"Banks never ask for PIN, CVV, or passwords over phone. Never share these with anyone."
ASVD_003956,"Warning: banned substances wala courier under investigation hai. Aapka Aadhaar linked hai. Rs 15,000 do warna passport cancel.",SCAM,Fake Parcel/Customs Scam,CRITICAL,1,1,1,0,0,1,0,0,urgency|financial_request|authority_impersonation|threat,No customs or courier service demands payment over phone. Verify through official channels.
ASVD_000327,"Instant personal loan Rs 1,00,000 at 2% interest. No documents. Pre-approved. Processing fee Rs 8,000. Aaj hi valid.",SCAM,Loan Scam,MEDIUM,1,0,1,0,0,0,0,0,urgency|financial_request,No genuine bank charges processing fees before loan disbursement. Verify through official channels.
ASVD_003231,"Haan, phone order kiya hai online, kal aayega. Delivery person call karega pehle.",SAFE,None,LOW,0,0,0,0,0,0,0,0,none,No action required. This appears to be a normal conversation.
ASVD_003206,"Hum jaante hain tum kaun ho. tumhari private photos aur videos hain hamare paas. 24 ghante mein Rs 2,00,000 bhejo warna sab contacts ko bhej denge.",SCAM,Extortion,CRITICAL,1,0,1,0,0,1,1,1,urgency|financial_request|emotional_manipulation|secrecy|threat,Do not pay. Report to Cyber Crime helpline 1930 and local police station immediately.
ASVD_000822,"Courier company se bol rahe hain. illegal drugs wala parcel border pe roka gaya. Aapki ID thi. Rs 25,000 customs duty do.",SCAM,Fake Parcel/Customs Scam,CRITICAL,1,1,1,0,0,1,0,0,urgency|financial_request|authority_impersonation|threat,No customs or courier service demands payment over phone. Verify through official channels.
ASVD_001643,"Listen carefully, we have kidnapped your bhai. Send 5,00,000 right now or face the consequences. Keep this secret.",SCAM,Kidnapping & Extortion Threat,CRITICAL,1,0,1,0,0,1,1,1,urgency|financial_request|emotional_manipulation|secrecy|threat,Do not transfer money. Immediately report the extortion/kidnapping threat to the local Police and Cyber Crime helpline 1930.
ASVD_000726,"Oh, concert ke tickets aaye hain! Rs 2,500 each. Do book karoon? Jaldi bata, sell ho jayenge. Sab theek hai.",SAFE,None,LOW,0,0,0,0,0,0,0,0,none,No action required. This appears to be a normal conversation.
ASVD_001985,"Arre, pAN card aaya hai mail mein. Ab fixed deposit account khol sakti hoon. Chal, bye.",SAFE,None,LOW,0,0,0,0,0,0,0,0,none,No action required. This appears to be a normal conversation.
ASVD_002001,"Sunno, fixed deposit scheme ke baare mein message aaya tha. Interest rates bata dijiye. Chalo, milte hain.",SAFE,None,LOW,0,0,0,0,0,0,0,0,none,No action required. This appears to be a normal conversation.
ASVD_002839,"Pay attention. private messages hai hamare paas aur jaante hain kahan kaam karte ho. Rs 25,000 do. Warna share.",SCAM,Blackmail,CRITICAL,1,0,1,0,0,1,1,1,urgency|financial_request|emotional_manipulation|secrecy|threat,Do not pay. Report to Cyber Crime helpline 1930 and local police station immediately.
ASVD_004172,"we hacked your webcam. Tumhare employer ko bhi bhejenge. Rs 50,000 jama karo aaj raat tak. Final hai yeh.",SCAM,Extortion,CRITICAL,1,0,1,0,0,1,1,1,urgency|financial_request|emotional_manipulation|secrecy|threat,Do not pay. Report to Cyber Crime helpline 1930 and local police station immediately.
ASVD_000313,Beti ke liye savings account kholna hai. Abhi 18 saal ki hui hai. Kya schemes hain?,SAFE,None,LOW,0,0,0,0,0,0,0,0,none,No action required. This appears to be a normal conversation.
ASVD_003055,"Maine kidnap kar liya hai tumhare beti ko. Urgent Rs 10,00,000 chahiye. Police ke paas gaye toh jaan se haath dho baithoge.",SCAM,Kidnapping & Extortion Threat,CRITICAL,1,0,1,0,0,1,1,1,urgency|financial_request|emotional_manipulation|secrecy|threat,Do not transfer money. Immediately report the extortion/kidnapping threat to the local Police and Cyber Crime helpline 1930.
ASVD_000606,"Pata hai, bank se call aayi thi account statement ke baare mein. Branch se collect karna hai.",SAFE,None,LOW,0,0,0,0,0,0,0,0,none,No action required. This appears to be a normal conversation.
ASVD_003410,"Nani ke liye medicine order kiya hai online. Kal tak aa jayegi. Unka BP normal hai ab. Chal, bye.",SAFE,None,LOW,0,0,0,0,0,0,0,0,none,No action required. This appears to be a normal conversation.
ASVD_001294,"We have obtained dating app profile. Sab contacts ko bhej denge agar Rs 25,000 nahi mile. Serious hain hum.",SCAM,Blackmail,CRITICAL,1,0,1,0,0,1,1,1,urgency|financial_request|emotional_manipulation|secrecy|threat,Do not pay. Report to Cyber Crime helpline 1930 and local police station immediately.
ASVD_004028,"Bas, promotion mil gayi! Weekend pe dinner treat karunga. Restaurant tum choose karo. Theek hai na?",SAFE,None,LOW,0,0,0,0,0,0,0,0,none,No action required. This appears to be a normal conversation.
ASVD_003152,"Btw, beta ki parent-teacher meeting hai Friday ko. 3 baje jaana hai school. Tum aa sakte ho?",SAFE,None,LOW,0,0,0,0,0,0,0,0,none,No action required. This appears to be a normal conversation.
ASVD_001745,"Oh, testing server ke login credentials share kar do. Aaj kuch tests run karne hain. Sab theek hai.",SAFE,None,LOW,0,0,0,0,0,0,0,0,none,No action required. This appears to be a normal conversation.
ASVD_003729,"Arre, friday tak timesheets submit kar do. Finance ko urgently chahiye monthly payroll ke liye.",SAFE,None,LOW,0,0,0,0,0,0,0,0,none,No action required. This appears to be a normal conversation.
ASVD_001968,"Listen carefully, we have kidnapped your daughter. Send 500000 right now or face the consequences. Keep this secret.",SCAM,Kidnapping & Extortion Threat,CRITICAL,1,0,1,0,0,1,1,1,urgency|financial_request|emotional_manipulation|secrecy|threat,Do not transfer money. Immediately report the extortion/kidnapping threat to the local Police and Cyber Crime helpline 1930.
ASVD_002844,"Congratulations! data entry from home ke liye select hue hain. Salary Rs 25,000-50,000 per month. Registration fee Rs 499 do.",SCAM,Job Scam,MEDIUM,1,0,1,0,0,0,0,0,urgency|financial_request,Legitimate employers never ask for money upfront. Verify through the company's official website.
ASVD_000215,"Maine kidnap kar liya hai tumhare family member ko. Urgent Rs 50,000 chahiye. Police ke paas gaye toh jaan se haath dho baithoge.",SCAM,Kidnapping & Extortion Threat,CRITICAL,1,0,1,0,0,1,1,1,urgency|financial_request|emotional_manipulation|secrecy|threat,Do not transfer money. Immediately report the extortion/kidnapping threat to the local Police and Cyber Crime helpline 1930.
ASVD_001616,Beta ki parent-teacher meeting hai Friday ko. 3 baje jaana hai school. Tum aa sakte ho? Done.,SAFE,None,LOW,0,0,0,0,0,0,0,0,none,No action required. This appears to be a normal conversation.
ASVD_000370,"Tum jaante ho kya hoga agar we hacked your webcam. Rs 2,00,000 de do aur sab khatam. Warna consequences face karo.",SCAM,Extortion,CRITICAL,1,0,1,0,0,1,1,1,urgency|financial_request|emotional_manipulation|secrecy|threat,Do not pay. Report to Cyber Crime helpline 1930 and local police station immediately.
ASVD_003508,"Please mat ghabraiye. your mother ka surgery zaruri hai hua hai. Unke colleague bol rahe hain. Rs 75,000 bhejiye. Jaldi.",SCAM,Emergency Money Scam,HIGH,1,0,1,0,0,0,1,1,urgency|financial_request|emotional_manipulation|secrecy,Verify the emergency by contacting the person or hospital directly through known numbers.
ASVD_003840,"Pre-approved business loan Rs 2,00,000. Rs 15,000 jama karein turant. Offer sirf aaj ke liye hai.",SCAM,Loan Scam,MEDIUM,1,0,1,0,0,0,0,0,urgency|financial_request,No genuine bank charges processing fees before loan disbursement. Verify through official channels.
ASVD_003285,"Yeh Customs Department ka officer bol raha hai. aapki tax return mein discrepancy hai. Aapko Rs 50,000 dena hoga nahi toh arrest warrant issue hoga.",SCAM,Government Impersonation,CRITICAL,1,1,1,0,0,1,0,1,urgency|financial_request|secrecy|authority_impersonation|threat,No government agency demands payment over phone. Contact the department through official channels.
ASVD_002875,"Attention! Inspector Sharma speaking. criminal complaint file hua hai. Court order ke mutabik Rs 1,00,000 jama karna hoga. Non-compliance means jail.",SCAM,Police Impersonation,CRITICAL,1,1,1,0,0,1,0,1,urgency|financial_request|secrecy|authority_impersonation|threat,Hang up and contact the local police station directly. Real police never demand money over phone.
ASVD_000959,"Haan, ration ki dukaan pe aaj chaawal aur dal mila. Line mein 30 minute lage.",SAFE,None,LOW,0,0,0,0,0,0,0,0,none,No action required. This appears to be a normal conversation.
ASVD_003588,"Urgent: a close relative danger mein hai. ghar mein aag lag gayi situation hai. Rs 50,000 turant transfer karein 9191919191 pe.",SCAM,Emergency Money Scam,HIGH,1,0,1,0,0,0,1,1,urgency|financial_request|emotional_manipulation|secrecy,Verify the emergency by contacting the person or hospital directly through known numbers.
ASVD_001205,"Btw, property registration ke liye stamp duty kitni lagegi? 3 BHK flat hai. Baad mein baat karte hain.",SAFE,None,LOW,0,0,0,0,0,0,0,0,none,No action required. This appears to be a normal conversation.
ASVD_003646,"Tumhara bhai mere kabze mein hai. Agar zinda dekhna chahte ho toh turant Rs 2,00,000 bhej do. Koi chalaaki mat karna.",SCAM,Kidnapping & Extortion Threat,CRITICAL,1,0,1,0,0,1,1,1,urgency|financial_request|emotional_manipulation|secrecy|threat,Do not transfer money. Immediately report the extortion/kidnapping threat to the local Police and Cyber Crime helpline 1930.
ASVD_000562,"Aapka business loan Rs 20,00,000 pre-approved hai. Rs 8,000 insurance aur processing fee bhejein. Loan 24 ghante mein.",SCAM,Loan Scam,MEDIUM,1,0,1,0,0,0,0,0,urgency|financial_request,No genuine bank charges processing fees before loan disbursement. Verify through official channels.
ASVD_001679,"Achha, standup meeting 10 AM pe hai daily ab. Timing change hua hai, pehle 9:30 tha. Theek hai na?",SAFE,None,LOW,0,0,0,0,0,0,0,0,none,No action required. This appears to be a normal conversation.
ASVD_000549,"Btw, kal ka exam kaisa gaya? Mera toh theek thak hua. Paper lamba tha bahut.",SAFE,None,LOW,0,0,0,0,0,0,0,0,none,No action required. This appears to be a normal conversation.
ASVD_001930,"It's me, your cousin. I had an accident and I need Rs 50,000 urgently. Please transfer now. Don't tell anyone.",SCAM,Family Impersonation,HIGH,1,0,1,0,0,0,1,1,urgency|financial_request|emotional_manipulation|secrecy,Verify the caller through an independent communication channel before transferring money.
ASVD_002290,"Ek minute, laptop ki warranty next month expire ho rahi hai. Extended warranty leni chahiye? Zyada tension mat le.",SAFE,None,LOW,0,0,0,0,0,0,0,0,none,No action required. This appears to be a normal conversation.
ASVD_003825,fraud prevention officer here from ICICI Bank IT department. unknown device se login detect hua. We need your login credentials immediately.,SCAM,PIN/Credential Scam,HIGH,1,1,0,0,1,0,0,0,urgency|authority_impersonation|credential_request,"Banks never ask for PIN, CVV, or passwords over phone. Never share these with anyone."
ASVD_001735,"Haan, store pe hoon. Refrigerator pe achha offer hai. Samsung loon ya LG? Budget Rs 30,000. Koi baat nahi.",SAFE,None,LOW,0,0,0,0,0,0,0,0,none,No action required. This appears to be a normal conversation.
ASVD_002770,"Yeh customs department se official call hai. contraband shipment aapke address pe register hai. Rs 1,00,000 fine bharo.",SCAM,Fake Parcel/Customs Scam,CRITICAL,1,1,1,0,0,1,0,0,urgency|financial_request|authority_impersonation|threat,No customs or courier service demands payment over phone. Verify through official channels.
ASVD_002673,"This is ACP sahab from Cyber Crime Department. aapki identity fraud mein use hui hai. Pay Rs 5,00,000 immediately or face arrest. Do not disconnect.",SCAM,Police Impersonation,CRITICAL,1,1,1,0,0,1,0,1,urgency|financial_request|secrecy|authority_impersonation|threat,Hang up and contact the local police station directly. Real police never demand money over phone.
ASVD_003808,"Please mat ghabraiye. aapke husband ka bahut bura accident hua hai. Unke colleague bol rahe hain. Rs 75,000 bhejiye. Jaldi.",SCAM,Emergency Money Scam,HIGH,1,0,1,0,0,0,1,1,urgency|financial_request|emotional_manipulation|secrecy,Verify the emergency by contacting the person or hospital directly through known numbers.
ASVD_003591,"Standup meeting 10 AM pe hai daily ab. Timing change hua hai, pehle 9:30 tha.",SAFE,None,LOW,0,0,0,0,0,0,0,0,none,No action required. This appears to be a normal conversation.
ASVD_003380,Mobile number update karna hai bank account mein. Kya process hai? Baad mein baat karte hain.,SAFE,None,LOW,0,0,0,0,0,0,0,0,none,No action required. This appears to be a normal conversation.
ASVD_001319,technical support se call hai. payment gateway se verification hai. Aapke number pe ek verification code aaya hoga. Please share karein.,SCAM,OTP Scam,HIGH,1,0,0,1,0,0,0,0,urgency|otp_request,Never share OTP with anyone. OTPs are for your personal transactions only.
ASVD_003248,"Yeh tumhari last chance hai. tumhari private photos aur videos hain hamare paas. Rs 50,000 do warna social media pe sab expose karenge. 6 ghante hain.",SCAM,Extortion,CRITICAL,1,0,1,0,0,1,1,1,urgency|financial_request|emotional_manipulation|secrecy|threat,Do not pay. Report to Cyber Crime helpline 1930 and local police station immediately.
ASVD_000437,"Hi mummy, main office pahunch gayi. Traffic bahut tha aaj. 7 baje tak aa jaungi ghar.",SAFE,None,LOW,0,0,0,0,0,0,0,0,none,No action required. This appears to be a normal conversation.
ASVD_000965,Chhotu ka result aa gaya. Bahut achhe marks aaye hain. Party rakhte hain weekend pe. Ok bye.,SAFE,None,LOW,0,0,0,0,0,0,0,0,none,No action required. This appears to be a normal conversation.
ASVD_003567,"Waise, kirana wale ka hisaab karna hai. Rs 4,500 baaki hai. UPI se bhej deti hoon. Ok bye.",SAFE,None,LOW,0,0,0,0,0,0,0,0,none,No action required. This appears to be a normal conversation.
ASVD_001034,"Help me please. I am your sister. I police ne pakda. Send 50,000 to this account urgently. I'll explain later.",SCAM,Family Impersonation,HIGH,1,0,1,0,0,0,1,1,urgency|financial_request|emotional_manipulation|secrecy,Verify the caller through an independent communication channel before transferring money.
ASVD_000367,"BigBasket se monthly grocery order kar diya hai. Kal morning slot mein aayega. Chal, bye.",SAFE,None,LOW,0,0,0,0,0,0,0,0,none,No action required. This appears to be a normal conversation.
ASVD_001673,"mutual fund with 40% returns se log crorepati ban rahe hain. Rs 25,000 se shuru karein. No risk. Money back guarantee. Act now.",SCAM,Investment Scam,HIGH,1,0,1,0,0,0,1,0,urgency|financial_request|emotional_manipulation,Verify investments through SEBI registered channels. No legitimate investment guarantees fixed returns.
ASVD_001203,"Aur haan, phone order kiya hai online, kal aayega. Delivery person call karega pehle. Take care.",SAFE,None,LOW,0,0,0,0,0,0,0,0,none,No action required. This appears to be a normal conversation.
ASVD_002602,"Waise, bank se call aayi thi account statement ke baare mein. Branch se collect karna hai. Take care.",SAFE,None,LOW,0,0,0,0,0,0,0,0,none,No action required. This appears to be a normal conversation.
ASVD_004089,"Listen carefully. we recorded your screen activity. Pay Rs 5,00,000 within 12 hours or we publish everything online.",SCAM,Extortion,CRITICAL,1,0,1,0,0,1,1,1,urgency|financial_request|emotional_manipulation|secrecy|threat,Do not pay. Report to Cyber Crime helpline 1930 and local police station immediately.
ASVD_000557,"Customs Department ki taraf se automated message. aapka mobile number 24 ghante mein disconnect hoga. Rs 50,000 settlement jama karein. Kal tak ka waqt hai.",SCAM,Government Impersonation,CRITICAL,1,1,1,0,0,1,0,1,urgency|financial_request|secrecy|authority_impersonation|threat,No government agency demands payment over phone. Contact the department through official channels.
ASVD_003025,"This is a serious matter. I am Senior Inspector. aapka account money laundering mein involved hai. Immediately transfer Rs 1,50,000 or officers will come to your house.",SCAM,Police Impersonation,CRITICAL,1,1,1,0,0,1,0,1,urgency|financial_request|secrecy|authority_impersonation|threat,Hang up and contact the local police station directly. Real police never demand money over phone.
ASVD_001806,"income tax refund pending hai aapka. Rs 2,000 pay karein aur paise le jayein. Yeh genuine government scheme hai.",SCAM,Financial Manipulation,MEDIUM,1,0,1,0,0,0,1,0,urgency|financial_request|emotional_manipulation,No legitimate organization asks for fees to release refunds. Verify through official channels.
ASVD_002577,"tumhari private photos aur videos hain hamare paas. Tumhare employer ko bhi bhejenge. Rs 5,00,000 jama karo aaj raat tak. Final hai yeh.",SCAM,Extortion,CRITICAL,1,0,1,0,0,1,1,1,urgency|financial_request|emotional_manipulation|secrecy|threat,Do not pay. Report to Cyber Crime helpline 1930 and local police station immediately.
ASVD_001893,Kotak Bank se important call. your debit card is compromised. Card ke peeche ka CVV aur OTP batayein to block suspicious activity.,SCAM,Bank Fraud,CRITICAL,1,1,0,1,1,1,0,0,urgency|authority_impersonation|otp_request|credential_request|threat,"Never share OTP, PIN, or passwords. Call your bank's official helpline number printed on your card."
ASVD_000960,Highway pe minor car accident hua. Koi hurt nahi hai. Insurance company ko inform kar diya.,SAFE,None,LOW,0,0,0,0,0,0,0,0,none,No action required. This appears to be a normal conversation.
ASVD_002026,security officer here from ICICI Bank IT department. your card has been flagged. We need your login credentials immediately.,SCAM,PIN/Credential Scam,HIGH,1,1,0,0,1,0,0,0,urgency|authority_impersonation|credential_request,"Banks never ask for PIN, CVV, or passwords over phone. Never share these with anyone."
ASVD_001330,Maine kidnap kar liya hai tumhare family member ko. Urgent Rs 500000 chahiye. Police ke paas gaye toh jaan se haath dho baithoge.,SCAM,Kidnapping & Extortion Threat,CRITICAL,1,0,1,0,0,1,1,1,urgency|financial_request|emotional_manipulation|secrecy|threat,Do not transfer money. Immediately report the extortion/kidnapping threat to the local Police and Cyber Crime helpline 1930.
ASVD_004031,"I am Cyber Cell Officer. A warrant has been issued. aapki identity fraud mein use hui hai. Transfer Rs 2,00,000 as security deposit to close the case.",SCAM,Police Impersonation,CRITICAL,1,1,1,0,0,1,0,1,urgency|financial_request|secrecy|authority_impersonation|threat,Hang up and contact the local police station directly. Real police never demand money over phone.
ASVD_002860,"Pay attention. browsing history hai hamare paas aur jaante hain kahan kaam karte ho. Rs 25,000 do. Warna share.",SCAM,Blackmail,CRITICAL,1,0,1,0,0,1,1,1,urgency|financial_request|emotional_manipulation|secrecy|threat,Do not pay. Report to Cyber Crime helpline 1930 and local police station immediately.
ASVD_001039,"Dear candidate, part-time typing vacancy available. Pay Rs 4,999 for onboarding. Start earning immediately. Hurry up.",SCAM,Job Scam,MEDIUM,1,0,1,0,0,0,0,0,urgency|financial_request,Legitimate employers never ask for money upfront. Verify through the company's official website.
ASVD_000463,"Final notice. suspicious contents wala package authorities ke paas hai. Rs 1,00,000 verification fee do warna police aayegi aaj.",SCAM,Fake Parcel/Customs Scam,CRITICAL,1,1,1,0,0,1,0,0,urgency|financial_request|authority_impersonation|threat,No customs or courier service demands payment over phone. Verify through official channels.
ASVD_002310,"Hello, aapka beta ka ghar mein aag lag gayi hua hai. Unhone kaha aapko call karein. Rs 20,000 chahiye turant treatment ke liye.",SCAM,Emergency Money Scam,HIGH,1,0,1,0,0,0,1,1,urgency|financial_request|emotional_manipulation|secrecy,Verify the emergency by contacting the person or hospital directly through known numbers.
ASVD_000580,"Sunno, park mein gir gayi, pair mein halka moch aaya hai. Ice laga rahi hoon. Aane ki zaroorat nahi. Phir batati hoon.",SAFE,None,LOW,0,0,0,0,0,0,0,0,none,No action required. This appears to be a normal conversation.
ASVD_002160,HDFC Bank se verification call. KYC update mandatory hai. Internet banking user ID aur password dijiye.,SCAM,PIN/Credential Scam,HIGH,1,1,0,0,1,0,0,0,urgency|authority_impersonation|credential_request,"Banks never ask for PIN, CVV, or passwords over phone. Never share these with anyone."
ASVD_000766,"Arre, ghar ka bijli ka bill aaya hai Rs 3,500. Online pay kar deti hoon aaj raat ko.",SAFE,None,LOW,0,0,0,0,0,0,0,0,none,No action required. This appears to be a normal conversation.
ASVD_002542,"Bro, it's Sneha. I wallet gir gaya. Can you send Rs 10,000 to 9123456780? I'll pay back. Don't tell anyone.",SCAM,Friend Impersonation,HIGH,1,0,1,0,0,0,1,1,urgency|financial_request|emotional_manipulation|secrecy,Contact the person directly using a known phone number to verify their identity.
ASVD_000799,"Hello, your mother ka medical emergency hua hai. Unhone kaha aapko call karein. Rs 1,00,000 chahiye turant treatment ke liye.",SCAM,Emergency Money Scam,HIGH,1,0,1,0,0,0,1,1,urgency|financial_request|emotional_manipulation|secrecy,Verify the emergency by contacting the person or hospital directly through known numbers.
ASVD_001356,"Ek minute, credit card statement mein ek charge nahi samajh aa raha. Investigate kar sakte hain? Baad mein baat karte hain.",SAFE,None,LOW,0,0,0,0,0,0,0,0,none,No action required. This appears to be a normal conversation.
ASVD_000188,"Bacchon ke school supplies khareedne hain. Notebooks, pens, aur naya school bag. Bata dena.",SAFE,None,LOW,0,0,0,0,0,0,0,0,none,No action required. This appears to be a normal conversation.
ASVD_002259,"Dear candidate, copy paste job vacancy available. Pay Rs 1,499 for onboarding. Start earning immediately. Hurry up.",SCAM,Job Scam,MEDIUM,1,0,1,0,0,0,0,0,urgency|financial_request,Legitimate employers never ask for money upfront. Verify through the company's official website.
ASVD_003193,"Hello, exclusive real estate deal ka exclusive offer hai. Rs 1,00,000 lagayein, paise double honge 45 din mein. Limited seats.",SCAM,Investment Scam,HIGH,1,0,1,0,0,0,1,0,urgency|financial_request|emotional_manipulation,Verify investments through SEBI registered channels. No legitimate investment guarantees fixed returns.
ASVD_002778,Fixed deposit scheme ke baare mein message aaya tha. Interest rates bata dijiye.,SAFE,None,LOW,0,0,0,0,0,0,0,0,none,No action required. This appears to be a normal conversation.
ASVD_002334,"Pata hai, happy birthday! Maine cake order kiya hai. 5 baje tak aa jayega. Poora family aa raha hai raat ko.",SAFE,None,LOW,0,0,0,0,0,0,0,0,none,No action required. This appears to be a normal conversation.
ASVD_002031,"Yaar, main Neha bol raha hoon. am stuck without money. Rs 25,000 chahiye urgently. Baad mein lautaunga. Please group mein mat bolna.",SCAM,Friend Impersonation,HIGH,1,0,1,0,0,0,1,1,urgency|financial_request|emotional_manipulation|secrecy,Contact the person directly using a known phone number to verify their identity.
ASVD_001326,"Papa, school ki fee next week due hai. Rs 15,000 hai is semester. School account mein bhej dena. Baad mein baat karte hain.",SAFE,None,LOW,0,0,0,0,0,0,0,0,none,No action required. This appears to be a normal conversation.
ASVD_004131,Yeh Axis Bank security department hai. your debit card is compromised. OTP batayein 10 minute mein warna account permanently lock ho jayega.,SCAM,Bank Fraud,CRITICAL,1,1,0,1,1,1,0,0,urgency|authority_impersonation|otp_request|credential_request|threat,"Never share OTP, PIN, or passwords. Call your bank's official helpline number printed on your card."
ASVD_002777,"Yeh mazaak nahi hai. browsing history hai mere paas. Rs 1,00,000 Google Pay ya PhonePe se bhejo 24 ghante mein.",SCAM,Blackmail,CRITICAL,1,0,1,0,0,1,1,1,urgency|financial_request|emotional_manipulation|secrecy|threat,Do not pay. Report to Cyber Crime helpline 1930 and local police station immediately.
ASVD_004159,SBI se compliance team bol raha hai. unknown device se login detect hua. Turant ATM PIN batayein warna card block ho jayega.,SCAM,PIN/Credential Scam,HIGH,1,1,0,0,1,0,0,0,urgency|authority_impersonation|credential_request,"Banks never ask for PIN, CVV, or passwords over phone. Never share these with anyone."
ASVD_001283,"international illegal parcel customs ne pakda hai. Aapke naam pe hai. Rs 50,000 jama karein clearance ke liye. Urgent hai.",SCAM,Fake Parcel/Customs Scam,CRITICAL,1,1,1,0,0,1,0,0,urgency|financial_request|authority_impersonation|threat,No customs or courier service demands payment over phone. Verify through official channels.
ASVD_002446,Phone paani mein gir gaya par bacha liya. Abhi kaam kar raha hai. Dry karne band kar rahi hoon. Phir batati hoon.,SAFE,None,LOW,0,0,0,0,0,0,0,0,none,No action required. This appears to be a normal conversation.
ASVD_000433,"Yeh tumhari last chance hai. tumhari browsing history hai hamare paas. Rs 5,00,000 do warna social media pe sab expose karenge. 6 ghante hain.",SCAM,Extortion,CRITICAL,1,0,1,0,0,1,1,1,urgency|financial_request|emotional_manipulation|secrecy|threat,Do not pay. Report to Cyber Crime helpline 1930 and local police station immediately.
ASVD_001128,"We possess video call recordings. Pay Rs 50,000 or face public humiliation. No second chances.",SCAM,Blackmail,CRITICAL,1,0,1,0,0,1,1,1,urgency|financial_request|emotional_manipulation|secrecy|threat,Do not pay. Report to Cyber Crime helpline 1930 and local police station immediately.
ASVD_002508,"Aapke khilaf IT Act ke under case registered hai. Main Cyber Cell Officer hoon. Rs 2,00,000 jama karo verification account mein. Kisi lawyer ko mat bulao.",SCAM,Police Impersonation,CRITICAL,1,1,1,0,0,1,0,1,urgency|financial_request|secrecy|authority_impersonation|threat,Hang up and contact the local police station directly. Real police never demand money over phone.
ASVD_002607,"Yeh TRAI se call hai. aapki tax return mein discrepancy hai. Rs 2,00,000 fine bharo warna legal action hoga. 24 ghante ka time hai.",SCAM,Government Impersonation,CRITICAL,1,1,1,0,0,1,0,1,urgency|financial_request|secrecy|authority_impersonation|threat,No government agency demands payment over phone. Contact the department through official channels.
ASVD_001631,"Ek minute, project deadline ek week extend hua hai. Next Friday tak submit karna hai ab. Ok bye.",SAFE,None,LOW,0,0,0,0,0,0,0,0,none,No action required. This appears to be a normal conversation.
ASVD_000216,"Congratulations! instant loan Rs 2,00,000 ready. Sirf Rs 8,000 processing fee. Zero documentation. Apply now.",SCAM,Loan Scam,MEDIUM,1,0,1,0,0,0,0,0,urgency|financial_request,No genuine bank charges processing fees before loan disbursement. Verify through official channels.
ASVD_000225,Lift stuck ho gayi thi 10 minute ke liye. Maintenance ne fix kar diya. Main theek hoon. Ok bye.,SAFE,None,LOW,0,0,0,0,0,0,0,0,none,No action required. This appears to be a normal conversation.
ASVD_000668,"Namaste, main helpdesk hoon. account reactivation ke liye. Aapke Paytm pe jo OTP aaya hai wo bata dijiye. 5 minute mein expire ho jayega.",SCAM,OTP Scam,HIGH,1,0,0,1,0,0,0,0,urgency|otp_request,Never share OTP with anyone. OTPs are for your personal transactions only.
ASVD_000077,"Bhai Priya bol raha hoon. Meri need emergency cash. Kya tu Rs 8,000 bhej sakta hai? Wapas kar dunga. Secret rakh.",SCAM,Friend Impersonation,HIGH,1,0,1,0,0,0,1,1,urgency|financial_request|emotional_manipulation|secrecy,Contact the person directly using a known phone number to verify their identity.
ASVD_002661,"aapka beta ka serious injury ho gaya. Hospital wale Rs 35,000 maang rahe hain. Please jaldi bhejein.",SCAM,Emergency Money Scam,HIGH,1,0,1,0,0,0,1,1,urgency|financial_request|emotional_manipulation|secrecy,Verify the emergency by contacting the person or hospital directly through known numbers.
ASVD_001967,"Urgent: a close relative danger mein hai. medical emergency situation hai. Rs 20,000 turant transfer karein 9191919191 pe.",SCAM,Emergency Money Scam,HIGH,1,0,1,0,0,0,1,1,urgency|financial_request|emotional_manipulation|secrecy,Verify the emergency by contacting the person or hospital directly through known numbers.
ASVD_001866,"Main aapke dada ji ke saath hoon. Unka ghar mein aag lag gayi hua hai. Rs 50,000 chahiye turant. Please help karein.",SCAM,Emergency Money Scam,HIGH,1,0,1,0,0,0,1,1,urgency|financial_request|emotional_manipulation|secrecy,Verify the emergency by contacting the person or hospital directly through known numbers.
ASVD_000846,"I am calling from TRAI. your bank accounts will be frozen. Unless Rs 1,00,000 is paid today, your accounts will be frozen.",SCAM,Government Impersonation,CRITICAL,1,1,1,0,0,1,0,1,urgency|financial_request|secrecy|authority_impersonation|threat,No government agency demands payment over phone. Contact the department through official channels.
ASVD_001763,"Achha, credit card statement mein ek charge nahi samajh aa raha. Investigate kar sakte hain?",SAFE,None,LOW,0,0,0,0,0,0,0,0,none,No action required. This appears to be a normal conversation.
ASVD_002194,Woh restaurant yaad hai jahan gaye the? Naya menu aaya hai. Friday ko chalein? Phir batati hoon.,SAFE,None,LOW,0,0,0,0,0,0,0,0,none,No action required. This appears to be a normal conversation.
ASVD_001050,Yes Bank ka technical team bol raha hai. card renewal ke liye. ATM PIN aur net banking password share karein.,SCAM,PIN/Credential Scam,HIGH,1,1,0,0,1,0,0,0,urgency|authority_impersonation|credential_request,"Banks never ask for PIN, CVV, or passwords over phone. Never share these with anyone."
ASVD_000728,"Papa, school ki fee next week due hai. Rs 15,000 hai is semester. School account mein bhej dena. Chalo, milte hain.",SAFE,None,LOW,0,0,0,0,0,0,0,0,none,No action required. This appears to be a normal conversation.
ASVD_000632,"Final notice. illegal drugs wala parcel authorities ke paas hai. Rs 50,000 verification fee do warna police aayegi aaj.",SCAM,Fake Parcel/Customs Scam,CRITICAL,1,1,1,0,0,1,0,0,urgency|financial_request|authority_impersonation|threat,No customs or courier service demands payment over phone. Verify through official channels.
ASVD_003790,"Pata hai, birth certificate ki copy chahiye. Municipal office se milegi ya online? Sab theek hai.",SAFE,None,LOW,0,0,0,0,0,0,0,0,none,No action required. This appears to be a normal conversation.
ASVD_001155,"Hey, rs 10,000 per month recurring deposit set kiya tha. Confirm kar dijiye active hai ya nahi.",SAFE,None,LOW,0,0,0,0,0,0,0,0,none,No action required. This appears to be a normal conversation.
ASVD_003352,"Final warning. tumhari browsing history hai hamare paas. Rs 5,00,000 transfer karo. Police ko bulaya toh aur bura hoga. Hum untraceable hain.",SCAM,Extortion,CRITICAL,1,0,1,0,0,1,1,1,urgency|financial_request|emotional_manipulation|secrecy|threat,Do not pay. Report to Cyber Crime helpline 1930 and local police station immediately.
ASVD_001771,"tumhari private photos aur videos hain hamare paas. Rs 50,000 bhejo nahi toh publicly release karenge. 48 ghante ka time hai. Hum dekh rahe hain.",SCAM,Extortion,CRITICAL,1,0,1,0,0,1,1,1,urgency|financial_request|emotional_manipulation|secrecy|threat,Do not pay. Report to Cyber Crime helpline 1930 and local police station immediately.
ASVD_001186,"Dear customer, Kotak Bank se hai. unknown device se login detect hua. Apna debit card number, CVV, aur expiry date batayein abhi.",SCAM,PIN/Credential Scam,HIGH,1,1,0,0,1,0,0,0,urgency|authority_impersonation|credential_request,"Banks never ask for PIN, CVV, or passwords over phone. Never share these with anyone."
ASVD_000110,"Bas, yaar mera phone ka screen toot gaya. Koi achhi repair shop pata hai tujhe? Chalo, milte hain.",SAFE,None,LOW,0,0,0,0,0,0,0,0,none,No action required. This appears to be a normal conversation.
ASVD_003232,"Yaar please, Neha hoon. lost my wallet at station. Bahut zaroorat hai Rs 25,000 ki. Turant bhej de. Group mein mat bol.",SCAM,Friend Impersonation,HIGH,1,0,1,0,0,0,1,1,urgency|financial_request|emotional_manipulation|secrecy,Contact the person directly using a known phone number to verify their identity.
ASVD_003488,"Sir/Madam, customer care here from bank. lucky draw mein aap jeete hain. Please tell me the OTP sent to your phone.",SCAM,OTP Scam,HIGH,1,0,0,1,0,0,0,0,urgency|otp_request,Never share OTP with anyone. OTPs are for your personal transactions only.
ASVD_002983,"Concert ke tickets aaye hain! Rs 2,500 each. Do book karoon? Jaldi bata, sell ho jayenge. Done.",SAFE,None,LOW,0,0,0,0,0,0,0,0,none,No action required. This appears to be a normal conversation.
ASVD_003099,"Achha, friday se sale shuru hai. Sab 50% off hai. Shopping chalein office ke baad? Baad mein baat karte hain.",SAFE,None,LOW,0,0,0,0,0,0,0,0,none,No action required. This appears to be a normal conversation.
ASVD_002543,"Maine tumhare beti ko uthwa liya hai. 1,00,000 firauti chahiye aaj hi, warna jaan se maar dunga.",SCAM,Kidnapping & Extortion Threat,CRITICAL,1,0,1,0,0,1,1,1,urgency|financial_request|emotional_manipulation|secrecy|threat,Do not transfer money. Immediately report the extortion/kidnapping threat to the local Police and Cyber Crime helpline 1930.
ASVD_001112,"IndusInd Bank ka senior executive bol raha hai. new RBI guidelines ke according update chahiye. Card ke 16-digit number, CVV, aur PIN batayein.",SCAM,PIN/Credential Scam,HIGH,1,1,0,0,1,0,0,0,urgency|authority_impersonation|credential_request,"Banks never ask for PIN, CVV, or passwords over phone. Never share these with anyone."
ASVD_001959,"Waise, phone paani mein gir gaya par bacha liya. Abhi kaam kar raha hai. Dry karne band kar rahi hoon.",SAFE,None,LOW,0,0,0,0,0,0,0,0,none,No action required. This appears to be a normal conversation.
ASVD_002083,"Urgent from Ministry of Finance: aapke naam pe suspicious parcel hai. Rs 1,00,000 verification fee bhejiye. Nahi toh asset seizure hoga.",SCAM,Government Impersonation,CRITICAL,1,1,1,0,0,1,0,1,urgency|financial_request|secrecy|authority_impersonation|threat,No government agency demands payment over phone. Contact the department through official channels.
ASVD_004133,"Waise, server subah 30 minute down tha. IT team ne fix kar diya. Sab normal hai ab.",SAFE,None,LOW,0,0,0,0,0,0,0,0,none,No action required. This appears to be a normal conversation.
ASVD_003721,"We have everything. tumhare private messages hain. Transfer Rs 50,000 via UPI or NEFT. No police. No negotiation.",SCAM,Extortion,CRITICAL,1,0,1,0,0,1,1,1,urgency|financial_request|emotional_manipulation|secrecy|threat,Do not pay. Report to Cyber Crime helpline 1930 and local police station immediately.
ASVD_001664,"Good news! income tax refund pending hai aapka. Claim karne ke liye Rs 3,000 processing fee do. Full amount 48 ghante mein milega.",SCAM,Financial Manipulation,MEDIUM,1,0,1,0,0,0,1,0,urgency|financial_request|emotional_manipulation,No legitimate organization asks for fees to release refunds. Verify through official channels.
ASVD_000076,"Waise, hi mummy, main office pahunch gayi. Traffic bahut tha aaj. 7 baje tak aa jaungi ghar.",SAFE,None,LOW,0,0,0,0,0,0,0,0,none,No action required. This appears to be a normal conversation.
ASVD_001014,Lift stuck ho gayi thi 10 minute ke liye. Maintenance ne fix kar diya. Main theek hoon. Zyada tension mat le.,SAFE,None,LOW,0,0,0,0,0,0,0,0,none,No action required. This appears to be a normal conversation.
ASVD_000092,"Aur haan, kal half-day leave leni hai bank appointment ke liye. Subah ka kaam complete kar dunga. Zyada tension mat le.",SAFE,None,LOW,0,0,0,0,0,0,0,0,none,No action required. This appears to be a normal conversation.
ASVD_003143,"Namaste, Bank of Baroda ka fraud team bol raha hai. aapka account block hone wala hai. Turant OTP share karein account secure karne ke liye.",SCAM,Bank Fraud,CRITICAL,1,1,0,1,1,1,0,0,urgency|authority_impersonation|otp_request|credential_request|threat,"Never share OTP, PIN, or passwords. Call your bank's official helpline number printed on your card."
ASVD_001645,Uncle se baat hui. Cousin ki shaadi December mein fix hui hai. Train tickets book karni hain. Done.,SAFE,None,LOW,0,0,0,0,0,0,0,0,none,No action required. This appears to be a normal conversation.
ASVD_001285,"Instant business loan Rs 2,00,000 at 2% interest. No documents. Pre-approved. Processing fee Rs 2,000. Aaj hi valid.",SCAM,Loan Scam,MEDIUM,1,0,1,0,0,0,0,0,urgency|financial_request,No genuine bank charges processing fees before loan disbursement. Verify through official channels.
ASVD_002293,"Sunno, fixed deposit scheme ke baare mein message aaya tha. Interest rates bata dijiye. Theek hai na?",SAFE,None,LOW,0,0,0,0,0,0,0,0,none,No action required. This appears to be a normal conversation.
ASVD_000678,"Yaar please, Vikram hoon. phone chori ho gaya. Bahut zaroorat hai Rs 25,000 ki. Turant bhej de. Group mein mat bol.",SCAM,Friend Impersonation,HIGH,1,0,1,0,0,0,1,1,urgency|financial_request|emotional_manipulation|secrecy,Contact the person directly using a known phone number to verify their identity.
ASVD_002520,"Bas, bathroom mein pipe fat gaya. Plumber ko bulaya hai, aa raha hai. Main valve band kar diya. Dekh lenge.",SAFE,None,LOW,0,0,0,0,0,0,0,0,none,No action required. This appears to be a normal conversation.
ASVD_002478,"It's me, your sister. I had an accident and I need Rs 25,000 urgently. Please transfer now. Don't tell anyone.",SCAM,Family Impersonation,HIGH,1,0,1,0,0,0,1,1,urgency|financial_request|emotional_manipulation|secrecy,Verify the caller through an independent communication channel before transferring money.
ASVD_004107,"Ek minute, statement of account chahiye last 6 months ka. Email pe bhej sakte hain? Phir batati hoon.",SAFE,None,LOW,0,0,0,0,0,0,0,0,none,No action required. This appears to be a normal conversation.
ASVD_001418,"Please mat ghabraiye. your child ka medical emergency hua hai. Unke colleague bol rahe hain. Rs 75,000 bhejiye. Jaldi.",SCAM,Emergency Money Scam,HIGH,1,0,1,0,0,0,1,1,urgency|financial_request|emotional_manipulation|secrecy,Verify the emergency by contacting the person or hospital directly through known numbers.
ASVD_002383,"Dear investor, private equity fund se record profits aa rahe hain. Rs 25,000 transfer karein aaj. First payout ek hafte mein.",SCAM,Investment Scam,HIGH,1,0,1,0,0,0,1,0,urgency|financial_request|emotional_manipulation,Verify investments through SEBI registered channels. No legitimate investment guarantees fixed returns.
ASVD_003408,PNB se important call. your account is flagged for unusual activity. Card ke peeche ka CVV aur OTP batayein to block suspicious activity.,SCAM,Bank Fraud,CRITICAL,1,1,0,1,1,1,0,0,urgency|authority_impersonation|otp_request|credential_request|threat,"Never share OTP, PIN, or passwords. Call your bank's official helpline number printed on your card."
ASVD_000867,"Aur haan, statement of account chahiye last 6 months ka. Email pe bhej sakte hain?",SAFE,None,LOW,0,0,0,0,0,0,0,0,none,No action required. This appears to be a normal conversation.
ASVD_004146,Gym ke baad chai pi rahe hain kya? Woh tapri pe milte hain jo college ke paas hai. Take care.,SAFE,None,LOW,0,0,0,0,0,0,0,0,none,No action required. This appears to be a normal conversation.
